dwr_name,water,area,unit,county,species,species_raw,quantity,length_in,stock_date,source_year,dup_index,dup_total,qa_flag
ANTIMONY L EMW,Antimony Lake,Escalante Mountains,Escalante Mountains west,Garfield,Rainbows,RAINBOW,539,3.69,2003-06-12,2003,1,1,
ANTIMONY L EMW,Antimony Lake,Escalante Mountains,Escalante Mountains west,Garfield,Rainbows,RAINBOW,501,2.78,2005-06-29,2005,1,1,
ANTIMONY L EMW,Antimony Lake,Escalante Mountains,Escalante Mountains west,Garfield,Rainbows,RAINBOW,561,2.99,2007-05-31,2007,1,1,
ANTIMONY L EMW,Antimony Lake,Escalante Mountains,Escalante Mountains west,Garfield,Rainbows,RAINBOW,505,3.33,2009-07-02,2009,1,1,
ANTIMONY L EMW,Antimony Lake,Escalante Mountains,Escalante Mountains west,Garfield,Rainbows,RAINBOW,357,3.26,2010-07-12,2010,1,1,
ANTIMONY L EMW,Antimony Lake,Escalante Mountains,Escalante Mountains west,Garfield,Rainbows,RAINBOW,500,3.67,2014-05-28,2014,1,1,
ANTIMONY L EMW,Antimony Lake,Escalante Mountains,Escalante Mountains west,Garfield,Brookies,BROOK TROUT,59,3.11,2014-08-15,2014,1,1,
ANTIMONY L EMW,Antimony Lake,Escalante Mountains,Escalante Mountains west,Garfield,Rainbows,RAINBOW,52,4.43,2018-06-01,2018,1,1,
ANTIMONY L EMW,Antimony Lake,Escalante Mountains,Escalante Mountains west,Garfield,Brookies,BROOK TROUT,136,3.09,2018-07-18,2018,1,1,
ANTIMONY L EMW,Antimony Lake,Escalante Mountains,Escalante Mountains west,Garfield,Rainbows,RAINBOW,204,3.45,2018-07-18,2018,1,1,
ANTIMONY L EMW,Antimony Lake,Escalante Mountains,Escalante Mountains west,Garfield,Brookies,BROOK TROUT,70,3.19,2020-08-11,2020,1,1,
ANTIMONY L EMW,Antimony Lake,Escalante Mountains,Escalante Mountains west,Garfield,Rainbows,RAINBOW,110,6.28,2020-10-22,2020,1,1,
ANTIMONY L EMW,Antimony Lake,Escalante Mountains,Escalante Mountains west,Garfield,Brookies,BROOK TROUT,51,2.95,2022-06-29,2022,1,1,
ANTIMONY L EMW,Antimony Lake,Escalante Mountains,Escalante Mountains west,Garfield,Rainbows,RAINBOW,103,2.3,2022-06-29,2022,1,1,
ANTIMONY L EMW,Antimony Lake,Escalante Mountains,Escalante Mountains west,Garfield,Brookies,BROOK TROUT,51,3.09,2024-07-23,2024,1,1,
ANTIMONY L EMW,Antimony Lake,Escalante Mountains,Escalante Mountains west,Garfield,Rainbows,RAINBOW,100,3.56,2024-07-23,2024,1,1,
ANTIMONY L EMW,Antimony Lake,Escalante Mountains,Escalante Mountains west,Garfield,Brookies,BROOK TROUT,54,2.85,2026-07-08,2026,1,1,
ASAY CR,Asay Creek,Southwest Garfield,,Garfield,Browns,BROWN TROUT,6000,3.3,2002-05-14,2002,1,1,
ASAY CR,Asay Creek,Southwest Garfield,,Garfield,Browns,BROWN TROUT,6007,3.14,2003-06-20,2003,1,1,
ASAY CR,Asay Creek,Southwest Garfield,,Garfield,Browns,BROWN TROUT,6047,3.56,2004-04-28,2004,1,1,
ASAY CR,Asay Creek,Southwest Garfield,,Garfield,Cutthroats,CUTTHROAT,3091,2.2,2004-10-18,2004,1,1,
ASAY CR,Asay Creek,Southwest Garfield,,Garfield,Browns,BROWN TROUT,5993,5.51,2005-07-12,2005,1,1,
ASAY CR,Asay Creek,Southwest Garfield,,Garfield,Browns,BROWN TROUT,3011,6.08,2005-08-17,2005,1,1,
ASAY CR,Asay Creek,Southwest Garfield,,Garfield,Cutthroats,CUTTHROAT,5244,1.87,2005-10-11,2005,1,1,
ASAY CR,Asay Creek,Southwest Garfield,,Garfield,Browns,BROWN TROUT,6003,5.03,2006-06-22,2006,1,1,
ASAY CR,Asay Creek,Southwest Garfield,,Garfield,Browns,BROWN TROUT,5994,4.73,2007-06-12,2007,1,1,
ASAY CR,Asay Creek,Southwest Garfield,,Garfield,Rainbows,RAINBOW,680,9.29,2007-06-22,2007,1,1,
ASAY CR,Asay Creek,Southwest Garfield,,Garfield,Rainbows,RAINBOW,740,9.65,2007-07-03,2007,1,1,
ASAY CR,Asay Creek,Southwest Garfield,,Garfield,Rainbows,RAINBOW,2498,6.96,2007-07-13,2007,1,1,
ASAY CR,Asay Creek,Southwest Garfield,,Garfield,Rainbows,RAINBOW,2481,6.71,2007-07-13,2007,1,1,
ASAY CR,Asay Creek,Southwest Garfield,,Garfield,Rainbows,RAINBOW,651,9.35,2007-07-20,2007,1,1,
ASAY CR,Asay Creek,Southwest Garfield,,Garfield,Rainbows,RAINBOW,1482,9.19,2007-09-07,2007,1,1,
ASAY CR,Asay Creek,Southwest Garfield,,Garfield,Cutthroats,CUTTHROAT,5016,1.54,2007-09-21,2007,1,1,
ASAY CR,Asay Creek,Southwest Garfield,,Garfield,Rainbows,RAINBOW,1173,9.89,2008-06-03,2008,1,1,
ASAY CR,Asay Creek,Southwest Garfield,,Garfield,Browns,BROWN TROUT,5440,5.03,2008-06-23,2008,1,1,
ASAY CR,Asay Creek,Southwest Garfield,,Garfield,Rainbows,RAINBOW,1192,9.91,2008-07-03,2008,1,1,
ASAY CR,Asay Creek,Southwest Garfield,,Garfield,Rainbows,RAINBOW,1126,9.74,2008-07-23,2008,1,1,
ASAY CR,Asay Creek,Southwest Garfield,,Garfield,Cutthroats,CUTTHROAT,5040,2.01,2008-09-16,2008,1,1,
ASAY CR,Asay Creek,Southwest Garfield,,Garfield,Rainbows,RAINBOW,675,10.63,2009-06-09,2009,1,1,
ASAY CR,Asay Creek,Southwest Garfield,,Garfield,Browns,BROWN TROUT,8000,4.21,2009-06-15,2009,1,1,
ASAY CR,Asay Creek,Southwest Garfield,,Garfield,Rainbows,RAINBOW,668,10.37,2009-06-22,2009,1,1,
ASAY CR,Asay Creek,Southwest Garfield,,Garfield,Rainbows,RAINBOW,663,10.39,2009-07-07,2009,1,1,
ASAY CR,Asay Creek,Southwest Garfield,,Garfield,Cutthroats,CUTTHROAT,10287,1.96,2009-10-06,2009,1,1,
ASAY CR,Asay Creek,Southwest Garfield,,Garfield,Rainbows,RAINBOW,604,10.08,2010-06-28,2010,1,1,
ASAY CR,Asay Creek,Southwest Garfield,,Garfield,Rainbows,RAINBOW,224,9.0,2010-06-28,2010,1,1,
ASAY CR,Asay Creek,Southwest Garfield,,Garfield,Browns,BROWN TROUT,6149,4.4,2010-07-06,2010,1,1,
ASAY CR,Asay Creek,Southwest Garfield,,Garfield,Rainbows,RAINBOW,686,9.35,2010-07-08,2010,1,1,
ASAY CR,Asay Creek,Southwest Garfield,,Garfield,Rainbows,RAINBOW,483,9.27,2010-07-20,2010,1,1,
ASAY CR,Asay Creek,Southwest Garfield,,Garfield,Rainbows,RAINBOW,3588,4.26,2010-08-18,2010,1,1,
ASAY CR,Asay Creek,Southwest Garfield,,Garfield,Cutthroats,CUTTHROAT,10034,2.02,2010-09-21,2010,1,1,
ASAY CR,Asay Creek,Southwest Garfield,,Garfield,Rainbows,RAINBOW,549,10.96,2011-06-28,2011,1,1,
ASAY CR,Asay Creek,Southwest Garfield,,Garfield,Browns,BROWN TROUT,6899,4.85,2011-07-18,2011,1,1,
ASAY CR,Asay Creek,Southwest Garfield,,Garfield,Rainbows,RAINBOW,557,10.79,2011-07-19,2011,1,1,
ASAY CR,Asay Creek,Southwest Garfield,,Garfield,Rainbows,RAINBOW,592,10.98,2011-08-09,2011,1,1,
ASAY CR,Asay Creek,Southwest Garfield,,Garfield,Cutthroats,CUTTHROAT,5044,1.63,2011-09-14,2011,1,1,
ASAY CR,Asay Creek,Southwest Garfield,,Garfield,Rainbows,RAINBOW,605,9.81,2012-06-11,2012,1,1,
ASAY CR,Asay Creek,Southwest Garfield,,Garfield,Browns,BROWN TROUT,6790,3.72,2012-06-12,2012,1,1,
ASAY CR,Asay Creek,Southwest Garfield,,Garfield,Rainbows,RAINBOW,533,10.99,2012-06-26,2012,1,1,
ASAY CR,Asay Creek,Southwest Garfield,,Garfield,Rainbows,RAINBOW,566,10.56,2012-07-16,2012,1,1,
ASAY CR,Asay Creek,Southwest Garfield,,Garfield,Rainbows,RAINBOW,300,11.13,2012-08-08,2012,1,1,
ASAY CR,Asay Creek,Southwest Garfield,,Garfield,Cutthroats,CUTTHROAT,5425,2.36,2012-09-13,2012,1,1,
ASAY CR,Asay Creek,Southwest Garfield,,Garfield,Cutthroats,CUTTHROAT,3006,2.58,2012-09-20,2012,1,1,
ASAY CR,Asay Creek,Southwest Garfield,,Garfield,Rainbows,RAINBOW,702,10.23,2013-04-30,2013,1,1,
ASAY CR,Asay Creek,Southwest Garfield,,Garfield,Rainbows,RAINBOW,427,8.09,2013-05-14,2013,1,1,
ASAY CR,Asay Creek,Southwest Garfield,,Garfield,Browns,BROWN TROUT,6068,3.22,2013-05-20,2013,1,1,
ASAY CR,Asay Creek,Southwest Garfield,,Garfield,Rainbows,RAINBOW,424,8.26,2013-06-04,2013,1,1,
ASAY CR,Asay Creek,Southwest Garfield,,Garfield,Rainbows,RAINBOW,402,9.31,2013-07-08,2013,1,1,
ASAY CR,Asay Creek,Southwest Garfield,,Garfield,Rainbows,RAINBOW,389,9.77,2013-08-06,2013,1,1,
ASAY CR,Asay Creek,Southwest Garfield,,Garfield,Cutthroats,CUTTHROAT,5119,2.31,2013-09-18,2013,1,1,
ASAY CR,Asay Creek,Southwest Garfield,,Garfield,Browns,BROWN TROUT,6003,3.93,2014-04-24,2014,1,1,
ASAY CR,Asay Creek,Southwest Garfield,,Garfield,Rainbows,RAINBOW,424,8.34,2014-05-13,2014,1,1,
ASAY CR,Asay Creek,Southwest Garfield,,Garfield,Rainbows,RAINBOW,424,8.21,2014-06-11,2014,1,1,
ASAY CR,Asay Creek,Southwest Garfield,,Garfield,Rainbows,RAINBOW,425,8.73,2014-07-07,2014,1,1,
ASAY CR,Asay Creek,Southwest Garfield,,Garfield,Rainbows,RAINBOW,473,9.38,2014-08-11,2014,1,1,
ASAY CR,Asay Creek,Southwest Garfield,,Garfield,Cutthroats,CUTTHROAT,5115,2.03,2014-09-15,2014,1,1,
ASAY CR,Asay Creek,Southwest Garfield,,Garfield,Browns,BROWN TROUT,6168,4.17,2015-04-29,2015,1,1,
ASAY CR,Asay Creek,Southwest Garfield,,Garfield,Rainbows,RAINBOW,287,8.12,2015-05-11,2015,1,1,
ASAY CR,Asay Creek,Southwest Garfield,,Garfield,Rainbows,RAINBOW,4123,3.7,2015-05-26,2015,1,1,
ASAY CR,Asay Creek,Southwest Garfield,,Garfield,Rainbows,RAINBOW,261,9.64,2015-06-23,2015,1,1,
ASAY CR,Asay Creek,Southwest Garfield,,Garfield,Rainbows,RAINBOW,250,9.25,2015-07-07,2015,1,1,
ASAY CR,Asay Creek,Southwest Garfield,,Garfield,Rainbows,RAINBOW,240,9.54,2015-08-10,2015,1,1,
ASAY CR,Asay Creek,Southwest Garfield,,Garfield,Cutthroats,CUTTHROAT,5216,2.06,2015-09-14,2015,1,1,
ASAY CR,Asay Creek,Southwest Garfield,,Garfield,Browns,BROWN TROUT,6094,4.83,2016-06-09,2016,1,1,
ASAY CR,Asay Creek,Southwest Garfield,,Garfield,Rainbows,RAINBOW,351,10.03,2016-06-16,2016,1,1,
ASAY CR,Asay Creek,Southwest Garfield,,Garfield,Rainbows,RAINBOW,4200,3.9,2016-06-21,2016,1,1,
ASAY CR,Asay Creek,Southwest Garfield,,Garfield,Rainbows,RAINBOW,266,9.96,2016-06-29,2016,1,1,
ASAY CR,Asay Creek,Southwest Garfield,,Garfield,Rainbows,RAINBOW,119,10.35,2016-06-29,2016,1,1,
ASAY CR,Asay Creek,Southwest Garfield,,Garfield,Rainbows,RAINBOW,263,10.1,2016-07-12,2016,1,1,
ASAY CR,Asay Creek,Southwest Garfield,,Garfield,Cutthroats,CUTTHROAT,5099,1.96,2016-09-20,2016,1,1,
ASAY CR,Asay Creek,Southwest Garfield,,Garfield,Rainbows,RAINBOW,346,11.21,2017-06-06,2017,1,1,
ASAY CR,Asay Creek,Southwest Garfield,,Garfield,Rainbows,RAINBOW,665,3.83,2017-06-06,2017,1,1,
ASAY CR,Asay Creek,Southwest Garfield,,Garfield,Rainbows,RAINBOW,3213,4.12,2017-06-06,2017,1,1,
ASAY CR,Asay Creek,Southwest Garfield,,Garfield,Browns,BROWN TROUT,6127,3.62,2017-06-07,2017,1,1,
ASAY CR,Asay Creek,Southwest Garfield,,Garfield,Rainbows,RAINBOW,356,10.35,2017-06-27,2017,1,1,
ASAY CR,Asay Creek,Southwest Garfield,,Garfield,Rainbows,RAINBOW,293,10.39,2017-07-13,2017,1,1,
ASAY CR,Asay Creek,Southwest Garfield,,Garfield,Cutthroats,CUTTHROAT,5335,1.81,2017-09-10,2017,1,1,
ASAY CR,Asay Creek,Southwest Garfield,,Garfield,Rainbows,RAINBOW,4460,4.01,2018-05-18,2018,1,1,
ASAY CR,Asay Creek,Southwest Garfield,,Garfield,Rainbows,RAINBOW,483,10.88,2018-05-21,2018,1,1,
ASAY CR,Asay Creek,Southwest Garfield,,Garfield,Rainbows,RAINBOW,515,10.67,2018-06-18,2018,1,1,
ASAY CR,Asay Creek,Southwest Garfield,,Garfield,Browns,BROWN TROUT,5976,4.3,2018-06-19,2018,1,1,
ASAY CR,Asay Creek,Southwest Garfield,,Garfield,Rainbows,RAINBOW,5022,3.0,2018-08-21,2018,1,1,
ASAY CR,Asay Creek,Southwest Garfield,,Garfield,Cutthroats,CUTTHROAT,5343,2.07,2018-09-11,2018,1,1,
ASAY CR,Asay Creek,Southwest Garfield,,Garfield,Rainbows,RAINBOW,3318,4.7,2019-02-07,2019,1,1,
ASAY CR,Asay Creek,Southwest Garfield,,Garfield,Browns,BROWN TROUT,6585,3.91,2019-06-03,2019,1,1,
ASAY CR,Asay Creek,Southwest Garfield,,Garfield,Rainbows,RAINBOW,5012,3.64,2019-07-10,2019,1,1,
ASAY CR,Asay Creek,Southwest Garfield,,Garfield,Cutthroats,CUTTHROAT,6696,1.51,2019-09-09,2019,1,1,
ASAY CR,Asay Creek,Southwest Garfield,,Garfield,Browns,BROWN TROUT,6149,3.25,2020-04-20,2020,1,1,
ASAY CR,Asay Creek,Southwest Garfield,,Garfield,Rainbows,RAINBOW,4024,3.2,2020-06-01,2020,1,1,
ASAY CR,Asay Creek,Southwest Garfield,,Garfield,Cutthroats,CUTTHROAT,7425,2.13,2020-09-16,2020,1,1,
ASAY CR,Asay Creek,Southwest Garfield,,Garfield,Rainbows,RAINBOW,24196,2.74,2021-05-10,2021,1,1,
ASAY CR,Asay Creek,Southwest Garfield,,Garfield,Browns,BROWN TROUT,7240,4.17,2021-05-11,2021,1,1,
ASAY CR,Asay Creek,Southwest Garfield,,Garfield,Rainbows,RAINBOW,803,10.44,2021-05-28,2021,1,1,
ASAY CR,Asay Creek,Southwest Garfield,,Garfield,Browns,BROWN TROUT,6180,2.95,2022-04-19,2022,1,1,
ASAY CR,Asay Creek,Southwest Garfield,,Garfield,Rainbows,RAINBOW,573,12.05,2022-06-09,2022,1,1,
ASAY CR,Asay Creek,Southwest Garfield,,Garfield,Rainbows,RAINBOW,264,10.98,2022-06-09,2022,1,1,
ASAY CR,Asay Creek,Southwest Garfield,,Garfield,Browns,BROWN TROUT,6278,2.62,2023-04-19,2023,1,1,
ASAY CR,Asay Creek,Southwest Garfield,,Garfield,Rainbows,RAINBOW,3947,3.16,2023-06-21,2023,1,1,
ASAY CR,Asay Creek,Southwest Garfield,,Garfield,Rainbows,RAINBOW,823,10.72,2023-06-21,2023,1,1,
ASAY CR,Asay Creek,Southwest Garfield,,Garfield,Browns,BROWN TROUT,6370,3.46,2024-05-14,2024,1,1,
ASAY CR,Asay Creek,Southwest Garfield,,Garfield,Rainbows,RAINBOW,802,10.65,2024-06-05,2024,1,1,
ASAY CR,Asay Creek,Southwest Garfield,,Garfield,Rainbows,RAINBOW,4044,3.18,2024-07-22,2024,1,1,
ASAY CR,Asay Creek,Southwest Garfield,,Garfield,Rainbows,RAINBOW,819,10.03,2025-05-27,2025,1,1,
ASAY CR,Asay Creek,Southwest Garfield,,Garfield,Browns,BROWN TROUT,7560,4.11,2025-05-28,2025,1,1,
ASAY CR,Asay Creek,Southwest Garfield,,Garfield,Rainbows,RAINBOW,4000,2.86,2025-06-23,2025,1,1,
ASAY CR,Asay Creek,Southwest Garfield,,Garfield,Browns,BROWN TROUT,6018,3.28,2026-05-06,2026,1,1,
ASAY CR,Asay Creek,Southwest Garfield,,Garfield,Rainbows,RAINBOW,4004,4.45,2026-05-07,2026,1,1,
ASAY CR,Asay Creek,Southwest Garfield,,Garfield,Rainbows,RAINBOW,809,9.66,2026-06-12,2026,1,1,
BARKER RES NCL,Barker Reservoir,Boulder Mountain,North Creek Lakes,Garfield,Rainbows,RAINBOW,1002,9.94,2002-05-28,2002,1,1,
BARKER RES NCL,Barker Reservoir,Boulder Mountain,North Creek Lakes,Garfield,Brookies,BROOK TROUT,504,2.88,2002-07-08,2002,1,1,
BARKER RES NCL,Barker Reservoir,Boulder Mountain,North Creek Lakes,Garfield,Rainbows,RAINBOW,500,10.43,2002-07-10,2002,1,1,
BARKER RES NCL,Barker Reservoir,Boulder Mountain,North Creek Lakes,Garfield,Rainbows,RAINBOW,1500,10.0,2003-06-05,2003,1,1,
BARKER RES NCL,Barker Reservoir,Boulder Mountain,North Creek Lakes,Garfield,Brookies,BROOK TROUT,500,2.62,2003-07-06,2003,1,1,
BARKER RES NCL,Barker Reservoir,Boulder Mountain,North Creek Lakes,Garfield,Rainbows,RAINBOW,743,9.75,2004-05-25,2004,1,1,
BARKER RES NCL,Barker Reservoir,Boulder Mountain,North Creek Lakes,Garfield,Rainbows,RAINBOW,1000,10.0,2004-07-15,2004,1,1,
BARKER RES NCL,Barker Reservoir,Boulder Mountain,North Creek Lakes,Garfield,Brookies,BROOK TROUT,1498,10.6,2005-06-14,2005,1,1,
BARKER RES NCL,Barker Reservoir,Boulder Mountain,North Creek Lakes,Garfield,Rainbows,RAINBOW,1171,10.04,2005-06-15,2005,1,1,
BARKER RES NCL,Barker Reservoir,Boulder Mountain,North Creek Lakes,Garfield,Brookies,BROOK TROUT,493,2.33,2005-07-10,2005,1,1,
BARKER RES NCL,Barker Reservoir,Boulder Mountain,North Creek Lakes,Garfield,Rainbows,RAINBOW,1170,10.27,2006-05-25,2006,1,1,
BARKER RES NCL,Barker Reservoir,Boulder Mountain,North Creek Lakes,Garfield,Brookies,BROOK TROUT,504,2.88,2006-07-10,2006,1,1,
BARKER RES NCL,Barker Reservoir,Boulder Mountain,North Creek Lakes,Garfield,Grayling,GRAYLING ARCTIC,502,1.66,2006-08-07,2006,1,1,
BARKER RES NCL,Barker Reservoir,Boulder Mountain,North Creek Lakes,Garfield,Rainbows,RAINBOW,2001,9.75,2007-05-15,2007,1,1,
BARKER RES NCL,Barker Reservoir,Boulder Mountain,North Creek Lakes,Garfield,Brookies,BROOK TROUT,503,3.22,2007-07-12,2007,1,1,
BARKER RES NCL,Barker Reservoir,Boulder Mountain,North Creek Lakes,Garfield,Grayling,GRAYLING ARCTIC,499,1.5,2007-07-31,2007,1,1,
BARKER RES NCL,Barker Reservoir,Boulder Mountain,North Creek Lakes,Garfield,Rainbows,RAINBOW,2002,9.76,2008-05-21,2008,1,1,
BARKER RES NCL,Barker Reservoir,Boulder Mountain,North Creek Lakes,Garfield,Brookies,BROOK TROUT,510,3.2,2008-07-07,2008,1,1,
BARKER RES NCL,Barker Reservoir,Boulder Mountain,North Creek Lakes,Garfield,Rainbows,RAINBOW,2001,9.89,2009-05-20,2009,1,1,
BARKER RES NCL,Barker Reservoir,Boulder Mountain,North Creek Lakes,Garfield,Brookies,BROOK TROUT,504,3.33,2009-07-08,2009,1,1,
BARKER RES NCL,Barker Reservoir,Boulder Mountain,North Creek Lakes,Garfield,Rainbows,RAINBOW,2003,10.07,2010-05-25,2010,1,1,
BARKER RES NCL,Barker Reservoir,Boulder Mountain,North Creek Lakes,Garfield,Brookies,BROOK TROUT,512,2.62,2010-07-12,2010,1,1,
BARKER RES NCL,Barker Reservoir,Boulder Mountain,North Creek Lakes,Garfield,Rainbows,RAINBOW,1500,9.98,2011-06-03,2011,1,1,
BARKER RES NCL,Barker Reservoir,Boulder Mountain,North Creek Lakes,Garfield,Brookies,BROOK TROUT,508,3.27,2011-07-28,2011,1,1,
BARKER RES NCL,Barker Reservoir,Boulder Mountain,North Creek Lakes,Garfield,Rainbows,RAINBOW,749,10.34,2012-06-06,2012,1,1,
BARKER RES NCL,Barker Reservoir,Boulder Mountain,North Creek Lakes,Garfield,Rainbows,RAINBOW,752,10.43,2012-06-20,2012,1,1,
BARKER RES NCL,Barker Reservoir,Boulder Mountain,North Creek Lakes,Garfield,Brookies,BROOK TROUT,496,2.65,2012-07-13,2012,1,1,
BARKER RES NCL,Barker Reservoir,Boulder Mountain,North Creek Lakes,Garfield,Rainbows,RAINBOW,1521,7.92,2013-05-22,2013,1,1,
BARKER RES NCL,Barker Reservoir,Boulder Mountain,North Creek Lakes,Garfield,Brookies,BROOK TROUT,503,2.57,2013-07-01,2013,1,1,
BARKER RES NCL,Barker Reservoir,Boulder Mountain,North Creek Lakes,Garfield,Rainbows,RAINBOW,1505,8.2,2014-05-15,2014,1,1,
BARKER RES NCL,Barker Reservoir,Boulder Mountain,North Creek Lakes,Garfield,Brookies,BROOK TROUT,527,2.28,2014-06-13,2014,1,1,
BARKER RES NCL,Barker Reservoir,Boulder Mountain,North Creek Lakes,Garfield,Rainbows,RAINBOW,1521,8.74,2015-05-04,2015,1,1,
BARKER RES NCL,Barker Reservoir,Boulder Mountain,North Creek Lakes,Garfield,Brookies,BROOK TROUT,303,2.85,2015-06-29,2015,1,1,
BARKER RES NCL,Barker Reservoir,Boulder Mountain,North Creek Lakes,Garfield,Rainbows,RAINBOW,1499,9.21,2016-05-17,2016,1,1,
BARKER RES NCL,Barker Reservoir,Boulder Mountain,North Creek Lakes,Garfield,Brookies,BROOK TROUT,543,2.13,2016-06-27,2016,1,1,
BARKER RES NCL,Barker Reservoir,Boulder Mountain,North Creek Lakes,Garfield,Rainbows,RAINBOW,1501,9.51,2017-05-23,2017,1,1,
BARKER RES NCL,Barker Reservoir,Boulder Mountain,North Creek Lakes,Garfield,Brookies,BROOK TROUT,511,2.39,2017-06-26,2017,1,1,
BARKER RES NCL,Barker Reservoir,Boulder Mountain,North Creek Lakes,Garfield,Splake,SPLAKE,0,3.12,2017-06-26,2017,1,1,zero-quantity
BARKER RES NCL,Barker Reservoir,Boulder Mountain,North Creek Lakes,Garfield,Rainbows,RAINBOW,1498,10.02,2018-05-30,2018,1,1,
BARKER RES NCL,Barker Reservoir,Boulder Mountain,North Creek Lakes,Garfield,Brookies,BROOK TROUT,500,2.95,2018-06-25,2018,1,1,
BARKER RES NCL,Barker Reservoir,Boulder Mountain,North Creek Lakes,Garfield,Rainbows,RAINBOW,1500,9.99,2019-06-17,2019,1,1,
BARKER RES NCL,Barker Reservoir,Boulder Mountain,North Creek Lakes,Garfield,Brookies,BROOK TROUT,299,2.83,2019-07-10,2019,1,1,
BARKER RES NCL,Barker Reservoir,Boulder Mountain,North Creek Lakes,Garfield,Rainbows,RAINBOW,1586,9.81,2020-06-02,2020,1,1,
BARKER RES NCL,Barker Reservoir,Boulder Mountain,North Creek Lakes,Garfield,Brookies,BROOK TROUT,511,2.69,2020-07-01,2020,1,1,
BARKER RES NCL,Barker Reservoir,Boulder Mountain,North Creek Lakes,Garfield,Rainbows,RAINBOW,1000,9.91,2021-06-02,2021,1,1,
BARKER RES NCL,Barker Reservoir,Boulder Mountain,North Creek Lakes,Garfield,Brookies,BROOK TROUT,501,2.76,2021-07-06,2021,1,1,
BARKER RES NCL,Barker Reservoir,Boulder Mountain,North Creek Lakes,Garfield,Rainbows,RAINBOW,1005,10.15,2022-06-22,2022,1,1,
BARKER RES NCL,Barker Reservoir,Boulder Mountain,North Creek Lakes,Garfield,Brookies,BROOK TROUT,501,2.96,2022-07-07,2022,1,1,
BARKER RES NCL,Barker Reservoir,Boulder Mountain,North Creek Lakes,Garfield,Rainbows,RAINBOW,1001,10.19,2023-06-12,2023,1,1,
BARKER RES NCL,Barker Reservoir,Boulder Mountain,North Creek Lakes,Garfield,Brookies,BROOK TROUT,503,2.57,2023-07-11,2023,1,1,
BARKER RES NCL,Barker Reservoir,Boulder Mountain,North Creek Lakes,Garfield,Brookies,BROOK TROUT,499,2.62,2024-06-25,2024,1,1,
BARKER RES NCL,Barker Reservoir,Boulder Mountain,North Creek Lakes,Garfield,Rainbows,RAINBOW,1002,9.7,2024-07-08,2024,1,1,
BARKER RES NCL,Barker Reservoir,Boulder Mountain,North Creek Lakes,Garfield,Brookies,BROOK TROUT,497,2.97,2025-06-23,2025,1,1,
BARKER RES NCL,Barker Reservoir,Boulder Mountain,North Creek Lakes,Garfield,Rainbows,RAINBOW,1001,10.51,2025-07-07,2025,1,1,
BARKER RES NCL,Barker Reservoir,Boulder Mountain,North Creek Lakes,Garfield,Rainbows,RAINBOW,1012,10.54,2026-06-16,2026,1,1,
BARKER RES NCL,Barker Reservoir,Boulder Mountain,North Creek Lakes,Garfield,Brookies,BROOK TROUT,498,2.93,2026-07-13,2026,1,1,
BASTIAN RES,Bastian Reservoir,Henry Mountains,,Garfield,Tigers,TIGER TROUT,1524,3.32,2002-06-25,2002,1,1,
BASTIAN RES,Bastian Reservoir,Henry Mountains,,Garfield,Tigers,TIGER TROUT,1500,3.36,2003-07-10,2003,1,1,
BASTIAN RES,Bastian Reservoir,Henry Mountains,,Garfield,Tigers,TIGER TROUT,1500,3.08,2004-07-13,2004,1,1,
BASTIAN RES,Bastian Reservoir,Henry Mountains,,Garfield,Tigers,TIGER TROUT,1500,3.84,2005-07-12,2005,1,1,
BASTIAN RES,Bastian Reservoir,Henry Mountains,,Garfield,Tigers,TIGER TROUT,1500,3.62,2006-10-11,2006,1,1,
BASTIAN RES,Bastian Reservoir,Henry Mountains,,Garfield,Tigers,TIGER TROUT,1500,3.84,2007-07-10,2007,1,1,
BASTIAN RES,Bastian Reservoir,Henry Mountains,,Garfield,Tigers,TIGER TROUT,1476,2.75,2008-07-15,2008,1,1,
BASTIAN RES,Bastian Reservoir,Henry Mountains,,Garfield,Tigers,TIGER TROUT,1500,6.3,2009-07-16,2009,1,1,
BASTIAN RES,Bastian Reservoir,Henry Mountains,,Garfield,Tigers,TIGER TROUT,1501,2.36,2010-07-19,2010,1,1,
BASTIAN RES,Bastian Reservoir,Henry Mountains,,Garfield,Tigers,TIGER TROUT,1499,3.81,2011-08-08,2011,1,1,
BASTIAN RES,Bastian Reservoir,Henry Mountains,,Garfield,Tigers,TIGER TROUT,1503,3.08,2013-07-10,2013,1,1,
BASTIAN RES,Bastian Reservoir,Henry Mountains,,Garfield,Tigers,TIGER TROUT,1510,2.75,2014-06-12,2014,1,1,
BASTIAN RES,Bastian Reservoir,Henry Mountains,,Garfield,Tigers,TIGER TROUT,1533,3.5,2015-06-30,2015,1,1,
BASTIAN RES,Bastian Reservoir,Henry Mountains,,Garfield,Tigers,TIGER TROUT,1498,3.55,2016-06-29,2016,1,1,
BASTIAN RES,Bastian Reservoir,Henry Mountains,,Garfield,Tigers,TIGER TROUT,1500,2.71,2017-06-28,2017,1,1,
BASTIAN RES,Bastian Reservoir,Henry Mountains,,Garfield,Tigers,TIGER TROUT,1503,2.71,2018-06-25,2018,1,1,
BASTIAN RES,Bastian Reservoir,Henry Mountains,,Garfield,Tigers,TIGER TROUT,1499,2.99,2019-07-10,2019,1,1,
BASTIAN RES,Bastian Reservoir,Henry Mountains,,Garfield,Tigers,TIGER TROUT,1502,2.84,2020-07-02,2020,1,1,
BASTIAN RES,Bastian Reservoir,Henry Mountains,,Garfield,Tigers,TIGER TROUT,1494,2.82,2022-07-07,2022,1,1,
BASTIAN RES,Bastian Reservoir,Henry Mountains,,Garfield,Tigers,TIGER TROUT,1573,2.87,2023-07-11,2023,1,1,
BASTIAN RES,Bastian Reservoir,Henry Mountains,,Garfield,Tigers,TIGER TROUT,1509,2.68,2024-06-25,2024,1,1,
BASTIAN RES,Bastian Reservoir,Henry Mountains,,Garfield,Tigers,TIGER TROUT,1509,2.81,2025-06-24,2025,1,1,
BASTIAN RES,Bastian Reservoir,Henry Mountains,,Garfield,Tigers,TIGER TROUT,1502,2.87,2026-07-14,2026,1,1,
BEAVER DAMS NBS,Beaver Dams,Boulder Mountain,North Boulder Slope,Wayne,Cutthroats,CUTTHROAT,2057,1.78,2005-10-05,2005,1,1,
BEAVER DAMS NBS,Beaver Dams,Boulder Mountain,North Boulder Slope,Wayne,Brookies,BROOK TROUT,756,2.61,2006-07-10,2006,1,1,
BEAVER DAMS NBS,Beaver Dams,Boulder Mountain,North Boulder Slope,Wayne,Cutthroats,CUTTHROAT,2009,1.96,2006-10-13,2006,1,1,
BEAVER DAMS NBS,Beaver Dams,Boulder Mountain,North Boulder Slope,Wayne,Brookies,BROOK TROUT,750,3.47,2007-07-12,2007,1,1,
BEAVER DAMS NBS,Beaver Dams,Boulder Mountain,North Boulder Slope,Wayne,Cutthroats,CUTTHROAT,2053,1.49,2007-09-18,2007,1,1,
BEAVER DAMS NBS,Beaver Dams,Boulder Mountain,North Boulder Slope,Wayne,Brookies,BROOK TROUT,760,4.14,2008-07-07,2008,1,1,
BEAVER DAMS NBS,Beaver Dams,Boulder Mountain,North Boulder Slope,Wayne,Cutthroats,CUTTHROAT,2052,2.21,2008-09-23,2008,1,1,
BEAVER DAMS NBS,Beaver Dams,Boulder Mountain,North Boulder Slope,Wayne,Brookies,BROOK TROUT,752,3.49,2009-07-15,2009,1,1,
BEAVER DAMS NBS,Beaver Dams,Boulder Mountain,North Boulder Slope,Wayne,Cutthroats,CUTTHROAT,202,3.67,2009-09-16,2009,1,1,
BEAVER DAMS NBS,Beaver Dams,Boulder Mountain,North Boulder Slope,Wayne,Brookies,BROOK TROUT,751,3.34,2010-07-07,2010,1,1,
BEAVER DAMS NBS,Beaver Dams,Boulder Mountain,North Boulder Slope,Wayne,Cutthroats,CUTTHROAT,920,1.52,2010-09-13,2010,1,1,
BEAVER DAMS NBS,Beaver Dams,Boulder Mountain,North Boulder Slope,Wayne,Cutthroats,CUTTHROAT,1081,1.54,2010-09-13,2010,1,1,
BEAVER DAMS NBS,Beaver Dams,Boulder Mountain,North Boulder Slope,Wayne,Brookies,BROOK TROUT,0,3.27,2011-07-26,2011,1,1,zero-quantity
BEAVER DAMS NBS,Beaver Dams,Boulder Mountain,North Boulder Slope,Wayne,Brookies,BROOK TROUT,759,3.48,2011-07-26,2011,1,1,
BEAVER DAMS NBS,Beaver Dams,Boulder Mountain,North Boulder Slope,Wayne,Cutthroats,CUTTHROAT,2009,1.74,2011-09-20,2011,1,1,
BEAVER DAMS NBS,Beaver Dams,Boulder Mountain,North Boulder Slope,Wayne,Brookies,BROOK TROUT,752,2.41,2012-07-06,2012,1,1,
BEAVER DAMS NBS,Beaver Dams,Boulder Mountain,North Boulder Slope,Wayne,Cutthroats,CUTTHROAT,2266,2.4,2012-09-18,2012,1,1,
BEAVER DAMS NBS,Beaver Dams,Boulder Mountain,North Boulder Slope,Wayne,Brookies,BROOK TROUT,755,2.57,2013-07-01,2013,1,1,
BEAVER DAMS NBS,Beaver Dams,Boulder Mountain,North Boulder Slope,Wayne,Cutthroats,CUTTHROAT,2013,2.05,2013-09-16,2013,1,1,
BEAVER DAMS NBS,Beaver Dams,Boulder Mountain,North Boulder Slope,Wayne,Brookies,BROOK TROUT,405,2.35,2014-06-11,2014,1,1,
BEAVER DAMS NBS,Beaver Dams,Boulder Mountain,North Boulder Slope,Wayne,Brookies,BROOK TROUT,404,2.85,2015-06-29,2015,1,1,
BEAVER DAMS NBS,Beaver Dams,Boulder Mountain,North Boulder Slope,Wayne,Brookies,BROOK TROUT,304,2.95,2018-06-25,2018,1,1,
BEAVER DAMS NBS,Beaver Dams,Boulder Mountain,North Boulder Slope,Wayne,Brookies,BROOK TROUT,155,2.83,2019-07-10,2019,1,1,
BEAVER DAMS NBS,Beaver Dams,Boulder Mountain,North Boulder Slope,Wayne,Brookies,BROOK TROUT,307,2.69,2020-07-01,2020,1,1,
BEAVER DAMS NBS,Beaver Dams,Boulder Mountain,North Boulder Slope,Wayne,Brookies,BROOK TROUT,203,2.76,2021-07-06,2021,1,1,
BEAVER DAMS NBS,Beaver Dams,Boulder Mountain,North Boulder Slope,Wayne,Brookies,BROOK TROUT,203,2.96,2022-07-07,2022,1,1,
BEAVER DAMS NBS,Beaver Dams,Boulder Mountain,North Boulder Slope,Wayne,Brookies,BROOK TROUT,207,2.57,2023-07-10,2023,1,1,
BEAVER DAMS NBS,Beaver Dams,Boulder Mountain,North Boulder Slope,Wayne,Brookies,BROOK TROUT,195,2.62,2024-06-24,2024,1,1,
BEAVER DAMS NBS,Beaver Dams,Boulder Mountain,North Boulder Slope,Wayne,Brookies,BROOK TROUT,201,2.97,2025-06-23,2025,1,1,
BEAVER DAMS NBS,Beaver Dams,Boulder Mountain,North Boulder Slope,Wayne,Brookies,BROOK TROUT,200,2.93,2026-07-13,2026,1,1,
BESS L BTN,Bess Lake,Boulder Mountain,Boulder Top (north),Garfield,Brookies,BROOK TROUT,252,2.88,2002-07-08,2002,1,1,
BESS L BTN,Bess Lake,Boulder Mountain,Boulder Top (north),Garfield,Brookies,BROOK TROUT,250,2.62,2003-07-06,2003,1,1,
BESS L BTN,Bess Lake,Boulder Mountain,Boulder Top (north),Garfield,Brookies,BROOK TROUT,254,2.34,2004-07-12,2004,1,1,
BESS L BTN,Bess Lake,Boulder Mountain,Boulder Top (north),Garfield,Brookies,BROOK TROUT,256,2.33,2005-07-10,2005,1,1,
BESS L BTN,Bess Lake,Boulder Mountain,Boulder Top (north),Garfield,Brookies,BROOK TROUT,252,2.88,2006-07-10,2006,1,1,
BESS L BTN,Bess Lake,Boulder Mountain,Boulder Top (north),Garfield,Brookies,BROOK TROUT,248,3.22,2007-07-12,2007,1,1,
BESS L BTN,Bess Lake,Boulder Mountain,Boulder Top (north),Garfield,Brookies,BROOK TROUT,255,3.2,2008-07-07,2008,1,1,
BESS L BTN,Bess Lake,Boulder Mountain,Boulder Top (north),Garfield,Brookies,BROOK TROUT,260,2.89,2009-07-15,2009,1,1,
BESS L BTN,Bess Lake,Boulder Mountain,Boulder Top (north),Garfield,Brookies,BROOK TROUT,263,2.71,2010-07-07,2010,1,1,
BESS L BTN,Bess Lake,Boulder Mountain,Boulder Top (north),Garfield,Brookies,BROOK TROUT,257,3.27,2011-07-28,2011,1,1,
BESS L BTN,Bess Lake,Boulder Mountain,Boulder Top (north),Garfield,Brookies,BROOK TROUT,249,2.47,2012-07-06,2012,1,1,
BESS L BTN,Bess Lake,Boulder Mountain,Boulder Top (north),Garfield,Brookies,BROOK TROUT,260,2.55,2013-07-01,2013,1,1,
BESS L BTN,Bess Lake,Boulder Mountain,Boulder Top (north),Garfield,Grayling,GRAYLING ARCTIC,299,3.13,2013-09-16,2013,1,1,
BESS L BTN,Bess Lake,Boulder Mountain,Boulder Top (north),Garfield,Brookies,BROOK TROUT,257,1.9,2014-06-11,2014,1,1,
BESS L BTN,Bess Lake,Boulder Mountain,Boulder Top (north),Garfield,Grayling,GRAYLING ARCTIC,510,2.27,2014-08-27,2014,1,1,
BESS L BTN,Bess Lake,Boulder Mountain,Boulder Top (north),Garfield,Brookies,BROOK TROUT,250,2.97,2015-06-29,2015,1,1,
BESS L BTN,Bess Lake,Boulder Mountain,Boulder Top (north),Garfield,Grayling,GRAYLING ARCTIC,206,2.4,2015-08-24,2015,1,1,
BESS L BTN,Bess Lake,Boulder Mountain,Boulder Top (north),Garfield,Brookies,BROOK TROUT,300,2.27,2016-06-27,2016,1,1,
BESS L BTN,Bess Lake,Boulder Mountain,Boulder Top (north),Garfield,Brookies,BROOK TROUT,255,2.55,2017-06-26,2017,1,1,
BESS L BTN,Bess Lake,Boulder Mountain,Boulder Top (north),Garfield,Grayling,GRAYLING ARCTIC,250,2.79,2017-09-18,2017,1,1,
BESS L BTN,Bess Lake,Boulder Mountain,Boulder Top (north),Garfield,Brookies,BROOK TROUT,251,2.84,2018-06-25,2018,1,1,
BESS L BTN,Bess Lake,Boulder Mountain,Boulder Top (north),Garfield,Grayling,GRAYLING ARCTIC,255,3.25,2018-10-09,2018,1,1,
BESS L BTN,Bess Lake,Boulder Mountain,Boulder Top (north),Garfield,Grayling,GRAYLING ARCTIC,300,2.29,2019-09-24,2019,1,1,
BESS L BTN,Bess Lake,Boulder Mountain,Boulder Top (north),Garfield,Brookies,BROOK TROUT,256,2.55,2020-07-01,2020,1,1,
BESS L BTN,Bess Lake,Boulder Mountain,Boulder Top (north),Garfield,Grayling,GRAYLING ARCTIC,306,2.81,2020-09-28,2020,1,1,
BESS L BTN,Bess Lake,Boulder Mountain,Boulder Top (north),Garfield,Brookies,BROOK TROUT,252,2.71,2021-07-06,2021,1,1,
BESS L BTN,Bess Lake,Boulder Mountain,Boulder Top (north),Garfield,Grayling,GRAYLING ARCTIC,258,2.65,2021-09-23,2021,1,1,
BESS L BTN,Bess Lake,Boulder Mountain,Boulder Top (north),Garfield,Brookies,BROOK TROUT,249,2.97,2022-07-07,2022,1,1,
BESS L BTN,Bess Lake,Boulder Mountain,Boulder Top (north),Garfield,Brookies,BROOK TROUT,249,2.63,2023-07-10,2023,1,1,
BESS L BTN,Bess Lake,Boulder Mountain,Boulder Top (north),Garfield,Brookies,BROOK TROUT,246,2.63,2024-06-24,2024,1,1,
BESS L BTN,Bess Lake,Boulder Mountain,Boulder Top (north),Garfield,Grayling,GRAYLING ARCTIC,199,2.47,2024-09-25,2024,1,1,
BESS L BTN,Bess Lake,Boulder Mountain,Boulder Top (north),Garfield,Brookies,BROOK TROUT,251,2.92,2025-06-23,2025,1,1,
BESS L BTN,Bess Lake,Boulder Mountain,Boulder Top (north),Garfield,Brookies,BROOK TROUT,247,2.77,2026-07-14,2026,1,1,
BIG L BTS,Big Lake,Boulder Mountain,Boulder Top (south),Garfield,Brookies,BROOK TROUT,200,2.88,2002-07-08,2002,1,1,
BIG L BTS,Big Lake,Boulder Mountain,Boulder Top (south),Garfield,Brookies,BROOK TROUT,209,2.62,2003-07-06,2003,1,1,
BIG L BTS,Big Lake,Boulder Mountain,Boulder Top (south),Garfield,Brookies,BROOK TROUT,195,2.34,2004-07-12,2004,1,1,
BIG L BTS,Big Lake,Boulder Mountain,Boulder Top (south),Garfield,Brookies,BROOK TROUT,197,2.33,2005-07-10,2005,1,1,
BIG L BTS,Big Lake,Boulder Mountain,Boulder Top (south),Garfield,Brookies,BROOK TROUT,200,2.88,2006-07-10,2006,1,1,
BIG L BTS,Big Lake,Boulder Mountain,Boulder Top (south),Garfield,Brookies,BROOK TROUT,203,3.22,2007-07-12,2007,1,1,
BIG L BTS,Big Lake,Boulder Mountain,Boulder Top (south),Garfield,Grayling,GRAYLING ARCTIC,499,1.5,2007-07-31,2007,1,1,
BIG L BTS,Big Lake,Boulder Mountain,Boulder Top (south),Garfield,Brookies,BROOK TROUT,213,3.2,2008-07-07,2008,1,1,
BIG L BTS,Big Lake,Boulder Mountain,Boulder Top (south),Garfield,Brookies,BROOK TROUT,208,2.89,2009-07-15,2009,1,1,
BIG L BTS,Big Lake,Boulder Mountain,Boulder Top (south),Garfield,Brookies,BROOK TROUT,213,2.71,2010-07-07,2010,1,1,
BIG L BTS,Big Lake,Boulder Mountain,Boulder Top (south),Garfield,Brookies,BROOK TROUT,207,3.27,2011-07-28,2011,1,1,
BIG L BTS,Big Lake,Boulder Mountain,Boulder Top (south),Garfield,Brookies,BROOK TROUT,200,2.47,2012-07-06,2012,1,1,
BIG L BTS,Big Lake,Boulder Mountain,Boulder Top (south),Garfield,Brookies,BROOK TROUT,208,2.55,2013-07-01,2013,1,1,
BIG L BTS,Big Lake,Boulder Mountain,Boulder Top (south),Garfield,Grayling,GRAYLING ARCTIC,494,3.13,2013-09-16,2013,1,1,
BIG L BTS,Big Lake,Boulder Mountain,Boulder Top (south),Garfield,Brookies,BROOK TROUT,183,1.9,2014-06-11,2014,1,1,
BIG L BTS,Big Lake,Boulder Mountain,Boulder Top (south),Garfield,Grayling,GRAYLING ARCTIC,510,2.27,2014-08-27,2014,1,1,
BIG L BTS,Big Lake,Boulder Mountain,Boulder Top (south),Garfield,Brookies,BROOK TROUT,200,2.97,2015-06-29,2015,1,1,
BIG L BTS,Big Lake,Boulder Mountain,Boulder Top (south),Garfield,Grayling,GRAYLING ARCTIC,499,2.4,2015-08-24,2015,1,1,
BIG L BTS,Big Lake,Boulder Mountain,Boulder Top (south),Garfield,Brookies,BROOK TROUT,236,2.27,2016-06-27,2016,1,1,
BIG L BTS,Big Lake,Boulder Mountain,Boulder Top (south),Garfield,Brookies,BROOK TROUT,210,2.55,2017-06-26,2017,1,1,
BIG L BTS,Big Lake,Boulder Mountain,Boulder Top (south),Garfield,Grayling,GRAYLING ARCTIC,500,2.79,2017-09-18,2017,1,1,
BIG L BTS,Big Lake,Boulder Mountain,Boulder Top (south),Garfield,Brookies,BROOK TROUT,196,2.84,2018-06-25,2018,1,1,
BIG L BTS,Big Lake,Boulder Mountain,Boulder Top (south),Garfield,Grayling,GRAYLING ARCTIC,510,3.25,2018-10-09,2018,1,1,
BIG L BTS,Big Lake,Boulder Mountain,Boulder Top (south),Garfield,Grayling,GRAYLING ARCTIC,500,2.29,2019-09-24,2019,1,1,
BIG L BTS,Big Lake,Boulder Mountain,Boulder Top (south),Garfield,Brookies,BROOK TROUT,211,2.55,2020-07-01,2020,1,1,
BIG L BTS,Big Lake,Boulder Mountain,Boulder Top (south),Garfield,Grayling,GRAYLING ARCTIC,504,2.81,2020-09-28,2020,1,1,
BIG L BTS,Big Lake,Boulder Mountain,Boulder Top (south),Garfield,Brookies,BROOK TROUT,202,2.71,2021-07-06,2021,1,1,
BIG L BTS,Big Lake,Boulder Mountain,Boulder Top (south),Garfield,Grayling,GRAYLING ARCTIC,494,2.65,2021-09-23,2021,1,1,
BIG L BTS,Big Lake,Boulder Mountain,Boulder Top (south),Garfield,Brookies,BROOK TROUT,201,2.97,2022-07-07,2022,1,1,
BIG L BTS,Big Lake,Boulder Mountain,Boulder Top (south),Garfield,Brookies,BROOK TROUT,193,2.63,2023-07-10,2023,1,1,
BIG L BTS,Big Lake,Boulder Mountain,Boulder Top (south),Garfield,Brookies,BROOK TROUT,205,2.63,2024-06-24,2024,1,1,
BIG L BTS,Big Lake,Boulder Mountain,Boulder Top (south),Garfield,Brookies,BROOK TROUT,201,2.92,2025-06-23,2025,1,1,
BIG L BTS,Big Lake,Boulder Mountain,Boulder Top (south),Garfield,Brookies,BROOK TROUT,200,2.77,2026-07-14,2026,1,1,
BLIND L NBS,Blind Lake,Boulder Mountain,North Boulder Slope,Wayne,Rainbows,RAINBOW,2992,2.25,2002-07-08,2002,1,1,
BLIND L NBS,Blind Lake,Boulder Mountain,North Boulder Slope,Wayne,Cutthroats,CUTTHROAT,5006,1.96,2002-10-11,2002,1,1,
BLIND L NBS,Blind Lake,Boulder Mountain,North Boulder Slope,Wayne,Rainbows,RAINBOW,1504,3.15,2003-07-06,2003,1,1,
BLIND L TLM,Blind Lake,Thousand Lake Mountain,Thousand Lake Mountain,Wayne,Brookies,BROOK TROUT,200,2.92,2003-07-31,2003,1,1,
BLIND L NBS,Blind Lake,Boulder Mountain,North Boulder Slope,Wayne,Splake,SPLAKE,750,5.87,2003-08-01,2003,1,1,
BLIND L NBS,Blind Lake,Boulder Mountain,North Boulder Slope,Wayne,Cutthroats,CUTTHROAT,15006,1.72,2003-10-07,2003,1,1,
BLIND L NBS,Blind Lake,Boulder Mountain,North Boulder Slope,Wayne,Rainbows,RAINBOW,1495,2.68,2004-07-12,2004,1,1,
BLIND L NBS,Blind Lake,Boulder Mountain,North Boulder Slope,Wayne,Splake,SPLAKE,770,3.87,2004-07-12,2004,1,1,
BLIND L NBS,Blind Lake,Boulder Mountain,North Boulder Slope,Wayne,Splake,SPLAKE,500,5.36,2005-07-11,2005,1,1,
BLIND L NBS,Blind Lake,Boulder Mountain,North Boulder Slope,Wayne,Rainbows,RAINBOW,2992,3.05,2005-07-19,2005,1,1,
BLIND L TLM,Blind Lake,Thousand Lake Mountain,Thousand Lake Mountain,Wayne,Brookies,BROOK TROUT,196,3.04,2005-08-02,2005,1,1,
BLIND L NBS,Blind Lake,Boulder Mountain,North Boulder Slope,Wayne,Cutthroats,CUTTHROAT,14972,1.78,2005-10-05,2005,1,1,
BLIND L NBS,Blind Lake,Boulder Mountain,North Boulder Slope,Wayne,Rainbows,RAINBOW,3000,2.92,2006-07-10,2006,1,1,
BLIND L NBS,Blind Lake,Boulder Mountain,North Boulder Slope,Wayne,Splake,SPLAKE,763,3.74,2006-07-10,2006,1,1,
BLIND L NBS,Blind Lake,Boulder Mountain,North Boulder Slope,Wayne,Cutthroats,CUTTHROAT,4004,1.95,2006-10-13,2006,1,1,
BLIND L TLM,Blind Lake,Thousand Lake Mountain,Thousand Lake Mountain,Wayne,Brookies,BROOK TROUT,208,4.65,2007-07-11,2007,1,1,
BLIND L NBS,Blind Lake,Boulder Mountain,North Boulder Slope,Wayne,Splake,SPLAKE,767,4.9,2007-07-11,2007,1,1,
BLIND L NBS,Blind Lake,Boulder Mountain,North Boulder Slope,Wayne,Rainbows,RAINBOW,2996,2.52,2007-07-12,2007,1,1,
BLIND L NBS,Blind Lake,Boulder Mountain,North Boulder Slope,Wayne,Cutthroats,CUTTHROAT,10009,1.49,2007-09-18,2007,1,1,
BLIND L NBS,Blind Lake,Boulder Mountain,North Boulder Slope,Wayne,Rainbows,RAINBOW,2948,2.97,2008-07-07,2008,1,1,
BLIND L NBS,Blind Lake,Boulder Mountain,North Boulder Slope,Wayne,Splake,SPLAKE,750,3.98,2008-07-07,2008,1,1,
BLIND L NBS,Blind Lake,Boulder Mountain,North Boulder Slope,Wayne,Cutthroats,CUTTHROAT,10100,2.21,2008-09-23,2008,1,1,
BLIND L TLM,Blind Lake,Thousand Lake Mountain,Thousand Lake Mountain,Wayne,Brookies,BROOK TROUT,208,2.89,2009-07-15,2009,1,1,
BLIND L NBS,Blind Lake,Boulder Mountain,North Boulder Slope,Wayne,Rainbows,RAINBOW,3007,3.35,2009-07-15,2009,1,1,
BLIND L NBS,Blind Lake,Boulder Mountain,North Boulder Slope,Wayne,Splake,SPLAKE,751,3.73,2009-07-15,2009,1,1,
BLIND L NBS,Blind Lake,Boulder Mountain,North Boulder Slope,Wayne,Cutthroats,CUTTHROAT,11033,1.8,2009-09-16,2009,1,1,
BLIND L NBS,Blind Lake,Boulder Mountain,North Boulder Slope,Wayne,Rainbows,RAINBOW,4998,3.36,2010-07-07,2010,1,1,
BLIND L NBS,Blind Lake,Boulder Mountain,North Boulder Slope,Wayne,Splake,SPLAKE,747,3.66,2010-07-07,2010,1,1,
BLIND L NBS,Blind Lake,Boulder Mountain,North Boulder Slope,Wayne,Cutthroats,CUTTHROAT,10002,2.06,2010-09-13,2010,1,1,
BLIND L TLM,Blind Lake,Thousand Lake Mountain,Thousand Lake Mountain,Wayne,Brookies,BROOK TROUT,216,3.26,2011-07-20,2011,1,1,
BLIND L NBS,Blind Lake,Boulder Mountain,North Boulder Slope,Wayne,Rainbows,RAINBOW,2547,3.53,2011-07-26,2011,1,1,
BLIND L NBS,Blind Lake,Boulder Mountain,North Boulder Slope,Wayne,Splake,SPLAKE,761,3.68,2011-07-26,2011,1,1,
BLIND L NBS,Blind Lake,Boulder Mountain,North Boulder Slope,Wayne,Rainbows,RAINBOW,2547,3.53,2011-07-28,2011,1,1,
BLIND L NBS,Blind Lake,Boulder Mountain,North Boulder Slope,Wayne,Cutthroats,CUTTHROAT,10046,1.74,2011-09-20,2011,1,1,
BLIND L NBS,Blind Lake,Boulder Mountain,North Boulder Slope,Wayne,Rainbows,RAINBOW,4989,3.2,2012-07-06,2012,1,1,
BLIND L NBS,Blind Lake,Boulder Mountain,North Boulder Slope,Wayne,Splake,SPLAKE,805,3.41,2012-07-06,2012,1,1,
BLIND L NBS,Blind Lake,Boulder Mountain,North Boulder Slope,Wayne,Cutthroats,CUTTHROAT,10918,2.4,2012-09-18,2012,1,1,
BLIND L NBS,Blind Lake,Boulder Mountain,North Boulder Slope,Wayne,Rainbows,RAINBOW,5014,2.97,2013-07-01,2013,1,1,
BLIND L NBS,Blind Lake,Boulder Mountain,North Boulder Slope,Wayne,Splake,SPLAKE,750,2.63,2013-07-01,2013,1,1,
BLIND L TLM,Blind Lake,Thousand Lake Mountain,Thousand Lake Mountain,Wayne,Brookies,BROOK TROUT,236,2.89,2013-07-30,2013,1,1,
BLIND L NBS,Blind Lake,Boulder Mountain,North Boulder Slope,Wayne,Cutthroats,CUTTHROAT,9977,2.34,2013-09-16,2013,1,1,
BLIND L NBS,Blind Lake,Boulder Mountain,North Boulder Slope,Wayne,Grayling,GRAYLING ARCTIC,2990,3.13,2013-09-16,2013,1,1,
BLIND L NBS,Blind Lake,Boulder Mountain,North Boulder Slope,Wayne,Rainbows,RAINBOW,5028,3.09,2014-06-11,2014,1,1,
BLIND L NBS,Blind Lake,Boulder Mountain,North Boulder Slope,Wayne,Splake,SPLAKE,764,2.96,2014-06-11,2014,1,1,
BLIND L NBS,Blind Lake,Boulder Mountain,North Boulder Slope,Wayne,Grayling,GRAYLING ARCTIC,2992,2.27,2014-08-27,2014,1,1,
BLIND L NBS,Blind Lake,Boulder Mountain,North Boulder Slope,Wayne,Cutthroats,CUTTHROAT,8256,1.61,2014-09-10,2014,1,1,
BLIND L NBS,Blind Lake,Boulder Mountain,North Boulder Slope,Wayne,Splake,SPLAKE,749,3.22,2015-06-29,2015,1,1,
BLIND L TLM,Blind Lake,Thousand Lake Mountain,Thousand Lake Mountain,Wayne,Brookies,BROOK TROUT,105,2.55,2015-07-22,2015,1,1,
BLIND L NBS,Blind Lake,Boulder Mountain,North Boulder Slope,Wayne,Grayling,GRAYLING ARCTIC,2987,2.4,2015-08-24,2015,1,1,
BLIND L NBS,Blind Lake,Boulder Mountain,North Boulder Slope,Wayne,Cutthroats,CUTTHROAT,8080,1.78,2015-09-18,2015,1,1,
BLIND L NBS,Blind Lake,Boulder Mountain,North Boulder Slope,Wayne,Rainbows,RAINBOW,4997,2.76,2016-06-27,2016,1,1,
BLIND L NBS,Blind Lake,Boulder Mountain,North Boulder Slope,Wayne,Splake,SPLAKE,747,3.13,2016-06-27,2016,1,1,
BLIND L NBS,Blind Lake,Boulder Mountain,North Boulder Slope,Wayne,Cutthroats,CUTTHROAT,10000,1.79,2016-09-19,2016,1,1,
BLIND L NBS,Blind Lake,Boulder Mountain,North Boulder Slope,Wayne,Rainbows,RAINBOW,5052,3.08,2017-06-25,2017,1,1,
BLIND L TLM,Blind Lake,Thousand Lake Mountain,Thousand Lake Mountain,Wayne,Brookies,BROOK TROUT,105,2.55,2017-06-26,2017,1,1,
BLIND L NBS,Blind Lake,Boulder Mountain,North Boulder Slope,Wayne,Cutthroats,CUTTHROAT,8028,1.6,2017-09-18,2017,1,1,
BLIND L NBS,Blind Lake,Boulder Mountain,North Boulder Slope,Wayne,Grayling,GRAYLING ARCTIC,3001,2.79,2017-09-18,2017,1,1,
BLIND L NBS,Blind Lake,Boulder Mountain,North Boulder Slope,Wayne,Rainbows,RAINBOW,5526,2.61,2018-06-25,2018,1,1,
BLIND L NBS,Blind Lake,Boulder Mountain,North Boulder Slope,Wayne,Cutthroats,CUTTHROAT,8040,2.04,2018-10-01,2018,1,1,
BLIND L NBS,Blind Lake,Boulder Mountain,North Boulder Slope,Wayne,Grayling,GRAYLING ARCTIC,3016,3.25,2018-10-09,2018,1,1,
BLIND L NBS,Blind Lake,Boulder Mountain,North Boulder Slope,Wayne,Rainbows,RAINBOW,5371,2.45,2019-07-03,2019,1,1,
BLIND L TLM,Blind Lake,Thousand Lake Mountain,Thousand Lake Mountain,Wayne,Brookies,BROOK TROUT,108,3.03,2019-07-18,2019,1,1,
BLIND L NBS,Blind Lake,Boulder Mountain,North Boulder Slope,Wayne,Grayling,GRAYLING ARCTIC,2997,2.29,2019-09-24,2019,1,1,
BLIND L NBS,Blind Lake,Boulder Mountain,North Boulder Slope,Wayne,Cutthroats,CUTTHROAT,7968,1.51,2019-09-25,2019,1,1,
BLIND L NBS,Blind Lake,Boulder Mountain,North Boulder Slope,Wayne,Rainbows,RAINBOW,4956,2.41,2020-07-01,2020,1,1,
BLIND L NBS,Blind Lake,Boulder Mountain,North Boulder Slope,Wayne,Splake,SPLAKE,503,3.25,2020-07-01,2020,1,1,
BLIND L NBS,Blind Lake,Boulder Mountain,North Boulder Slope,Wayne,Grayling,GRAYLING ARCTIC,3006,2.81,2020-09-28,2020,1,1,
BLIND L NBS,Blind Lake,Boulder Mountain,North Boulder Slope,Wayne,Rainbows,RAINBOW,5512,2.82,2021-07-06,2021,1,1,
BLIND L NBS,Blind Lake,Boulder Mountain,North Boulder Slope,Wayne,Splake,SPLAKE,412,3.33,2021-07-06,2021,1,1,
BLIND L TLM,Blind Lake,Thousand Lake Mountain,Thousand Lake Mountain,Wayne,Brookies,BROOK TROUT,108,3.03,2021-08-03,2021,1,1,
BLIND L NBS,Blind Lake,Boulder Mountain,North Boulder Slope,Wayne,Grayling,GRAYLING ARCTIC,3010,2.65,2021-09-23,2021,1,1,
BLIND L NBS,Blind Lake,Boulder Mountain,North Boulder Slope,Wayne,Kokanee,KOKANEE,4012,2.32,2022-05-25,2022,1,1,
BLIND L NBS,Blind Lake,Boulder Mountain,North Boulder Slope,Wayne,Rainbows,RAINBOW,2014,2.85,2022-07-07,2022,1,1,
BLIND L NBS,Blind Lake,Boulder Mountain,North Boulder Slope,Wayne,Cutthroats,CUTTHROAT,2016,2.07,2022-09-26,2022,1,1,
BLIND L NBS,Blind Lake,Boulder Mountain,North Boulder Slope,Wayne,Kokanee,KOKANEE,2677,3.28,2023-06-14,2023,1,1,
BLIND L NBS,Blind Lake,Boulder Mountain,North Boulder Slope,Wayne,Rainbows,RAINBOW,2000,3.14,2023-07-10,2023,1,1,
BLIND L NBS,Blind Lake,Boulder Mountain,North Boulder Slope,Wayne,Splake,SPLAKE,258,2.44,2023-07-10,2023,1,1,
BLIND L TLM,Blind Lake,Thousand Lake Mountain,Thousand Lake Mountain,Wayne,Brookies,BROOK TROUT,103,2.9,2023-07-25,2023,1,1,
BLIND L NBS,Blind Lake,Boulder Mountain,North Boulder Slope,Wayne,Cutthroats,CUTTHROAT,2048,1.31,2023-09-18,2023,1,1,
BLIND L NBS,Blind Lake,Boulder Mountain,North Boulder Slope,Wayne,Kokanee,KOKANEE,7925,3.2,2024-06-05,2024,1,1,
BLIND L NBS,Blind Lake,Boulder Mountain,North Boulder Slope,Wayne,Rainbows,RAINBOW,2058,2.56,2024-06-24,2024,1,1,
BLIND L NBS,Blind Lake,Boulder Mountain,North Boulder Slope,Wayne,Splake,SPLAKE,257,2.65,2024-06-24,2024,1,1,
BLIND L NBS,Blind Lake,Boulder Mountain,North Boulder Slope,Wayne,Grayling,GRAYLING ARCTIC,398,2.47,2024-09-25,2024,1,1,
BLIND L NBS,Blind Lake,Boulder Mountain,North Boulder Slope,Wayne,Cutthroats,CUTTHROAT,2008,1.68,2024-09-26,2024,1,1,
BLIND L NBS,Blind Lake,Boulder Mountain,North Boulder Slope,Wayne,Kokanee,KOKANEE,4003,3.98,2025-05-29,2025,1,1,
BLIND L NBS,Blind Lake,Boulder Mountain,North Boulder Slope,Wayne,Cutthroats,CUTTHROAT,1995,2.0,2025-06-23,2025,1,1,
BLIND L NBS,Blind Lake,Boulder Mountain,North Boulder Slope,Wayne,Rainbows,RAINBOW,1999,2.31,2025-06-23,2025,1,1,
BLIND L TLM,Blind Lake,Thousand Lake Mountain,Thousand Lake Mountain,Wayne,Brookies,BROOK TROUT,110,3.57,2025-07-29,2025,1,1,
BLIND L NBS,Blind Lake,Boulder Mountain,North Boulder Slope,Wayne,Kokanee,KOKANEE,3981,3.5,2026-04-28,2026,1,1,
BLIND L NBS,Blind Lake,Boulder Mountain,North Boulder Slope,Wayne,Kokanee,KOKANEE,4208,3.5,2026-04-28,2026,1,1,
BLIND L NBS,Blind Lake,Boulder Mountain,North Boulder Slope,Wayne,Rainbows,RAINBOW,2088,2.42,2026-07-13,2026,1,1,
BLIND L NBS,Blind Lake,Boulder Mountain,North Boulder Slope,Wayne,Cutthroats,CUTTHROAT,1002,2.05,2026-07-16,2026,1,1,
BLIND L NBS,Blind Lake,Boulder Mountain,North Boulder Slope,Wayne,Cutthroats,CUTTHROAT,1003,1.61,2026-07-16,2026,1,1,
BLUE L GT,Blue Lake,Griffin Top,Griffin Top,Garfield,Brookies,BROOK TROUT,504,2.88,2002-07-08,2002,1,1,
BLUE L GT,Blue Lake,Griffin Top,Griffin Top,Garfield,Brookies,BROOK TROUT,500,2.62,2003-07-06,2003,1,1,
BLUE L GT,Blue Lake,Griffin Top,Griffin Top,Garfield,Brookies,BROOK TROUT,507,2.34,2004-07-12,2004,1,1,
BLUE L GT,Blue Lake,Griffin Top,Griffin Top,Garfield,Brookies,BROOK TROUT,503,3.22,2007-07-12,2007,1,1,
BLUE L GT,Blue Lake,Griffin Top,Griffin Top,Garfield,Grayling,GRAYLING ARCTIC,499,1.5,2007-07-31,2007,1,1,
BLUE L GT,Blue Lake,Griffin Top,Griffin Top,Garfield,Brookies,BROOK TROUT,510,3.2,2008-07-07,2008,1,1,
BLUE L GT,Blue Lake,Griffin Top,Griffin Top,Garfield,Brookies,BROOK TROUT,519,2.89,2009-07-15,2009,1,1,
BLUE L GT,Blue Lake,Griffin Top,Griffin Top,Garfield,Brookies,BROOK TROUT,514,2.71,2010-07-07,2010,1,1,
BLUE L GT,Blue Lake,Griffin Top,Griffin Top,Garfield,Grayling,GRAYLING ARCTIC,488,2.02,2010-09-16,2010,1,1,
BLUE L GT,Blue Lake,Griffin Top,Griffin Top,Garfield,Brookies,BROOK TROUT,501,3.27,2011-07-28,2011,1,1,
BLUE L GT,Blue Lake,Griffin Top,Griffin Top,Garfield,Brookies,BROOK TROUT,494,2.63,2012-07-13,2012,1,1,
BLUE L GT,Blue Lake,Griffin Top,Griffin Top,Garfield,Brookies,BROOK TROUT,502,2.55,2013-07-01,2013,1,1,
BLUE L GT,Blue Lake,Griffin Top,Griffin Top,Garfield,Grayling,GRAYLING ARCTIC,272,2.27,2014-08-27,2014,1,1,
BLUE L GT,Blue Lake,Griffin Top,Griffin Top,Garfield,Grayling,GRAYLING ARCTIC,261,2.4,2015-08-24,2015,1,1,
BLUE L GT,Blue Lake,Griffin Top,Griffin Top,Garfield,Grayling,GRAYLING ARCTIC,250,2.79,2017-09-18,2017,1,1,
BLUE L NCL,Blue Lake,Boulder Mountain,North Creek Lakes,Garfield,Tigers,TIGER TROUT,52,3.76,2018-05-22,2018,1,1,
BLUE L GT,Blue Lake,Griffin Top,Griffin Top,Garfield,Grayling,GRAYLING ARCTIC,255,3.25,2018-10-09,2018,1,1,
BLUE L GT,Blue Lake,Griffin Top,Griffin Top,Garfield,Grayling,GRAYLING ARCTIC,250,2.29,2019-09-24,2019,1,1,
BLUE L NCL,Blue Lake,Boulder Mountain,North Creek Lakes,Garfield,Tigers,TIGER TROUT,54,3.25,2020-07-28,2020,1,1,
BLUE L GT,Blue Lake,Griffin Top,Griffin Top,Garfield,Grayling,GRAYLING ARCTIC,252,2.81,2020-09-28,2020,1,1,
BLUE L GT,Blue Lake,Griffin Top,Griffin Top,Garfield,Splake,SPLAKE,90,3.33,2021-07-06,2021,1,1,
BLUE L NCL,Blue Lake,Boulder Mountain,North Creek Lakes,Garfield,Tigers,TIGER TROUT,193,3.09,2021-07-13,2021,1,1,
BLUE L GT,Blue Lake,Griffin Top,Griffin Top,Garfield,Grayling,GRAYLING ARCTIC,258,2.65,2021-09-23,2021,1,1,
BLUE L NCL,Blue Lake,Boulder Mountain,North Creek Lakes,Garfield,Tigers,TIGER TROUT,52,3.39,2022-08-16,2022,1,1,
BLUE L GT,Blue Lake,Griffin Top,Griffin Top,Garfield,Cutthroats,CUTTHROAT,64,2.07,2022-09-26,2022,1,1,
BLUE L NCL,Blue Lake,Boulder Mountain,North Creek Lakes,Garfield,Tigers,TIGER TROUT,52,3.31,2023-08-01,2023,1,1,
BLUE L GT,Blue Lake,Griffin Top,Griffin Top,Garfield,Cutthroats,CUTTHROAT,51,1.31,2023-09-18,2023,1,1,
BLUE L NCL,Blue Lake,Boulder Mountain,North Creek Lakes,Garfield,Tigers,TIGER TROUT,59,3.38,2024-08-07,2024,1,1,
BLUE L GT,Blue Lake,Griffin Top,Griffin Top,Garfield,Cutthroats,CUTTHROAT,50,2.54,2025-08-15,2025,1,1,
BLUE L NCL,Blue Lake,Boulder Mountain,North Creek Lakes,Garfield,Tigers,TIGER TROUT,53,2.87,2026-07-15,2026,1,1,
BOBS HOLE NBS,Bobs Hole,Boulder Mountain,North Boulder Slope,Wayne,Brookies,BROOK TROUT,599,2.88,2002-07-08,2002,1,1,
BOBS HOLE NBS,Bobs Hole,Boulder Mountain,North Boulder Slope,Wayne,Brookies,BROOK TROUT,598,2.62,2003-07-06,2003,1,1,
BOBS HOLE NBS,Bobs Hole,Boulder Mountain,North Boulder Slope,Wayne,Brookies,BROOK TROUT,605,2.34,2004-07-12,2004,1,1,
BOBS HOLE NBS,Bobs Hole,Boulder Mountain,North Boulder Slope,Wayne,Brookies,BROOK TROUT,601,2.34,2005-07-10,2005,1,1,
BOBS HOLE NBS,Bobs Hole,Boulder Mountain,North Boulder Slope,Wayne,Brookies,BROOK TROUT,599,2.88,2006-07-10,2006,1,1,
BOBS HOLE NBS,Bobs Hole,Boulder Mountain,North Boulder Slope,Wayne,Brookies,BROOK TROUT,600,3.22,2007-07-12,2007,1,1,
BOBS HOLE NBS,Bobs Hole,Boulder Mountain,North Boulder Slope,Wayne,Brookies,BROOK TROUT,612,3.2,2008-07-07,2008,1,1,
BOBS HOLE NBS,Bobs Hole,Boulder Mountain,North Boulder Slope,Wayne,Brookies,BROOK TROUT,613,2.89,2009-07-15,2009,1,1,
BOBS HOLE NBS,Bobs Hole,Boulder Mountain,North Boulder Slope,Wayne,Brookies,BROOK TROUT,602,2.71,2010-07-07,2010,1,1,
BOBS HOLE NBS,Bobs Hole,Boulder Mountain,North Boulder Slope,Wayne,Brookies,BROOK TROUT,615,3.27,2011-07-26,2011,1,1,
BOBS HOLE NBS,Bobs Hole,Boulder Mountain,North Boulder Slope,Wayne,Brookies,BROOK TROUT,603,2.63,2012-07-13,2012,1,1,
BOBS HOLE NBS,Bobs Hole,Boulder Mountain,North Boulder Slope,Wayne,Brookies,BROOK TROUT,605,2.55,2013-07-01,2013,1,1,
BOBS HOLE NBS,Bobs Hole,Boulder Mountain,North Boulder Slope,Wayne,Brookies,BROOK TROUT,193,2.35,2014-06-11,2014,1,1,
BOBS HOLE NBS,Bobs Hole,Boulder Mountain,North Boulder Slope,Wayne,Brookies,BROOK TROUT,202,2.85,2015-06-29,2015,1,1,
BOBS HOLE NBS,Bobs Hole,Boulder Mountain,North Boulder Slope,Wayne,Brookies,BROOK TROUT,258,2.13,2016-06-27,2016,1,1,
BOBS HOLE NBS,Bobs Hole,Boulder Mountain,North Boulder Slope,Wayne,Tigers,TIGER TROUT,49,3.55,2016-06-27,2016,1,1,
BOBS HOLE NBS,Bobs Hole,Boulder Mountain,North Boulder Slope,Wayne,Brookies,BROOK TROUT,201,2.39,2017-06-26,2017,1,1,
BOBS HOLE NBS,Bobs Hole,Boulder Mountain,North Boulder Slope,Wayne,Tigers,TIGER TROUT,50,2.71,2017-06-26,2017,1,1,
BOBS HOLE NBS,Bobs Hole,Boulder Mountain,North Boulder Slope,Wayne,Brookies,BROOK TROUT,196,2.95,2018-06-25,2018,1,1,
BOBS HOLE NBS,Bobs Hole,Boulder Mountain,North Boulder Slope,Wayne,Tigers,TIGER TROUT,51,2.83,2018-06-25,2018,1,1,
BOBS HOLE NBS,Bobs Hole,Boulder Mountain,North Boulder Slope,Wayne,Brookies,BROOK TROUT,205,2.85,2019-07-03,2019,1,1,
BOBS HOLE NBS,Bobs Hole,Boulder Mountain,North Boulder Slope,Wayne,Tigers,TIGER TROUT,52,2.89,2019-07-03,2019,1,1,
BOBS HOLE NBS,Bobs Hole,Boulder Mountain,North Boulder Slope,Wayne,Brookies,BROOK TROUT,218,2.69,2020-07-01,2020,1,1,
BOBS HOLE NBS,Bobs Hole,Boulder Mountain,North Boulder Slope,Wayne,Tigers,TIGER TROUT,66,2.84,2020-07-01,2020,1,1,
BOBS HOLE NBS,Bobs Hole,Boulder Mountain,North Boulder Slope,Wayne,Brookies,BROOK TROUT,203,2.76,2021-07-06,2021,1,1,
BOBS HOLE NBS,Bobs Hole,Boulder Mountain,North Boulder Slope,Wayne,Tigers,TIGER TROUT,49,2.95,2021-07-06,2021,1,1,
BOBS HOLE NBS,Bobs Hole,Boulder Mountain,North Boulder Slope,Wayne,Brookies,BROOK TROUT,203,2.96,2022-07-07,2022,1,1,
BOBS HOLE NBS,Bobs Hole,Boulder Mountain,North Boulder Slope,Wayne,Tigers,TIGER TROUT,45,2.82,2022-07-07,2022,1,1,
BOBS HOLE NBS,Bobs Hole,Boulder Mountain,North Boulder Slope,Wayne,Brookies,BROOK TROUT,207,2.57,2023-07-10,2023,1,1,
BOBS HOLE NBS,Bobs Hole,Boulder Mountain,North Boulder Slope,Wayne,Tigers,TIGER TROUT,53,2.87,2023-07-10,2023,1,1,
BOBS HOLE NBS,Bobs Hole,Boulder Mountain,North Boulder Slope,Wayne,Brookies,BROOK TROUT,194,2.62,2024-06-24,2024,1,1,
BOBS HOLE NBS,Bobs Hole,Boulder Mountain,North Boulder Slope,Wayne,Tigers,TIGER TROUT,53,2.68,2024-06-24,2024,1,1,
BOBS HOLE NBS,Bobs Hole,Boulder Mountain,North Boulder Slope,Wayne,Brookies,BROOK TROUT,201,2.97,2025-06-23,2025,1,1,
BOBS HOLE NBS,Bobs Hole,Boulder Mountain,North Boulder Slope,Wayne,Tigers,TIGER TROUT,45,2.81,2025-06-23,2025,1,1,
BOBS HOLE NBS,Bobs Hole,Boulder Mountain,North Boulder Slope,Wayne,Brookies,BROOK TROUT,199,2.93,2026-07-13,2026,1,1,
BOBS HOLE NBS,Bobs Hole,Boulder Mountain,North Boulder Slope,Wayne,Tigers,TIGER TROUT,53,2.87,2026-07-13,2026,1,1,
"BOULDER CR, W FK",Boulder Creek West Fork,Boulder Mountain,,Garfield,Cutthroats,CUTTHROAT,203,4.2,2020-10-21,2020,1,1,
BULLBERRY L#4(NORTH),Bullberry Lake #4 (North),Boulder Mountain,,Wayne,Tigers,TIGER TROUT,200,3.84,2005-07-11,2005,1,1,
BULLBERRY L#4(NORTH),Bullberry Lake #4 (North),Boulder Mountain,,Wayne,Cutthroats,CUTTHROAT,150,1.94,2005-10-04,2005,1,1,
BULLBERRY L#4(NORTH),Bullberry Lake #4 (North),Boulder Mountain,,Wayne,Tigers,TIGER TROUT,200,4.04,2006-07-25,2006,1,1,
BULLBERRY L#4(NORTH),Bullberry Lake #4 (North),Boulder Mountain,,Wayne,Tigers,TIGER TROUT,200,4.08,2008-07-22,2008,1,1,
BULLBERRY L#4(NORTH),Bullberry Lake #4 (North),Boulder Mountain,,Wayne,Tigers,TIGER TROUT,200,3.74,2010-06-29,2010,1,1,
BULLBERRY L#4(NORTH),Bullberry Lake #4 (North),Boulder Mountain,,Wayne,Tigers,TIGER TROUT,50,3.73,2014-06-25,2014,1,1,
BULLBERRY L#4(NORTH),Bullberry Lake #4 (North),Boulder Mountain,,Wayne,Tigers,TIGER TROUT,51,3.58,2016-05-25,2016,1,1,
BULLBERRY L#4(NORTH),Bullberry Lake #4 (North),Boulder Mountain,,Wayne,Tigers,TIGER TROUT,50,2.85,2018-07-10,2018,1,1,
BULLBERRY L#4(NORTH),Bullberry Lake #4 (North),Boulder Mountain,,Wayne,Tigers,TIGER TROUT,52,2.45,2020-05-21,2020,1,1,
BULLBERRY L#4(NORTH),Bullberry Lake #4 (North),Boulder Mountain,,Wayne,Tigers,TIGER TROUT,51,2.69,2022-06-15,2022,1,1,
BULLBERRY L#4(NORTH),Bullberry Lake #4 (North),Boulder Mountain,,Wayne,Tigers,TIGER TROUT,61,2.91,2024-07-15,2024,1,1,
BULLBERRY L#4(NORTH),Bullberry Lake #4 (North),Boulder Mountain,,Wayne,Tigers,TIGER TROUT,51,2.75,2026-07-07,2026,1,1,
CALF CR,Calf Creek,Boulder Mountain,,Garfield,Cutthroats,CUTTHROAT,136,1.85,2014-09-10,2014,1,1,
CASTLE CR,Castle Creek,Southwest Garfield,,Garfield,Cutthroats,CUTTHROAT,13026,2.05,2017-09-25,2017,1,1,
CASTLE CR,Castle Creek,Southwest Garfield,,Garfield,Tigers,TIGER TROUT,200,5.63,2018-08-21,2018,1,1,
CENTER CR,Center Creek,Escalante Mountains,,Garfield,Cutthroats,CUTTHROAT,2453,2.24,2004-10-18,2004,1,1,
CENTER CR,Center Creek,Escalante Mountains,,Garfield,Cutthroats,CUTTHROAT,2572,1.9,2005-10-12,2005,1,1,
CENTER CR,Center Creek,Escalante Mountains,,Garfield,Cutthroats,CUTTHROAT,1904,2.11,2006-10-06,2006,1,1,
CENTER CR,Center Creek,Escalante Mountains,,Garfield,Cutthroats,CUTTHROAT,622,2.09,2010-09-22,2010,1,1,
CHUCK L BTN,Chuck Lake,Boulder Mountain,Boulder Top (north),Garfield,Brookies,BROOK TROUT,105,2.88,2002-07-08,2002,1,1,
CHUCK L BTN,Chuck Lake,Boulder Mountain,Boulder Top (north),Garfield,Cutthroats,CUTTHROAT,535,1.96,2002-10-11,2002,1,1,
CHUCK L BTN,Chuck Lake,Boulder Mountain,Boulder Top (north),Garfield,Brookies,BROOK TROUT,97,2.62,2003-07-06,2003,1,1,
CHUCK L BTN,Chuck Lake,Boulder Mountain,Boulder Top (north),Garfield,Cutthroats,CUTTHROAT,416,2.08,2003-10-07,2003,1,1,
CHUCK L BTN,Chuck Lake,Boulder Mountain,Boulder Top (north),Garfield,Brookies,BROOK TROUT,98,2.34,2004-07-12,2004,1,1,
CHUCK L BTN,Chuck Lake,Boulder Mountain,Boulder Top (north),Garfield,Brookies,BROOK TROUT,97,2.34,2005-07-10,2005,1,1,
CHUCK L BTN,Chuck Lake,Boulder Mountain,Boulder Top (north),Garfield,Cutthroats,CUTTHROAT,500,1.94,2005-10-04,2005,1,1,
CHUCK L BTN,Chuck Lake,Boulder Mountain,Boulder Top (north),Garfield,Brookies,BROOK TROUT,105,2.88,2006-07-10,2006,1,1,
CHUCK L BTN,Chuck Lake,Boulder Mountain,Boulder Top (north),Garfield,Cutthroats,CUTTHROAT,500,2.32,2006-10-04,2006,1,1,
CHUCK L BTN,Chuck Lake,Boulder Mountain,Boulder Top (north),Garfield,Brookies,BROOK TROUT,98,3.22,2007-07-12,2007,1,1,
CHUCK L BTN,Chuck Lake,Boulder Mountain,Boulder Top (north),Garfield,Cutthroats,CUTTHROAT,513,1.49,2007-09-18,2007,1,1,
CHUCK L BTN,Chuck Lake,Boulder Mountain,Boulder Top (north),Garfield,Brookies,BROOK TROUT,111,3.2,2008-07-07,2008,1,1,
CHUCK L BTN,Chuck Lake,Boulder Mountain,Boulder Top (north),Garfield,Cutthroats,CUTTHROAT,526,2.21,2008-09-23,2008,1,1,
CHUCK L BTN,Chuck Lake,Boulder Mountain,Boulder Top (north),Garfield,Brookies,BROOK TROUT,104,2.89,2009-07-15,2009,1,1,
CHUCK L BTN,Chuck Lake,Boulder Mountain,Boulder Top (north),Garfield,Cutthroats,CUTTHROAT,498,2.09,2009-09-16,2009,1,1,
CHUCK L BTN,Chuck Lake,Boulder Mountain,Boulder Top (north),Garfield,Brookies,BROOK TROUT,111,2.62,2010-07-12,2010,1,1,
CHUCK L BTN,Chuck Lake,Boulder Mountain,Boulder Top (north),Garfield,Cutthroats,CUTTHROAT,400,2.1,2010-09-13,2010,1,1,
CHUCK L BTN,Chuck Lake,Boulder Mountain,Boulder Top (north),Garfield,Brookies,BROOK TROUT,107,3.27,2011-07-28,2011,1,1,
CHUCK L BTN,Chuck Lake,Boulder Mountain,Boulder Top (north),Garfield,Cutthroats,CUTTHROAT,543,1.74,2011-09-20,2011,1,1,
CHUCK L BTN,Chuck Lake,Boulder Mountain,Boulder Top (north),Garfield,Brookies,BROOK TROUT,100,2.47,2012-07-06,2012,1,1,
CHUCK L BTN,Chuck Lake,Boulder Mountain,Boulder Top (north),Garfield,Cutthroats,CUTTHROAT,618,2.4,2012-09-18,2012,1,1,
CHUCK L BTN,Chuck Lake,Boulder Mountain,Boulder Top (north),Garfield,Brookies,BROOK TROUT,104,2.55,2013-07-01,2013,1,1,
CHUCK L BTN,Chuck Lake,Boulder Mountain,Boulder Top (north),Garfield,Cutthroats,CUTTHROAT,528,2.05,2013-09-16,2013,1,1,
CHUCK L BTN,Chuck Lake,Boulder Mountain,Boulder Top (north),Garfield,Brookies,BROOK TROUT,110,1.9,2014-06-11,2014,1,1,
CHUCK L BTN,Chuck Lake,Boulder Mountain,Boulder Top (north),Garfield,Brookies,BROOK TROUT,105,2.97,2015-06-29,2015,1,1,
CHUCK L BTN,Chuck Lake,Boulder Mountain,Boulder Top (north),Garfield,Brookies,BROOK TROUT,150,2.27,2016-06-27,2016,1,1,
CHUCK L BTN,Chuck Lake,Boulder Mountain,Boulder Top (north),Garfield,Brookies,BROOK TROUT,105,2.55,2017-06-26,2017,1,1,
CHUCK L BTN,Chuck Lake,Boulder Mountain,Boulder Top (north),Garfield,Brookies,BROOK TROUT,98,2.84,2018-06-25,2018,1,1,
CHUCK L BTN,Chuck Lake,Boulder Mountain,Boulder Top (north),Garfield,Brookies,BROOK TROUT,105,2.88,2019-07-03,2019,1,1,
CHUCK L BTN,Chuck Lake,Boulder Mountain,Boulder Top (north),Garfield,Brookies,BROOK TROUT,106,2.55,2020-07-01,2020,1,1,
CHUCK L BTN,Chuck Lake,Boulder Mountain,Boulder Top (north),Garfield,Brookies,BROOK TROUT,101,2.71,2021-07-06,2021,1,1,
CHUCK L BTN,Chuck Lake,Boulder Mountain,Boulder Top (north),Garfield,Brookies,BROOK TROUT,96,2.97,2022-07-07,2022,1,1,
CHUCK L BTN,Chuck Lake,Boulder Mountain,Boulder Top (north),Garfield,Brookies,BROOK TROUT,97,2.63,2023-07-11,2023,1,1,
CHUCK L BTN,Chuck Lake,Boulder Mountain,Boulder Top (north),Garfield,Brookies,BROOK TROUT,96,2.63,2024-06-24,2024,1,1,
CHUCK L BTN,Chuck Lake,Boulder Mountain,Boulder Top (north),Garfield,Brookies,BROOK TROUT,100,2.92,2025-06-23,2025,1,1,
CHUCK L BTN,Chuck Lake,Boulder Mountain,Boulder Top (north),Garfield,Brookies,BROOK TROUT,106,2.77,2026-07-13,2026,1,1,
CIRCLE L BTS,Circle Lake,Boulder Mountain,Boulder Top (south),Garfield,Grayling,GRAYLING ARCTIC,389,1.5,2007-07-31,2007,1,1,
CIRCLE L BTS,Circle Lake,Boulder Mountain,Boulder Top (south),Garfield,Grayling,GRAYLING ARCTIC,494,3.13,2013-09-24,2013,1,1,
CIRCLE L BTS,Circle Lake,Boulder Mountain,Boulder Top (south),Garfield,Grayling,GRAYLING ARCTIC,510,2.27,2014-08-27,2014,1,1,
CIRCLE L BTS,Circle Lake,Boulder Mountain,Boulder Top (south),Garfield,Grayling,GRAYLING ARCTIC,539,2.4,2015-08-24,2015,1,1,
CIRCLE L BTS,Circle Lake,Boulder Mountain,Boulder Top (south),Garfield,Grayling,GRAYLING ARCTIC,500,2.79,2017-09-18,2017,1,1,
CIRCLE L BTS,Circle Lake,Boulder Mountain,Boulder Top (south),Garfield,Grayling,GRAYLING ARCTIC,500,2.29,2019-09-24,2019,1,1,
CLARK L NBS,Clark Lake,Boulder Mountain,North Boulder Slope,Wayne,Grayling,GRAYLING ARCTIC,299,3.13,2013-09-16,2013,1,1,
CLARK L NBS,Clark Lake,Boulder Mountain,North Boulder Slope,Wayne,Grayling,GRAYLING ARCTIC,306,2.27,2014-08-27,2014,1,1,
CLARK L NBS,Clark Lake,Boulder Mountain,North Boulder Slope,Wayne,Grayling,GRAYLING ARCTIC,290,2.4,2015-08-24,2015,1,1,
CLARK L NBS,Clark Lake,Boulder Mountain,North Boulder Slope,Wayne,Grayling,GRAYLING ARCTIC,300,2.79,2017-09-18,2017,1,1,
CLARK L NBS,Clark Lake,Boulder Mountain,North Boulder Slope,Wayne,Grayling,GRAYLING ARCTIC,302,3.25,2018-10-09,2018,1,1,
CLARK L NBS,Clark Lake,Boulder Mountain,North Boulder Slope,Wayne,Grayling,GRAYLING ARCTIC,300,2.29,2019-09-24,2019,1,1,
CLEAR L NBS,Clear Lake,Boulder Mountain,North Boulder Slope,Wayne,Tigers,TIGER TROUT,200,3.84,2005-07-11,2005,1,1,
CLEAR L NBS,Clear Lake,Boulder Mountain,North Boulder Slope,Wayne,Cutthroats,CUTTHROAT,50,1.94,2005-10-04,2005,1,1,
CLEAR L NBS,Clear Lake,Boulder Mountain,North Boulder Slope,Wayne,Tigers,TIGER TROUT,200,4.04,2006-07-25,2006,1,1,
CLEAR L NBS,Clear Lake,Boulder Mountain,North Boulder Slope,Wayne,Tigers,TIGER TROUT,200,4.08,2008-07-22,2008,1,1,
CLEAR L NBS,Clear Lake,Boulder Mountain,North Boulder Slope,Wayne,Tigers,TIGER TROUT,200,3.74,2010-06-29,2010,1,1,
CLEAR L NBS,Clear Lake,Boulder Mountain,North Boulder Slope,Wayne,Tigers,TIGER TROUT,50,3.73,2014-06-25,2014,1,1,
CLEAR L NBS,Clear Lake,Boulder Mountain,North Boulder Slope,Wayne,Tigers,TIGER TROUT,50,2.85,2018-07-10,2018,1,1,
CLEAR L NBS,Clear Lake,Boulder Mountain,North Boulder Slope,Wayne,Tigers,TIGER TROUT,52,2.45,2020-05-21,2020,1,1,
CLEAR L NBS,Clear Lake,Boulder Mountain,North Boulder Slope,Wayne,Tigers,TIGER TROUT,51,2.69,2022-06-15,2022,1,1,
CLEAR L NBS,Clear Lake,Boulder Mountain,North Boulder Slope,Wayne,Tigers,TIGER TROUT,61,2.91,2024-07-15,2024,1,1,
CLEAR L NBS,Clear Lake,Boulder Mountain,North Boulder Slope,Wayne,Tigers,TIGER TROUT,51,2.75,2026-07-07,2026,1,1,
COLEMAN RES NBS,Coleman Reservoir,Boulder Mountain,North Boulder Slope,Wayne,Rainbows,RAINBOW,504,10.62,2007-06-21,2007,1,1,
COLEMAN RES NBS,Coleman Reservoir,Boulder Mountain,North Boulder Slope,Wayne,Brookies,BROOK TROUT,267,4.65,2007-07-11,2007,1,1,
COLEMAN RES NBS,Coleman Reservoir,Boulder Mountain,North Boulder Slope,Wayne,Rainbows,RAINBOW,306,4.57,2007-07-18,2007,1,1,
COLEMAN RES NBS,Coleman Reservoir,Boulder Mountain,North Boulder Slope,Wayne,Rainbows,RAINBOW,321,3.04,2008-06-24,2008,1,1,
COLEMAN RES NBS,Coleman Reservoir,Boulder Mountain,North Boulder Slope,Wayne,Brookies,BROOK TROUT,261,3.35,2008-07-09,2008,1,1,
COLEMAN RES NBS,Coleman Reservoir,Boulder Mountain,North Boulder Slope,Wayne,Rainbows,RAINBOW,330,4.21,2009-06-11,2009,1,1,
COLEMAN RES NBS,Coleman Reservoir,Boulder Mountain,North Boulder Slope,Wayne,Brookies,BROOK TROUT,252,3.33,2009-07-08,2009,1,1,
COLEMAN RES NBS,Coleman Reservoir,Boulder Mountain,North Boulder Slope,Wayne,Rainbows,RAINBOW,300,3.95,2010-06-10,2010,1,1,
COLEMAN RES NBS,Coleman Reservoir,Boulder Mountain,North Boulder Slope,Wayne,Brookies,BROOK TROUT,263,2.62,2010-07-12,2010,1,1,
COLEMAN RES NBS,Coleman Reservoir,Boulder Mountain,North Boulder Slope,Wayne,Rainbows,RAINBOW,307,3.64,2011-06-13,2011,1,1,
COLEMAN RES NBS,Coleman Reservoir,Boulder Mountain,North Boulder Slope,Wayne,Brookies,BROOK TROUT,266,3.26,2011-07-20,2011,1,1,
COLEMAN RES NBS,Coleman Reservoir,Boulder Mountain,North Boulder Slope,Wayne,Rainbows,RAINBOW,300,3.19,2012-07-04,2012,1,1,
COLEMAN RES NBS,Coleman Reservoir,Boulder Mountain,North Boulder Slope,Wayne,Brookies,BROOK TROUT,252,2.52,2012-07-09,2012,1,1,
COLEMAN RES NBS,Coleman Reservoir,Boulder Mountain,North Boulder Slope,Wayne,Rainbows,RAINBOW,336,3.89,2013-05-20,2013,1,1,
COLEMAN RES NBS,Coleman Reservoir,Boulder Mountain,North Boulder Slope,Wayne,Brookies,BROOK TROUT,263,2.64,2013-07-08,2013,1,1,
COLEMAN RES NBS,Coleman Reservoir,Boulder Mountain,North Boulder Slope,Wayne,Rainbows,RAINBOW,320,3.59,2014-05-27,2014,1,1,
COLEMAN RES NBS,Coleman Reservoir,Boulder Mountain,North Boulder Slope,Wayne,Brookies,BROOK TROUT,257,1.9,2014-06-11,2014,1,1,
COLEMAN RES NBS,Coleman Reservoir,Boulder Mountain,North Boulder Slope,Wayne,Rainbows,RAINBOW,335,3.72,2015-06-03,2015,1,1,
COLEMAN RES NBS,Coleman Reservoir,Boulder Mountain,North Boulder Slope,Wayne,Brookies,BROOK TROUT,271,2.55,2015-07-22,2015,1,1,
COLEMAN RES NBS,Coleman Reservoir,Boulder Mountain,North Boulder Slope,Wayne,Rainbows,RAINBOW,336,3.89,2016-05-10,2016,1,1,
COLEMAN RES NBS,Coleman Reservoir,Boulder Mountain,North Boulder Slope,Wayne,Brookies,BROOK TROUT,258,2.27,2016-06-27,2016,1,1,
COLEMAN RES NBS,Coleman Reservoir,Boulder Mountain,North Boulder Slope,Wayne,Rainbows,RAINBOW,338,3.32,2017-05-30,2017,1,1,
COLEMAN RES NBS,Coleman Reservoir,Boulder Mountain,North Boulder Slope,Wayne,Brookies,BROOK TROUT,269,3.16,2017-08-10,2017,1,1,
COLEMAN RES NBS,Coleman Reservoir,Boulder Mountain,North Boulder Slope,Wayne,Rainbows,RAINBOW,333,4.2,2018-04-23,2018,1,1,
COLEMAN RES NBS,Coleman Reservoir,Boulder Mountain,North Boulder Slope,Wayne,Rainbows,RAINBOW,402,3.33,2019-06-18,2019,1,1,
COLEMAN RES NBS,Coleman Reservoir,Boulder Mountain,North Boulder Slope,Wayne,Brookies,BROOK TROUT,250,2.9,2019-07-16,2019,1,1,
COLEMAN RES NBS,Coleman Reservoir,Boulder Mountain,North Boulder Slope,Wayne,Brookies,BROOK TROUT,259,2.2,2020-05-21,2020,1,1,
COLEMAN RES NBS,Coleman Reservoir,Boulder Mountain,North Boulder Slope,Wayne,Rainbows,RAINBOW,400,3.14,2020-06-09,2020,1,1,
COLEMAN RES NBS,Coleman Reservoir,Boulder Mountain,North Boulder Slope,Wayne,Brookies,BROOK TROUT,255,2.56,2021-06-23,2021,1,1,
COLEMAN RES NBS,Coleman Reservoir,Boulder Mountain,North Boulder Slope,Wayne,Rainbows,RAINBOW,450,2.54,2021-06-28,2021,1,1,
COLEMAN RES NBS,Coleman Reservoir,Boulder Mountain,North Boulder Slope,Wayne,Brookies,BROOK TROUT,251,2.75,2022-06-15,2022,1,1,
COLEMAN RES NBS,Coleman Reservoir,Boulder Mountain,North Boulder Slope,Wayne,Rainbows,RAINBOW,150,9.54,2022-06-15,2022,1,1,
COLEMAN RES NBS,Coleman Reservoir,Boulder Mountain,North Boulder Slope,Wayne,Brookies,BROOK TROUT,251,2.49,2023-06-13,2023,1,1,
COLEMAN RES NBS,Coleman Reservoir,Boulder Mountain,North Boulder Slope,Wayne,Rainbows,RAINBOW,171,10.23,2023-06-13,2023,1,1,
COLEMAN RES NBS,Coleman Reservoir,Boulder Mountain,North Boulder Slope,Wayne,Brookies,BROOK TROUT,259,2.89,2024-07-15,2024,1,1,
COLEMAN RES NBS,Coleman Reservoir,Boulder Mountain,North Boulder Slope,Wayne,Rainbows,RAINBOW,154,8.67,2024-07-15,2024,1,1,
COLEMAN RES NBS,Coleman Reservoir,Boulder Mountain,North Boulder Slope,Wayne,Brookies,BROOK TROUT,251,3.22,2025-07-08,2025,1,1,
COLEMAN RES NBS,Coleman Reservoir,Boulder Mountain,North Boulder Slope,Wayne,Rainbows,RAINBOW,159,9.73,2025-07-09,2025,1,1,
COLEMAN RES NBS,Coleman Reservoir,Boulder Mountain,North Boulder Slope,Wayne,Rainbows,RAINBOW,151,9.83,2026-05-11,2026,1,1,
COLEMAN RES NBS,Coleman Reservoir,Boulder Mountain,North Boulder Slope,Wayne,Brookies,BROOK TROUT,250,2.69,2026-07-07,2026,1,1,
COOK L BT,Cook Lake,Boulder Mountain,Boulder Top,Wayne,Rainbows,RAINBOW,1002,9.94,2002-05-28,2002,1,1,
COOK L BT,Cook Lake,Boulder Mountain,Boulder Top,Wayne,Brookies,BROOK TROUT,504,2.88,2002-07-08,2002,1,1,
COOK L BT,Cook Lake,Boulder Mountain,Boulder Top,Wayne,Grayling,GRAYLING ARCTIC,997,0.77,2002-07-30,2002,1,1,
COOK L BT,Cook Lake,Boulder Mountain,Boulder Top,Wayne,Rainbows,RAINBOW,1002,9.91,2003-06-09,2003,1,1,
COOK L BT,Cook Lake,Boulder Mountain,Boulder Top,Wayne,Brookies,BROOK TROUT,500,2.62,2003-07-06,2003,1,1,
COOK L BT,Cook Lake,Boulder Mountain,Boulder Top,Wayne,Grayling,GRAYLING ARCTIC,492,0.89,2003-08-05,2003,1,1,
COOK L BT,Cook Lake,Boulder Mountain,Boulder Top,Wayne,Rainbows,RAINBOW,999,9.75,2004-06-18,2004,1,1,
COOK L BT,Cook Lake,Boulder Mountain,Boulder Top,Wayne,Rainbows,RAINBOW,781,10.43,2005-06-30,2005,1,1,
COOK L BT,Cook Lake,Boulder Mountain,Boulder Top,Wayne,Brookies,BROOK TROUT,504,2.34,2005-07-10,2005,1,1,
COOK L BT,Cook Lake,Boulder Mountain,Boulder Top,Wayne,Rainbows,RAINBOW,780,9.84,2006-06-05,2006,1,1,
COOK L BT,Cook Lake,Boulder Mountain,Boulder Top,Wayne,Brookies,BROOK TROUT,504,2.61,2006-07-10,2006,1,1,
COOK L BT,Cook Lake,Boulder Mountain,Boulder Top,Wayne,Rainbows,RAINBOW,1001,9.98,2007-06-05,2007,1,1,
COOK L BT,Cook Lake,Boulder Mountain,Boulder Top,Wayne,Brookies,BROOK TROUT,498,3.47,2007-07-12,2007,1,1,
COOK L BT,Cook Lake,Boulder Mountain,Boulder Top,Wayne,Rainbows,RAINBOW,1402,9.6,2008-06-16,2008,1,1,
COOK L BT,Cook Lake,Boulder Mountain,Boulder Top,Wayne,Brookies,BROOK TROUT,520,4.14,2008-07-07,2008,1,1,
COOK L BT,Cook Lake,Boulder Mountain,Boulder Top,Wayne,Rainbows,RAINBOW,1404,10.07,2009-06-03,2009,1,1,
COOK L BT,Cook Lake,Boulder Mountain,Boulder Top,Wayne,Brookies,BROOK TROUT,505,3.49,2009-07-15,2009,1,1,
COOK L BT,Cook Lake,Boulder Mountain,Boulder Top,Wayne,Rainbows,RAINBOW,1413,10.24,2010-06-15,2010,1,1,
COOK L BT,Cook Lake,Boulder Mountain,Boulder Top,Wayne,Brookies,BROOK TROUT,503,3.34,2010-07-07,2010,1,1,
COOK L BT,Cook Lake,Boulder Mountain,Boulder Top,Wayne,Rainbows,RAINBOW,1005,10.69,2011-06-22,2011,1,1,
COOK L BT,Cook Lake,Boulder Mountain,Boulder Top,Wayne,Brookies,BROOK TROUT,510,3.48,2011-07-28,2011,1,1,
COOK L BT,Cook Lake,Boulder Mountain,Boulder Top,Wayne,Rainbows,RAINBOW,989,10.04,2012-05-29,2012,1,1,
COOK L BT,Cook Lake,Boulder Mountain,Boulder Top,Wayne,Brookies,BROOK TROUT,502,2.41,2012-07-06,2012,1,1,
COOK L BT,Cook Lake,Boulder Mountain,Boulder Top,Wayne,Rainbows,RAINBOW,1001,8.78,2013-06-18,2013,1,1,
COOK L BT,Cook Lake,Boulder Mountain,Boulder Top,Wayne,Brookies,BROOK TROUT,519,2.55,2013-07-01,2013,1,1,
COOK L BT,Cook Lake,Boulder Mountain,Boulder Top,Wayne,Grayling,GRAYLING ARCTIC,741,3.13,2013-09-24,2013,1,1,
COOK L BT,Cook Lake,Boulder Mountain,Boulder Top,Wayne,Rainbows,RAINBOW,1002,8.32,2014-06-02,2014,1,1,
COOK L BT,Cook Lake,Boulder Mountain,Boulder Top,Wayne,Brookies,BROOK TROUT,502,2.35,2014-06-11,2014,1,1,
COOK L BT,Cook Lake,Boulder Mountain,Boulder Top,Wayne,Grayling,GRAYLING ARCTIC,748,2.27,2014-08-27,2014,1,1,
COOK L BT,Cook Lake,Boulder Mountain,Boulder Top,Wayne,Rainbows,RAINBOW,1014,8.96,2015-06-18,2015,1,1,
COOK L BT,Cook Lake,Boulder Mountain,Boulder Top,Wayne,Brookies,BROOK TROUT,505,2.85,2015-06-29,2015,1,1,
COOK L BT,Cook Lake,Boulder Mountain,Boulder Top,Wayne,Grayling,GRAYLING ARCTIC,754,2.4,2015-08-24,2015,1,1,
COOK L BT,Cook Lake,Boulder Mountain,Boulder Top,Wayne,Rainbows,RAINBOW,501,10.18,2016-06-09,2016,1,1,
COOK L BT,Cook Lake,Boulder Mountain,Boulder Top,Wayne,Tigers,TIGER TROUT,499,9.15,2016-06-13,2016,1,1,
COOK L BT,Cook Lake,Boulder Mountain,Boulder Top,Wayne,Brookies,BROOK TROUT,543,2.13,2016-06-27,2016,1,1,
COOK L BT,Cook Lake,Boulder Mountain,Boulder Top,Wayne,Tigers,TIGER TROUT,497,3.55,2016-06-27,2016,1,1,
COOK L BT,Cook Lake,Boulder Mountain,Boulder Top,Wayne,Rainbows,RAINBOW,1001,10.06,2017-06-22,2017,1,1,
COOK L BT,Cook Lake,Boulder Mountain,Boulder Top,Wayne,Brookies,BROOK TROUT,511,2.39,2017-06-26,2017,1,1,
COOK L BT,Cook Lake,Boulder Mountain,Boulder Top,Wayne,Tigers,TIGER TROUT,100,2.71,2017-06-26,2017,1,1,
COOK L BT,Cook Lake,Boulder Mountain,Boulder Top,Wayne,Tigers,TIGER TROUT,501,8.94,2018-05-23,2018,1,1,
COOK L BT,Cook Lake,Boulder Mountain,Boulder Top,Wayne,Brookies,BROOK TROUT,500,2.95,2018-06-25,2018,1,1,
COOK L BT,Cook Lake,Boulder Mountain,Boulder Top,Wayne,Rainbows,RAINBOW,1002,10.7,2018-06-26,2018,1,1,
COOK L BT,Cook Lake,Boulder Mountain,Boulder Top,Wayne,Rainbows,RAINBOW,501,10.24,2019-06-26,2019,1,1,
COOK L BT,Cook Lake,Boulder Mountain,Boulder Top,Wayne,Brookies,BROOK TROUT,496,2.85,2019-07-03,2019,1,1,
COOK L BT,Cook Lake,Boulder Mountain,Boulder Top,Wayne,Tigers,TIGER TROUT,500,11.25,2019-07-08,2019,1,1,
COOK L BT,Cook Lake,Boulder Mountain,Boulder Top,Wayne,Rainbows,RAINBOW,1020,10.07,2020-06-24,2020,1,1,
COOK L BT,Cook Lake,Boulder Mountain,Boulder Top,Wayne,Tigers,TIGER TROUT,501,9.69,2020-06-25,2020,1,1,
COOK L BT,Cook Lake,Boulder Mountain,Boulder Top,Wayne,Brookies,BROOK TROUT,511,2.69,2020-07-01,2020,1,1,
COOK L BT,Cook Lake,Boulder Mountain,Boulder Top,Wayne,Rainbows,RAINBOW,525,10.5,2021-06-23,2021,1,1,
COOK L BT,Cook Lake,Boulder Mountain,Boulder Top,Wayne,Brookies,BROOK TROUT,501,2.76,2021-07-06,2021,1,1,
COOK L BT,Cook Lake,Boulder Mountain,Boulder Top,Wayne,Tigers,TIGER TROUT,346,9.48,2021-07-06,2021,1,1,
COOK L BT,Cook Lake,Boulder Mountain,Boulder Top,Wayne,Rainbows,RAINBOW,500,10.15,2022-06-21,2022,1,1,
COOK L BT,Cook Lake,Boulder Mountain,Boulder Top,Wayne,Tigers,TIGER TROUT,498,9.11,2022-06-28,2022,1,1,
COOK L BT,Cook Lake,Boulder Mountain,Boulder Top,Wayne,Brookies,BROOK TROUT,501,2.96,2022-07-07,2022,1,1,
COOK L BT,Cook Lake,Boulder Mountain,Boulder Top,Wayne,Brookies,BROOK TROUT,503,2.57,2023-07-11,2023,1,1,
COOK L BT,Cook Lake,Boulder Mountain,Boulder Top,Wayne,Rainbows,RAINBOW,504,9.9,2023-07-13,2023,1,1,
COOK L BT,Cook Lake,Boulder Mountain,Boulder Top,Wayne,Tigers,TIGER TROUT,496,9.49,2023-07-13,2023,1,1,
COOK L BT,Cook Lake,Boulder Mountain,Boulder Top,Wayne,Brookies,BROOK TROUT,499,2.62,2024-06-24,2024,1,1,
COOK L BT,Cook Lake,Boulder Mountain,Boulder Top,Wayne,Tigers,TIGER TROUT,518,9.55,2024-06-26,2024,1,1,
COOK L BT,Cook Lake,Boulder Mountain,Boulder Top,Wayne,Rainbows,RAINBOW,502,9.83,2024-07-16,2024,1,1,
COOK L BT,Cook Lake,Boulder Mountain,Boulder Top,Wayne,Tigers,TIGER TROUT,511,10.45,2025-06-19,2025,1,1,
COOK L BT,Cook Lake,Boulder Mountain,Boulder Top,Wayne,Brookies,BROOK TROUT,498,2.97,2025-06-23,2025,1,1,
COOK L BT,Cook Lake,Boulder Mountain,Boulder Top,Wayne,Rainbows,RAINBOW,505,10.28,2025-06-24,2025,1,1,
COOK L BT,Cook Lake,Boulder Mountain,Boulder Top,Wayne,Tigers,TIGER TROUT,504,9.67,2026-05-26,2026,1,1,
COOK L BT,Cook Lake,Boulder Mountain,Boulder Top,Wayne,Rainbows,RAINBOW,506,10.54,2026-06-24,2026,1,1,
COOK L BT,Cook Lake,Boulder Mountain,Boulder Top,Wayne,Brookies,BROOK TROUT,499,2.93,2026-07-13,2026,1,1,
COTTONWOOD CR,Cottonwood Creek,Escalante Mountains,,Garfield,Cutthroats,CUTTHROAT,74,5.02,2013-08-14,2013,1,1,
COTTONWOOD CR,Cottonwood Creek,Escalante Mountains,,Garfield,Cutthroats,CUTTHROAT,46,6.91,2015-10-20,2015,1,1,
CRATER L BTS,Crater Lake,Boulder Mountain,Boulder Top (south),Garfield,Brookies,BROOK TROUT,305,2.88,2002-07-08,2002,1,1,
CRATER L BTS,Crater Lake,Boulder Mountain,Boulder Top (south),Garfield,Grayling,GRAYLING ARCTIC,997,0.77,2002-07-30,2002,1,1,
CRATER L BTS,Crater Lake,Boulder Mountain,Boulder Top (south),Garfield,Brookies,BROOK TROUT,306,2.62,2003-07-06,2003,1,1,
CRATER L BTS,Crater Lake,Boulder Mountain,Boulder Top (south),Garfield,Grayling,GRAYLING ARCTIC,492,0.89,2003-08-05,2003,1,1,
CRATER L BTS,Crater Lake,Boulder Mountain,Boulder Top (south),Garfield,Brookies,BROOK TROUT,293,2.34,2004-07-12,2004,1,1,
CRATER L BTS,Crater Lake,Boulder Mountain,Boulder Top (south),Garfield,Brookies,BROOK TROUT,296,2.33,2005-07-10,2005,1,1,
CRATER L BTS,Crater Lake,Boulder Mountain,Boulder Top (south),Garfield,Grayling,GRAYLING ARCTIC,990,0.76,2005-07-18,2005,1,1,
CRATER L BTS,Crater Lake,Boulder Mountain,Boulder Top (south),Garfield,Brookies,BROOK TROUT,305,2.88,2006-07-10,2006,1,1,
CRATER L BTS,Crater Lake,Boulder Mountain,Boulder Top (south),Garfield,Grayling,GRAYLING ARCTIC,1001,1.66,2006-08-04,2006,1,1,
CRATER L BTS,Crater Lake,Boulder Mountain,Boulder Top (south),Garfield,Brookies,BROOK TROUT,300,3.22,2007-07-12,2007,1,1,
CRATER L BTS,Crater Lake,Boulder Mountain,Boulder Top (south),Garfield,Brookies,BROOK TROUT,298,3.2,2008-07-07,2008,1,1,
CRATER L BTS,Crater Lake,Boulder Mountain,Boulder Top (south),Garfield,Grayling,GRAYLING ARCTIC,1000,1.17,2008-07-28,2008,1,1,
CRATER L BTS,Crater Lake,Boulder Mountain,Boulder Top (south),Garfield,Brookies,BROOK TROUT,312,2.89,2009-07-15,2009,1,1,
CRATER L BTS,Crater Lake,Boulder Mountain,Boulder Top (south),Garfield,Grayling,GRAYLING ARCTIC,1015,1.4,2009-08-04,2009,1,1,
CRATER L BTS,Crater Lake,Boulder Mountain,Boulder Top (south),Garfield,Brookies,BROOK TROUT,319,2.62,2010-07-12,2010,1,1,
CRATER L BTS,Crater Lake,Boulder Mountain,Boulder Top (south),Garfield,Brookies,BROOK TROUT,307,3.27,2011-07-28,2011,1,1,
CRATER L BTS,Crater Lake,Boulder Mountain,Boulder Top (south),Garfield,Brookies,BROOK TROUT,299,2.47,2012-07-06,2012,1,1,
CRATER L BTS,Crater Lake,Boulder Mountain,Boulder Top (south),Garfield,Brookies,BROOK TROUT,312,2.55,2013-07-01,2013,1,1,
CRATER L BTS,Crater Lake,Boulder Mountain,Boulder Top (south),Garfield,Grayling,GRAYLING ARCTIC,494,3.13,2013-09-24,2013,1,1,
CRATER L BTS,Crater Lake,Boulder Mountain,Boulder Top (south),Garfield,Brookies,BROOK TROUT,293,1.9,2014-06-11,2014,1,1,
CRATER L BTS,Crater Lake,Boulder Mountain,Boulder Top (south),Garfield,Grayling,GRAYLING ARCTIC,510,2.27,2014-08-27,2014,1,1,
CRATER L BTS,Crater Lake,Boulder Mountain,Boulder Top (south),Garfield,Brookies,BROOK TROUT,200,2.97,2015-06-29,2015,1,1,
CRATER L BTS,Crater Lake,Boulder Mountain,Boulder Top (south),Garfield,Grayling,GRAYLING ARCTIC,145,2.4,2015-08-24,2015,1,1,
CRATER L BTS,Crater Lake,Boulder Mountain,Boulder Top (south),Garfield,Brookies,BROOK TROUT,236,2.27,2016-06-27,2016,1,1,
CRATER L BTS,Crater Lake,Boulder Mountain,Boulder Top (south),Garfield,Brookies,BROOK TROUT,210,2.55,2017-06-26,2017,1,1,
CRATER L BTS,Crater Lake,Boulder Mountain,Boulder Top (south),Garfield,Grayling,GRAYLING ARCTIC,150,2.79,2017-09-18,2017,1,1,
CRATER L BTS,Crater Lake,Boulder Mountain,Boulder Top (south),Garfield,Brookies,BROOK TROUT,196,2.84,2018-06-25,2018,1,1,
CRATER L BTS,Crater Lake,Boulder Mountain,Boulder Top (south),Garfield,Grayling,GRAYLING ARCTIC,162,3.25,2018-10-09,2018,1,1,
CRATER L BTS,Crater Lake,Boulder Mountain,Boulder Top (south),Garfield,Grayling,GRAYLING ARCTIC,150,2.29,2019-09-24,2019,1,1,
CRATER L BTS,Crater Lake,Boulder Mountain,Boulder Top (south),Garfield,Brookies,BROOK TROUT,211,2.55,2020-07-01,2020,1,1,
CRATER L BTS,Crater Lake,Boulder Mountain,Boulder Top (south),Garfield,Grayling,GRAYLING ARCTIC,144,2.81,2020-09-28,2020,1,1,
CRATER L BTS,Crater Lake,Boulder Mountain,Boulder Top (south),Garfield,Brookies,BROOK TROUT,202,2.71,2021-07-06,2021,1,1,
CRATER L BTS,Crater Lake,Boulder Mountain,Boulder Top (south),Garfield,Grayling,GRAYLING ARCTIC,151,2.65,2021-09-23,2021,1,1,
CRATER L BTS,Crater Lake,Boulder Mountain,Boulder Top (south),Garfield,Brookies,BROOK TROUT,201,2.97,2022-07-07,2022,1,1,
CRATER L BTS,Crater Lake,Boulder Mountain,Boulder Top (south),Garfield,Brookies,BROOK TROUT,193,2.63,2023-07-10,2023,1,1,
CRATER L BTS,Crater Lake,Boulder Mountain,Boulder Top (south),Garfield,Brookies,BROOK TROUT,205,2.63,2024-06-24,2024,1,1,
CRATER L BTS,Crater Lake,Boulder Mountain,Boulder Top (south),Garfield,Grayling,GRAYLING ARCTIC,199,2.47,2024-09-25,2024,1,1,
CRATER L BTS,Crater Lake,Boulder Mountain,Boulder Top (south),Garfield,Brookies,BROOK TROUT,70,2.92,2025-06-23,2025,1,1,
CRATER L BTS,Crater Lake,Boulder Mountain,Boulder Top (south),Garfield,Brookies,BROOK TROUT,200,2.77,2026-07-14,2026,1,1,
CRESCENT L BTS,Crescent Lake,Boulder Mountain,Boulder Top (south),Garfield,Cutthroats,CUTTHROAT,489,1.97,2002-10-09,2002,1,1,
CRESCENT L BTS,Crescent Lake,Boulder Mountain,Boulder Top (south),Garfield,Cutthroats,CUTTHROAT,500,1.94,2005-10-04,2005,1,1,
CRESCENT L BTS,Crescent Lake,Boulder Mountain,Boulder Top (south),Garfield,Cutthroats,CUTTHROAT,500,2.29,2006-10-13,2006,1,1,
CRESCENT L BTS,Crescent Lake,Boulder Mountain,Boulder Top (south),Garfield,Cutthroats,CUTTHROAT,513,1.49,2007-09-18,2007,1,1,
CRESCENT L BTS,Crescent Lake,Boulder Mountain,Boulder Top (south),Garfield,Cutthroats,CUTTHROAT,526,2.21,2008-09-23,2008,1,1,
CRESCENT L BTS,Crescent Lake,Boulder Mountain,Boulder Top (south),Garfield,Cutthroats,CUTTHROAT,498,2.09,2009-09-16,2009,1,1,
CRESCENT L BTS,Crescent Lake,Boulder Mountain,Boulder Top (south),Garfield,Cutthroats,CUTTHROAT,492,2.1,2010-09-13,2010,1,1,
CRESCENT L BTS,Crescent Lake,Boulder Mountain,Boulder Top (south),Garfield,Cutthroats,CUTTHROAT,528,2.05,2013-09-16,2013,1,1,
CRESCENT L BTS,Crescent Lake,Boulder Mountain,Boulder Top (south),Garfield,Cutthroats,CUTTHROAT,508,1.92,2015-09-18,2015,1,1,
CRESCENT L BTS,Crescent Lake,Boulder Mountain,Boulder Top (south),Garfield,Tigers,TIGER TROUT,49,3.55,2016-06-27,2016,1,1,
CRESCENT L BTS,Crescent Lake,Boulder Mountain,Boulder Top (south),Garfield,Cutthroats,CUTTHROAT,523,1.82,2016-09-19,2016,1,1,
CRESCENT L BTS,Crescent Lake,Boulder Mountain,Boulder Top (south),Garfield,Tigers,TIGER TROUT,50,2.71,2017-06-26,2017,1,1,
CRESCENT L BTS,Crescent Lake,Boulder Mountain,Boulder Top (south),Garfield,Cutthroats,CUTTHROAT,526,1.6,2017-09-18,2017,1,1,
CRESCENT L BTS,Crescent Lake,Boulder Mountain,Boulder Top (south),Garfield,Tigers,TIGER TROUT,101,2.71,2018-06-25,2018,1,1,
CRESCENT L BTS,Crescent Lake,Boulder Mountain,Boulder Top (south),Garfield,Cutthroats,CUTTHROAT,500,2.43,2018-10-01,2018,1,1,
CRESCENT L BTS,Crescent Lake,Boulder Mountain,Boulder Top (south),Garfield,Cutthroats,CUTTHROAT,548,1.73,2019-09-25,2019,1,1,
CRESCENT L BTS,Crescent Lake,Boulder Mountain,Boulder Top (south),Garfield,Tigers,TIGER TROUT,55,2.84,2020-07-01,2020,1,1,
CRESCENT L BTS,Crescent Lake,Boulder Mountain,Boulder Top (south),Garfield,Cutthroats,CUTTHROAT,389,2.12,2020-09-23,2020,1,1,
CRESCENT L BTS,Crescent Lake,Boulder Mountain,Boulder Top (south),Garfield,Cutthroats,CUTTHROAT,500,2.32,2021-09-20,2021,1,1,
CRESCENT L BTS,Crescent Lake,Boulder Mountain,Boulder Top (south),Garfield,Tigers,TIGER TROUT,45,2.82,2022-07-07,2022,1,1,
CRESCENT L BTS,Crescent Lake,Boulder Mountain,Boulder Top (south),Garfield,Cutthroats,CUTTHROAT,256,2.07,2022-09-26,2022,1,1,
CRESCENT L BTS,Crescent Lake,Boulder Mountain,Boulder Top (south),Garfield,Tigers,TIGER TROUT,53,2.87,2023-07-10,2023,1,1,
CRESCENT L BTS,Crescent Lake,Boulder Mountain,Boulder Top (south),Garfield,Cutthroats,CUTTHROAT,200,1.79,2023-09-18,2023,1,1,
CRESCENT L BTS,Crescent Lake,Boulder Mountain,Boulder Top (south),Garfield,Tigers,TIGER TROUT,52,2.68,2024-06-24,2024,1,1,
CRESCENT L BTS,Crescent Lake,Boulder Mountain,Boulder Top (south),Garfield,Cutthroats,CUTTHROAT,247,1.69,2024-09-26,2024,1,1,
CRESCENT L BTS,Crescent Lake,Boulder Mountain,Boulder Top (south),Garfield,Cutthroats,CUTTHROAT,249,2.0,2025-06-23,2025,1,1,
CRESCENT L BTS,Crescent Lake,Boulder Mountain,Boulder Top (south),Garfield,Tigers,TIGER TROUT,45,2.81,2025-06-23,2025,1,1,
CRESCENT L BTS,Crescent Lake,Boulder Mountain,Boulder Top (south),Garfield,Tigers,TIGER TROUT,53,2.87,2026-07-13,2026,1,1,
CRESCENT L BTS,Crescent Lake,Boulder Mountain,Boulder Top (south),Garfield,Cutthroats,CUTTHROAT,250,2.6,2026-07-16,2026,1,1,
CUB L BT,Cub Lake,Boulder Mountain,Boulder Top,Wayne,Brookies,BROOK TROUT,53,2.88,2002-07-08,2002,1,1,
CUB L BT,Cub Lake,Boulder Mountain,Boulder Top,Wayne,Brookies,BROOK TROUT,56,2.62,2003-07-06,2003,1,1,
CUB L BT,Cub Lake,Boulder Mountain,Boulder Top,Wayne,Brookies,BROOK TROUT,59,2.34,2004-07-12,2004,1,1,
CUB L BT,Cub Lake,Boulder Mountain,Boulder Top,Wayne,Brookies,BROOK TROUT,59,2.33,2005-07-10,2005,1,1,
CUB L BT,Cub Lake,Boulder Mountain,Boulder Top,Wayne,Brookies,BROOK TROUT,53,2.88,2006-07-10,2006,1,1,
CUB L BT,Cub Lake,Boulder Mountain,Boulder Top,Wayne,Brookies,BROOK TROUT,53,3.22,2007-07-12,2007,1,1,
CUB L BT,Cub Lake,Boulder Mountain,Boulder Top,Wayne,Brookies,BROOK TROUT,59,3.2,2008-07-07,2008,1,1,
CUB L BT,Cub Lake,Boulder Mountain,Boulder Top,Wayne,Brookies,BROOK TROUT,52,2.89,2009-07-15,2009,1,1,
CUB L BT,Cub Lake,Boulder Mountain,Boulder Top,Wayne,Brookies,BROOK TROUT,69,2.62,2010-07-12,2010,1,1,
CUB L BT,Cub Lake,Boulder Mountain,Boulder Top,Wayne,Brookies,BROOK TROUT,57,3.27,2011-07-28,2011,1,1,
CUB L BT,Cub Lake,Boulder Mountain,Boulder Top,Wayne,Brookies,BROOK TROUT,50,2.47,2012-07-06,2012,1,1,
CUB L BT,Cub Lake,Boulder Mountain,Boulder Top,Wayne,Brookies,BROOK TROUT,52,2.55,2013-07-01,2013,1,1,
CUB L BT,Cub Lake,Boulder Mountain,Boulder Top,Wayne,Brookies,BROOK TROUT,37,1.9,2014-06-11,2014,1,1,
CUB L BT,Cub Lake,Boulder Mountain,Boulder Top,Wayne,Brookies,BROOK TROUT,57,2.97,2015-06-29,2015,1,1,
CUB L BT,Cub Lake,Boulder Mountain,Boulder Top,Wayne,Brookies,BROOK TROUT,86,2.27,2016-06-27,2016,1,1,
CUB L BT,Cub Lake,Boulder Mountain,Boulder Top,Wayne,Brookies,BROOK TROUT,60,2.55,2017-06-26,2017,1,1,
CUB L BT,Cub Lake,Boulder Mountain,Boulder Top,Wayne,Brookies,BROOK TROUT,55,2.84,2018-06-25,2018,1,1,
CUB L BT,Cub Lake,Boulder Mountain,Boulder Top,Wayne,Brookies,BROOK TROUT,53,2.88,2019-07-03,2019,1,1,
CUB L BT,Cub Lake,Boulder Mountain,Boulder Top,Wayne,Brookies,BROOK TROUT,61,2.55,2020-07-01,2020,1,1,
CUB L BT,Cub Lake,Boulder Mountain,Boulder Top,Wayne,Brookies,BROOK TROUT,51,2.71,2021-07-06,2021,1,1,
CUB L BT,Cub Lake,Boulder Mountain,Boulder Top,Wayne,Brookies,BROOK TROUT,48,2.97,2022-07-07,2022,1,1,
CUB L BT,Cub Lake,Boulder Mountain,Boulder Top,Wayne,Brookies,BROOK TROUT,55,2.63,2023-07-10,2023,1,1,
CUB L BT,Cub Lake,Boulder Mountain,Boulder Top,Wayne,Brookies,BROOK TROUT,55,2.63,2024-06-24,2024,1,1,
CUB L BT,Cub Lake,Boulder Mountain,Boulder Top,Wayne,Brookies,BROOK TROUT,50,2.92,2025-06-23,2025,1,1,
CUB L BT,Cub Lake,Boulder Mountain,Boulder Top,Wayne,Brookies,BROOK TROUT,47,2.77,2026-07-13,2026,1,1,
DEAD HORSE BT,Dead Horse,Boulder Mountain,Boulder Top,Wayne,Rainbows,RAINBOW,502,10.1,2002-06-21,2002,1,1,
DEAD L BTS,Dead Lake,Boulder Mountain,Boulder Top (south),Garfield,Brookies,BROOK TROUT,200,2.88,2002-07-08,2002,1,1,
DEAD L BTS,Dead Lake,Boulder Mountain,Boulder Top (south),Garfield,Brookies,BROOK TROUT,209,2.62,2003-07-06,2003,1,1,
DEAD L BTS,Dead Lake,Boulder Mountain,Boulder Top (south),Garfield,Brookies,BROOK TROUT,195,2.34,2004-07-12,2004,1,1,
DEAD L BTS,Dead Lake,Boulder Mountain,Boulder Top (south),Garfield,Brookies,BROOK TROUT,197,2.33,2005-07-10,2005,1,1,
DEAD L BTS,Dead Lake,Boulder Mountain,Boulder Top (south),Garfield,Brookies,BROOK TROUT,200,2.88,2006-07-10,2006,1,1,
DEAD L BTS,Dead Lake,Boulder Mountain,Boulder Top (south),Garfield,Brookies,BROOK TROUT,203,3.22,2007-07-12,2007,1,1,
DEAD L BTS,Dead Lake,Boulder Mountain,Boulder Top (south),Garfield,Brookies,BROOK TROUT,213,3.2,2008-07-07,2008,1,1,
DEAD L BTS,Dead Lake,Boulder Mountain,Boulder Top (south),Garfield,Brookies,BROOK TROUT,208,2.89,2009-07-15,2009,1,1,
DEAD L BTS,Dead Lake,Boulder Mountain,Boulder Top (south),Garfield,Brookies,BROOK TROUT,208,2.62,2010-07-12,2010,1,1,
DEAD L BTS,Dead Lake,Boulder Mountain,Boulder Top (south),Garfield,Brookies,BROOK TROUT,207,3.27,2011-07-28,2011,1,1,
DEAD L BTS,Dead Lake,Boulder Mountain,Boulder Top (south),Garfield,Brookies,BROOK TROUT,200,2.47,2012-07-06,2012,1,1,
DEAD L BTS,Dead Lake,Boulder Mountain,Boulder Top (south),Garfield,Brookies,BROOK TROUT,208,2.55,2013-07-01,2013,1,1,
DEAD L BTS,Dead Lake,Boulder Mountain,Boulder Top (south),Garfield,Grayling,GRAYLING ARCTIC,299,3.13,2013-09-16,2013,1,1,
DEAD L BTS,Dead Lake,Boulder Mountain,Boulder Top (south),Garfield,Brookies,BROOK TROUT,183,1.9,2014-06-11,2014,1,1,
DEAD L BTS,Dead Lake,Boulder Mountain,Boulder Top (south),Garfield,Grayling,GRAYLING ARCTIC,306,2.27,2014-08-27,2014,1,1,
DEAD L BTS,Dead Lake,Boulder Mountain,Boulder Top (south),Garfield,Brookies,BROOK TROUT,200,2.97,2015-06-29,2015,1,1,
DEAD L BTS,Dead Lake,Boulder Mountain,Boulder Top (south),Garfield,Grayling,GRAYLING ARCTIC,290,2.4,2015-08-24,2015,1,1,
DEAD L BTS,Dead Lake,Boulder Mountain,Boulder Top (south),Garfield,Brookies,BROOK TROUT,236,2.27,2016-06-27,2016,1,1,
DEAD L BTS,Dead Lake,Boulder Mountain,Boulder Top (south),Garfield,Brookies,BROOK TROUT,210,2.55,2017-06-26,2017,1,1,
DEAD L BTS,Dead Lake,Boulder Mountain,Boulder Top (south),Garfield,Grayling,GRAYLING ARCTIC,300,2.79,2017-09-18,2017,1,1,
DEAD L BTS,Dead Lake,Boulder Mountain,Boulder Top (south),Garfield,Brookies,BROOK TROUT,196,2.84,2018-06-25,2018,1,1,
DEAD L BTS,Dead Lake,Boulder Mountain,Boulder Top (south),Garfield,Grayling,GRAYLING ARCTIC,302,3.25,2018-10-09,2018,1,1,
DEAD L BTS,Dead Lake,Boulder Mountain,Boulder Top (south),Garfield,Grayling,GRAYLING ARCTIC,300,2.29,2019-09-24,2019,1,1,
DEAD L BTS,Dead Lake,Boulder Mountain,Boulder Top (south),Garfield,Brookies,BROOK TROUT,211,2.55,2020-07-01,2020,1,1,
DEAD L BTS,Dead Lake,Boulder Mountain,Boulder Top (south),Garfield,Grayling,GRAYLING ARCTIC,306,2.81,2020-09-28,2020,1,1,
DEAD L BTS,Dead Lake,Boulder Mountain,Boulder Top (south),Garfield,Grayling,GRAYLING ARCTIC,301,2.65,2021-09-23,2021,1,1,
DEAD L BTS,Dead Lake,Boulder Mountain,Boulder Top (south),Garfield,Brookies,BROOK TROUT,249,2.97,2022-07-07,2022,1,1,
DEAD L BTS,Dead Lake,Boulder Mountain,Boulder Top (south),Garfield,Brookies,BROOK TROUT,97,2.63,2023-07-10,2023,1,1,
DEAD L BTS,Dead Lake,Boulder Mountain,Boulder Top (south),Garfield,Brookies,BROOK TROUT,96,2.63,2024-06-24,2024,1,1,
DEAD L BTS,Dead Lake,Boulder Mountain,Boulder Top (south),Garfield,Brookies,BROOK TROUT,50,2.92,2025-06-23,2025,1,1,
DEAD L BTS,Dead Lake,Boulder Mountain,Boulder Top (south),Garfield,Brookies,BROOK TROUT,106,2.77,2026-07-14,2026,1,1,
DEEP CR,Deep Creek,Boulder Mountain,,Garfield,Cutthroats,CUTTHROAT,50,5.0,2005-08-04,2005,1,1,
DEEP CR,Deep Creek,Boulder Mountain,,Garfield,Cutthroats,CUTTHROAT,82,5.0,2008-08-19,2008,1,1,
DEEP CR L TLM,Deep Creek Lake,Thousand Lake Mountain,Thousand Lake Mountain,Wayne,Brookies,BROOK TROUT,347,2.88,2002-07-09,2002,1,1,
DEEP CR L TLM,Deep Creek Lake,Thousand Lake Mountain,Thousand Lake Mountain,Wayne,Brookies,BROOK TROUT,348,2.62,2003-07-06,2003,1,1,
DEEP CR L TLM,Deep Creek Lake,Thousand Lake Mountain,Thousand Lake Mountain,Wayne,Brookies,BROOK TROUT,351,2.34,2004-07-12,2004,1,1,
DEEP CR L TLM,Deep Creek Lake,Thousand Lake Mountain,Thousand Lake Mountain,Wayne,Brookies,BROOK TROUT,349,2.34,2005-07-10,2005,1,1,
DEEP CR L TLM,Deep Creek Lake,Thousand Lake Mountain,Thousand Lake Mountain,Wayne,Brookies,BROOK TROUT,347,2.88,2006-07-10,2006,1,1,
DEEP CR L TLM,Deep Creek Lake,Thousand Lake Mountain,Thousand Lake Mountain,Wayne,Brookies,BROOK TROUT,353,3.22,2007-07-12,2007,1,1,
DEEP CR L TLM,Deep Creek Lake,Thousand Lake Mountain,Thousand Lake Mountain,Wayne,Brookies,BROOK TROUT,357,3.2,2008-07-07,2008,1,1,
DEEP CR L TLM,Deep Creek Lake,Thousand Lake Mountain,Thousand Lake Mountain,Wayne,Brookies,BROOK TROUT,364,2.89,2009-07-15,2009,1,1,
DEEP CR L TLM,Deep Creek Lake,Thousand Lake Mountain,Thousand Lake Mountain,Wayne,Brookies,BROOK TROUT,360,2.62,2010-07-12,2010,1,1,
DEEP CR L TLM,Deep Creek Lake,Thousand Lake Mountain,Thousand Lake Mountain,Wayne,Brookies,BROOK TROUT,358,3.27,2011-08-08,2011,1,1,
DEEP CR L TLM,Deep Creek Lake,Thousand Lake Mountain,Thousand Lake Mountain,Wayne,Brookies,BROOK TROUT,332,2.47,2012-07-06,2012,1,1,
DEEP CR L TLM,Deep Creek Lake,Thousand Lake Mountain,Thousand Lake Mountain,Wayne,Brookies,BROOK TROUT,363,2.55,2013-07-01,2013,1,1,
DEEP CR L TLM,Deep Creek Lake,Thousand Lake Mountain,Thousand Lake Mountain,Wayne,Brookies,BROOK TROUT,367,1.9,2014-06-11,2014,1,1,
DEEP CR L TLM,Deep Creek Lake,Thousand Lake Mountain,Thousand Lake Mountain,Wayne,Brookies,BROOK TROUT,200,2.97,2015-06-29,2015,1,1,
DEEP CR L TLM,Deep Creek Lake,Thousand Lake Mountain,Thousand Lake Mountain,Wayne,Brookies,BROOK TROUT,386,2.27,2016-06-27,2016,1,1,
DEEP CR L TLM,Deep Creek Lake,Thousand Lake Mountain,Thousand Lake Mountain,Wayne,Tigers,TIGER TROUT,56,3.55,2016-06-27,2016,1,1,
DEEP CR L TLM,Deep Creek Lake,Thousand Lake Mountain,Thousand Lake Mountain,Wayne,Brookies,BROOK TROUT,210,2.55,2017-06-26,2017,1,1,
DEEP CR L TLM,Deep Creek Lake,Thousand Lake Mountain,Thousand Lake Mountain,Wayne,Brookies,BROOK TROUT,196,2.84,2018-06-25,2018,1,1,
DEEP CR L TLM,Deep Creek Lake,Thousand Lake Mountain,Thousand Lake Mountain,Wayne,Brookies,BROOK TROUT,200,2.97,2019-07-10,2019,1,1,
DEEP CR L TLM,Deep Creek Lake,Thousand Lake Mountain,Thousand Lake Mountain,Wayne,Brookies,BROOK TROUT,211,2.55,2020-07-02,2020,1,1,
DEEP CR L TLM,Deep Creek Lake,Thousand Lake Mountain,Thousand Lake Mountain,Wayne,Brookies,BROOK TROUT,202,2.71,2021-07-06,2021,1,1,
DEEP CR L TLM,Deep Creek Lake,Thousand Lake Mountain,Thousand Lake Mountain,Wayne,Brookies,BROOK TROUT,201,2.97,2022-07-07,2022,1,1,
DEEP CR L TLM,Deep Creek Lake,Thousand Lake Mountain,Thousand Lake Mountain,Wayne,Brookies,BROOK TROUT,194,2.63,2023-07-11,2023,1,1,
DEEP CR L TLM,Deep Creek Lake,Thousand Lake Mountain,Thousand Lake Mountain,Wayne,Brookies,BROOK TROUT,205,2.63,2024-06-25,2024,1,1,
DEEP CR L TLM,Deep Creek Lake,Thousand Lake Mountain,Thousand Lake Mountain,Wayne,Brookies,BROOK TROUT,220,3.57,2025-07-29,2025,1,1,
DEEP CR L TLM,Deep Creek Lake,Thousand Lake Mountain,Thousand Lake Mountain,Wayne,Brookies,BROOK TROUT,200,2.77,2026-07-14,2026,1,1,
DEER CR-MITCHELL,Deer Creek (Mitchell),Unclassified,,Garfield,Cutthroats,CUTTHROAT,1000,3.08,2011-11-15,2011,1,1,
DEER CR-MITCHELL,Deer Creek (Mitchell),Unclassified,,Garfield,Cutthroats,CUTTHROAT,1085,2.64,2012-09-19,2012,1,1,
DEER CR-MITCHELL,Deer Creek (Mitchell),Unclassified,,Garfield,Cutthroats,CUTTHROAT,2362,2.06,2014-09-17,2014,1,1,
DEER CR L EBS,Deer Creek Lake,Boulder Mountain,East Boulder Slope,Garfield,Brookies,BROOK TROUT,2499,2.88,2002-07-08,2002,1,1,
DEER CR L EBS,Deer Creek Lake,Boulder Mountain,East Boulder Slope,Garfield,Cutthroats,CUTTHROAT,11006,1.96,2002-10-09,2002,1,1,
DEER CR L EBS,Deer Creek Lake,Boulder Mountain,East Boulder Slope,Garfield,Brookies,BROOK TROUT,2502,2.62,2003-07-06,2003,1,1,
DEER CR L EBS,Deer Creek Lake,Boulder Mountain,East Boulder Slope,Garfield,Cutthroats,CUTTHROAT,15006,1.72,2003-10-07,2003,1,1,
DEER CR L EBS,Deer Creek Lake,Boulder Mountain,East Boulder Slope,Garfield,Brookies,BROOK TROUT,2496,2.34,2004-07-12,2004,1,1,
DEER CR L EBS,Deer Creek Lake,Boulder Mountain,East Boulder Slope,Garfield,Brookies,BROOK TROUT,2503,2.34,2005-07-10,2005,1,1,
DEER CR L EBS,Deer Creek Lake,Boulder Mountain,East Boulder Slope,Garfield,Cutthroats,CUTTHROAT,10982,1.78,2005-10-05,2005,1,1,
DEER CR L EBS,Deer Creek Lake,Boulder Mountain,East Boulder Slope,Garfield,Brookies,BROOK TROUT,2499,2.88,2006-07-10,2006,1,1,
DEER CR L EBS,Deer Creek Lake,Boulder Mountain,East Boulder Slope,Garfield,Cutthroats,CUTTHROAT,1958,2.06,2006-10-13,2006,1,1,
DEER CR L EBS,Deer Creek Lake,Boulder Mountain,East Boulder Slope,Garfield,Brookies,BROOK TROUT,2498,3.22,2007-07-12,2007,1,1,
DEER CR L EBS,Deer Creek Lake,Boulder Mountain,East Boulder Slope,Garfield,Cutthroats,CUTTHROAT,11035,1.49,2007-09-18,2007,1,1,
DEER CR L EBS,Deer Creek Lake,Boulder Mountain,East Boulder Slope,Garfield,Brookies,BROOK TROUT,2508,3.2,2008-07-07,2008,1,1,
DEER CR L EBS,Deer Creek Lake,Boulder Mountain,East Boulder Slope,Garfield,Cutthroats,CUTTHROAT,11309,2.21,2008-09-23,2008,1,1,
DEER CR L EBS,Deer Creek Lake,Boulder Mountain,East Boulder Slope,Garfield,Brookies,BROOK TROUT,2514,2.89,2009-07-15,2009,1,1,
DEER CR L EBS,Deer Creek Lake,Boulder Mountain,East Boulder Slope,Garfield,Brookies,BROOK TROUT,2521,2.62,2010-07-12,2010,1,1,
DEER CR L EBS,Deer Creek Lake,Boulder Mountain,East Boulder Slope,Garfield,Cutthroats,CUTTHROAT,11022,2.06,2010-09-13,2010,1,1,
DEER CR L EBS,Deer Creek Lake,Boulder Mountain,East Boulder Slope,Garfield,Brookies,BROOK TROUT,2495,3.27,2011-07-28,2011,1,1,
DEER CR L EBS,Deer Creek Lake,Boulder Mountain,East Boulder Slope,Garfield,Cutthroats,CUTTHROAT,10589,1.74,2011-09-20,2011,1,1,
DEER CR L EBS,Deer Creek Lake,Boulder Mountain,East Boulder Slope,Garfield,Brookies,BROOK TROUT,2490,2.47,2012-07-06,2012,1,1,
DEER CR L EBS,Deer Creek Lake,Boulder Mountain,East Boulder Slope,Garfield,Cutthroats,CUTTHROAT,11948,2.4,2012-09-18,2012,1,1,
DEER CR L EBS,Deer Creek Lake,Boulder Mountain,East Boulder Slope,Garfield,Brookies,BROOK TROUT,2558,2.55,2013-07-01,2013,1,1,
DEER CR L EBS,Deer Creek Lake,Boulder Mountain,East Boulder Slope,Garfield,Cutthroats,CUTTHROAT,11085,2.34,2013-09-16,2013,1,1,
DEER CR L EBS,Deer Creek Lake,Boulder Mountain,East Boulder Slope,Garfield,Brookies,BROOK TROUT,990,1.9,2014-06-11,2014,1,1,
DEER CR L EBS,Deer Creek Lake,Boulder Mountain,East Boulder Slope,Garfield,Cutthroats,CUTTHROAT,1413,1.82,2014-09-10,2014,1,1,
DEER CR L EBS,Deer Creek Lake,Boulder Mountain,East Boulder Slope,Garfield,Cutthroats,CUTTHROAT,1586,1.85,2014-09-10,2014,1,1,
DEER CR L EBS,Deer Creek Lake,Boulder Mountain,East Boulder Slope,Garfield,Cutthroats,CUTTHROAT,4059,1.61,2014-09-10,2014,1,1,
DEER CR L EBS,Deer Creek Lake,Boulder Mountain,East Boulder Slope,Garfield,Brookies,BROOK TROUT,1000,2.97,2015-06-29,2015,1,1,
DEER CR L EBS,Deer Creek Lake,Boulder Mountain,East Boulder Slope,Garfield,Cutthroats,CUTTHROAT,5050,1.78,2015-09-18,2015,1,1,
DEER CR L EBS,Deer Creek Lake,Boulder Mountain,East Boulder Slope,Garfield,Brookies,BROOK TROUT,1052,2.27,2016-06-27,2016,1,1,
DEER CR L EBS,Deer Creek Lake,Boulder Mountain,East Boulder Slope,Garfield,Tigers,TIGER TROUT,98,3.55,2016-06-27,2016,1,1,
DEER CR L EBS,Deer Creek Lake,Boulder Mountain,East Boulder Slope,Garfield,Cutthroats,CUTTHROAT,5000,1.79,2016-09-19,2016,1,1,
DEER CR L EBS,Deer Creek Lake,Boulder Mountain,East Boulder Slope,Garfield,Brookies,BROOK TROUT,1007,2.55,2017-06-26,2017,1,1,
DEER CR L EBS,Deer Creek Lake,Boulder Mountain,East Boulder Slope,Garfield,Tigers,TIGER TROUT,100,2.71,2017-06-26,2017,1,1,
DEER CR L EBS,Deer Creek Lake,Boulder Mountain,East Boulder Slope,Garfield,Cutthroats,CUTTHROAT,5048,1.6,2017-09-18,2017,1,1,
DEER CR L EBS,Deer Creek Lake,Boulder Mountain,East Boulder Slope,Garfield,Brookies,BROOK TROUT,1001,2.84,2018-06-25,2018,1,1,
DEER CR L EBS,Deer Creek Lake,Boulder Mountain,East Boulder Slope,Garfield,Tigers,TIGER TROUT,101,2.71,2018-06-25,2018,1,1,
DEER CR L EBS,Deer Creek Lake,Boulder Mountain,East Boulder Slope,Garfield,Cutthroats,CUTTHROAT,5025,2.04,2018-10-01,2018,1,1,
DEER CR L EBS,Deer Creek Lake,Boulder Mountain,East Boulder Slope,Garfield,Cutthroats,CUTTHROAT,4980,1.51,2019-09-25,2019,1,1,
DEER CR L EBS,Deer Creek Lake,Boulder Mountain,East Boulder Slope,Garfield,Brookies,BROOK TROUT,1009,2.55,2020-07-01,2020,1,1,
DEER CR L EBS,Deer Creek Lake,Boulder Mountain,East Boulder Slope,Garfield,Tigers,TIGER TROUT,110,2.84,2020-07-01,2020,1,1,
DEER CR L EBS,Deer Creek Lake,Boulder Mountain,East Boulder Slope,Garfield,Brookies,BROOK TROUT,996,2.71,2021-07-06,2021,1,1,
DEER CR L EBS,Deer Creek Lake,Boulder Mountain,East Boulder Slope,Garfield,Tigers,TIGER TROUT,98,2.95,2021-07-06,2021,1,1,
DEER CR L EBS,Deer Creek Lake,Boulder Mountain,East Boulder Slope,Garfield,Cutthroats,CUTTHROAT,4000,2.32,2021-09-20,2021,1,1,
DEER CR L EBS,Deer Creek Lake,Boulder Mountain,East Boulder Slope,Garfield,Brookies,BROOK TROUT,1005,2.97,2022-07-07,2022,1,1,
DEER CR L EBS,Deer Creek Lake,Boulder Mountain,East Boulder Slope,Garfield,Tigers,TIGER TROUT,101,2.82,2022-07-07,2022,1,1,
DEER CR L EBS,Deer Creek Lake,Boulder Mountain,East Boulder Slope,Garfield,Cutthroats,CUTTHROAT,960,2.07,2022-09-26,2022,1,1,
DEER CR L EBS,Deer Creek Lake,Boulder Mountain,East Boulder Slope,Garfield,Brookies,BROOK TROUT,995,2.63,2023-07-10,2023,1,1,
DEER CR L EBS,Deer Creek Lake,Boulder Mountain,East Boulder Slope,Garfield,Tigers,TIGER TROUT,96,2.87,2023-07-10,2023,1,1,
DEER CR L EBS,Deer Creek Lake,Boulder Mountain,East Boulder Slope,Garfield,Cutthroats,CUTTHROAT,2560,1.31,2023-09-18,2023,1,1,
DEER CR L EBS,Deer Creek Lake,Boulder Mountain,East Boulder Slope,Garfield,Brookies,BROOK TROUT,998,2.63,2024-06-25,2024,1,1,
DEER CR L EBS,Deer Creek Lake,Boulder Mountain,East Boulder Slope,Garfield,Tigers,TIGER TROUT,104,2.68,2024-06-25,2024,1,1,
DEER CR L EBS,Deer Creek Lake,Boulder Mountain,East Boulder Slope,Garfield,Cutthroats,CUTTHROAT,2496,1.68,2024-09-26,2024,1,1,
DEER CR L EBS,Deer Creek Lake,Boulder Mountain,East Boulder Slope,Garfield,Brookies,BROOK TROUT,1003,2.92,2025-06-23,2025,1,1,
DEER CR L EBS,Deer Creek Lake,Boulder Mountain,East Boulder Slope,Garfield,Cutthroats,CUTTHROAT,2530,2.0,2025-06-23,2025,1,1,
DEER CR L EBS,Deer Creek Lake,Boulder Mountain,East Boulder Slope,Garfield,Tigers,TIGER TROUT,102,2.81,2025-06-23,2025,1,1,
DEER CR L EBS,Deer Creek Lake,Boulder Mountain,East Boulder Slope,Garfield,Rainbows,RAINBOW,10000,10.67,2025-10-01,2025,1,1,
DEER CR L EBS,Deer Creek Lake,Boulder Mountain,East Boulder Slope,Garfield,Brookies,BROOK TROUT,999,2.77,2026-07-13,2026,1,1,
DEER CR L EBS,Deer Creek Lake,Boulder Mountain,East Boulder Slope,Garfield,Cutthroats,CUTTHROAT,1026,2.05,2026-07-16,2026,1,1,
DEER CR L EBS,Deer Creek Lake,Boulder Mountain,East Boulder Slope,Garfield,Cutthroats,CUTTHROAT,1474,1.61,2026-07-16,2026,1,1,
DONKEY L NBS,Donkey Lake,Boulder Mountain,North Boulder Slope,Wayne,Tiger muskie,MUSKIE TIGER,143,7.05,2019-06-26,2019,1,1,
DONKEY L NBS,Donkey Lake,Boulder Mountain,North Boulder Slope,Wayne,Tiger muskie,MUSKIE TIGER,100,3.51,2021-07-01,2021,1,1,
DONKEY L NBS,Donkey Lake,Boulder Mountain,North Boulder Slope,Wayne,Tiger muskie,MUSKIE TIGER,100,5.39,2024-06-12,2024,1,1,
DONKEY POND,Donkey Pond,Boulder Mountain,,Wayne,Brookies,BROOK TROUT,105,3.69,2010-08-12,2010,1,1,
DONKEY POND,Donkey Pond,Boulder Mountain,,Wayne,Brookies,BROOK TROUT,63,3.16,2017-08-10,2017,1,1,
DOUGHERTY BASIN NCL,Dougherty Basin,Boulder Mountain,North Creek Lakes,Garfield,Cutthroats,CUTTHROAT,226,1.97,2002-10-09,2002,1,1,
DOUGHERTY BASIN NCL,Dougherty Basin,Boulder Mountain,North Creek Lakes,Garfield,Cutthroats,CUTTHROAT,831,2.08,2003-10-07,2003,1,1,
DOUGHERTY BASIN NCL,Dougherty Basin,Boulder Mountain,North Creek Lakes,Garfield,Cutthroats,CUTTHROAT,1032,2.08,2004-10-07,2004,1,1,
DOUGHERTY BASIN NCL,Dougherty Basin,Boulder Mountain,North Creek Lakes,Garfield,Cutthroats,CUTTHROAT,250,7.06,2005-07-18,2005,1,1,
DOUGHERTY BASIN NCL,Dougherty Basin,Boulder Mountain,North Creek Lakes,Garfield,Cutthroats,CUTTHROAT,1000,1.94,2005-10-04,2005,1,1,
DOUGHERTY BASIN NCL,Dougherty Basin,Boulder Mountain,North Creek Lakes,Garfield,Cutthroats,CUTTHROAT,1000,2.36,2006-10-03,2006,1,1,
DOUGHERTY BASIN NCL,Dougherty Basin,Boulder Mountain,North Creek Lakes,Garfield,Cutthroats,CUTTHROAT,1009,2.19,2007-09-18,2007,1,1,
DOUGHERTY BASIN NCL,Dougherty Basin,Boulder Mountain,North Creek Lakes,Garfield,Cutthroats,CUTTHROAT,1003,2.13,2008-09-22,2008,1,1,
DOUGHERTY BASIN NCL,Dougherty Basin,Boulder Mountain,North Creek Lakes,Garfield,Cutthroats,CUTTHROAT,7,2.09,2009-09-16,2009,1,1,
DOUGHERTY BASIN NCL,Dougherty Basin,Boulder Mountain,North Creek Lakes,Garfield,Cutthroats,CUTTHROAT,1002,2.0,2009-09-16,2009,1,1,
DOUGHERTY BASIN NCL,Dougherty Basin,Boulder Mountain,North Creek Lakes,Garfield,Cutthroats,CUTTHROAT,1014,2.1,2010-09-13,2010,1,1,
DOUGHERTY BASIN NCL,Dougherty Basin,Boulder Mountain,North Creek Lakes,Garfield,Cutthroats,CUTTHROAT,1002,1.99,2011-09-20,2011,1,1,
DOUGHERTY BASIN NCL,Dougherty Basin,Boulder Mountain,North Creek Lakes,Garfield,Cutthroats,CUTTHROAT,999,2.14,2012-09-19,2012,1,1,
DOUGHERTY BASIN NCL,Dougherty Basin,Boulder Mountain,North Creek Lakes,Garfield,Cutthroats,CUTTHROAT,1023,2.05,2013-09-16,2013,1,1,
DOUGHERTY BASIN NCL,Dougherty Basin,Boulder Mountain,North Creek Lakes,Garfield,Cutthroats,CUTTHROAT,171,6.86,2014-07-10,2014,1,1,
DOUGHERTY BASIN NCL,Dougherty Basin,Boulder Mountain,North Creek Lakes,Garfield,Cutthroats,CUTTHROAT,997,1.85,2014-09-10,2014,1,1,
DOUGHERTY BASIN NCL,Dougherty Basin,Boulder Mountain,North Creek Lakes,Garfield,Cutthroats,CUTTHROAT,1015,1.92,2015-09-18,2015,1,1,
DOUGHERTY BASIN NCL,Dougherty Basin,Boulder Mountain,North Creek Lakes,Garfield,Cutthroats,CUTTHROAT,1045,1.82,2016-09-19,2016,1,1,
DOUGHERTY BASIN NCL,Dougherty Basin,Boulder Mountain,North Creek Lakes,Garfield,Cutthroats,CUTTHROAT,235,7.71,2017-10-04,2017,1,1,
DOUGHERTY BASIN NCL,Dougherty Basin,Boulder Mountain,North Creek Lakes,Garfield,Cutthroats,CUTTHROAT,1000,2.43,2018-10-01,2018,1,1,
DOUGHERTY BASIN NCL,Dougherty Basin,Boulder Mountain,North Creek Lakes,Garfield,Cutthroats,CUTTHROAT,115,7.71,2018-10-03,2018,1,1,
DOUGHERTY BASIN NCL,Dougherty Basin,Boulder Mountain,North Creek Lakes,Garfield,Cutthroats,CUTTHROAT,986,1.73,2019-09-25,2019,1,1,
DOUGHERTY BASIN NCL,Dougherty Basin,Boulder Mountain,North Creek Lakes,Garfield,Cutthroats,CUTTHROAT,987,2.12,2020-09-23,2020,1,1,
DOUGHERTY BASIN NCL,Dougherty Basin,Boulder Mountain,North Creek Lakes,Garfield,Cutthroats,CUTTHROAT,171,5.75,2020-10-21,2020,1,1,
DOUGHERTY BASIN NCL,Dougherty Basin,Boulder Mountain,North Creek Lakes,Garfield,Cutthroats,CUTTHROAT,1000,2.32,2021-09-23,2021,1,1,
DOUGHERTY BASIN NCL,Dougherty Basin,Boulder Mountain,North Creek Lakes,Garfield,Cutthroats,CUTTHROAT,1024,2.07,2022-09-26,2022,1,1,
DOUGHERTY BASIN NCL,Dougherty Basin,Boulder Mountain,North Creek Lakes,Garfield,Cutthroats,CUTTHROAT,750,1.79,2023-09-18,2023,1,1,
DOUGHERTY BASIN NCL,Dougherty Basin,Boulder Mountain,North Creek Lakes,Garfield,Cutthroats,CUTTHROAT,1000,1.69,2024-09-26,2024,1,1,
DOUGHERTY BASIN NCL,Dougherty Basin,Boulder Mountain,North Creek Lakes,Garfield,Cutthroats,CUTTHROAT,1002,2.27,2025-08-05,2025,1,1,
DOUGHERTY BASIN NCL,Dougherty Basin,Boulder Mountain,North Creek Lakes,Garfield,Cutthroats,CUTTHROAT,1002,2.05,2026-07-16,2026,1,1,
DWAIN'S POND NBS,Dwain's Pond,Boulder Mountain,North Boulder Slope,Wayne,Brookies,BROOK TROUT,105,2.55,2015-07-22,2015,1,1,
DWAIN'S POND NBS,Dwain's Pond,Boulder Mountain,North Boulder Slope,Wayne,Brookies,BROOK TROUT,107,2.27,2016-06-27,2016,1,1,
DWAIN'S POND NBS,Dwain's Pond,Boulder Mountain,North Boulder Slope,Wayne,Brookies,BROOK TROUT,103,3.16,2017-08-10,2017,1,1,
DWAIN'S POND NBS,Dwain's Pond,Boulder Mountain,North Boulder Slope,Wayne,Brookies,BROOK TROUT,51,2.75,2022-06-15,2022,1,1,
DWAIN'S POND NBS,Dwain's Pond,Boulder Mountain,North Boulder Slope,Wayne,Brookies,BROOK TROUT,52,2.89,2024-07-15,2024,1,1,
DWAIN'S POND NBS,Dwain's Pond,Boulder Mountain,North Boulder Slope,Wayne,Brookies,BROOK TROUT,50,2.69,2026-07-07,2026,1,1,
EAST L BTS,East Lake,Boulder Mountain,Boulder Top (south),Garfield,Brookies,BROOK TROUT,252,2.88,2002-07-08,2002,1,1,
EAST L BTS,East Lake,Boulder Mountain,Boulder Top (south),Garfield,Brookies,BROOK TROUT,250,2.62,2003-07-06,2003,1,1,
EAST L BTS,East Lake,Boulder Mountain,Boulder Top (south),Garfield,Brookies,BROOK TROUT,254,2.34,2004-07-12,2004,1,1,
EAST L BTS,East Lake,Boulder Mountain,Boulder Top (south),Garfield,Brookies,BROOK TROUT,256,2.33,2005-07-10,2005,1,1,
EAST L BTS,East Lake,Boulder Mountain,Boulder Top (south),Garfield,Brookies,BROOK TROUT,252,2.88,2006-07-09,2006,1,1,
EAST L BTS,East Lake,Boulder Mountain,Boulder Top (south),Garfield,Brookies,BROOK TROUT,248,3.22,2007-07-12,2007,1,1,
EAST L BTS,East Lake,Boulder Mountain,Boulder Top (south),Garfield,Brookies,BROOK TROUT,255,3.2,2008-07-07,2008,1,1,
EAST L BTS,East Lake,Boulder Mountain,Boulder Top (south),Garfield,Brookies,BROOK TROUT,260,2.89,2009-07-15,2009,1,1,
EAST L BTS,East Lake,Boulder Mountain,Boulder Top (south),Garfield,Brookies,BROOK TROUT,248,3.34,2010-07-07,2010,1,1,
EAST L BTS,East Lake,Boulder Mountain,Boulder Top (south),Garfield,Brookies,BROOK TROUT,261,3.48,2011-07-28,2011,1,1,
EAST L BTS,East Lake,Boulder Mountain,Boulder Top (south),Garfield,Brookies,BROOK TROUT,251,2.41,2012-07-06,2012,1,1,
EAST L BTS,East Lake,Boulder Mountain,Boulder Top (south),Garfield,Brookies,BROOK TROUT,252,2.57,2013-07-01,2013,1,1,
EAST L BTS,East Lake,Boulder Mountain,Boulder Top (south),Garfield,Brookies,BROOK TROUT,251,2.35,2014-06-11,2014,1,1,
EAST L BTS,East Lake,Boulder Mountain,Boulder Top (south),Garfield,Brookies,BROOK TROUT,245,2.85,2015-06-29,2015,1,1,
EAST L BTS,East Lake,Boulder Mountain,Boulder Top (south),Garfield,Brookies,BROOK TROUT,310,2.13,2016-06-27,2016,1,1,
EAST L BTS,East Lake,Boulder Mountain,Boulder Top (south),Garfield,Brookies,BROOK TROUT,255,2.39,2017-06-26,2017,1,1,
EAST L BTS,East Lake,Boulder Mountain,Boulder Top (south),Garfield,Brookies,BROOK TROUT,255,2.95,2018-06-25,2018,1,1,
EAST L BTS,East Lake,Boulder Mountain,Boulder Top (south),Garfield,Brookies,BROOK TROUT,256,2.69,2020-07-01,2020,1,1,
EAST L BTS,East Lake,Boulder Mountain,Boulder Top (south),Garfield,Brookies,BROOK TROUT,251,2.76,2021-07-06,2021,1,1,
EAST L BTS,East Lake,Boulder Mountain,Boulder Top (south),Garfield,Brookies,BROOK TROUT,251,2.96,2022-07-07,2022,1,1,
EAST L BTS,East Lake,Boulder Mountain,Boulder Top (south),Garfield,Brookies,BROOK TROUT,251,2.57,2023-07-10,2023,1,1,
EAST L BTS,East Lake,Boulder Mountain,Boulder Top (south),Garfield,Brookies,BROOK TROUT,249,2.62,2024-06-24,2024,1,1,
EAST L BTS,East Lake,Boulder Mountain,Boulder Top (south),Garfield,Brookies,BROOK TROUT,249,2.97,2025-06-23,2025,1,1,
EAST L BTS,East Lake,Boulder Mountain,Boulder Top (south),Garfield,Brookies,BROOK TROUT,249,2.93,2026-07-13,2026,1,1,
ELKHORN L TLM,Elkhorn Lake,Thousand Lake Mountain,Thousand Lake Mountain,Wayne,Brookies,BROOK TROUT,108,2.86,2002-07-23,2002,1,1,
ELKHORN L TLM,Elkhorn Lake,Thousand Lake Mountain,Thousand Lake Mountain,Wayne,Brookies,BROOK TROUT,100,2.92,2003-07-31,2003,1,1,
ELKHORN L TLM,Elkhorn Lake,Thousand Lake Mountain,Thousand Lake Mountain,Wayne,Brookies,BROOK TROUT,105,2.45,2004-07-22,2004,1,1,
ELKHORN L TLM,Elkhorn Lake,Thousand Lake Mountain,Thousand Lake Mountain,Wayne,Brookies,BROOK TROUT,98,3.04,2005-08-02,2005,1,1,
ELKHORN L TLM,Elkhorn Lake,Thousand Lake Mountain,Thousand Lake Mountain,Wayne,Grayling,GRAYLING ARCTIC,102,2.27,2014-08-27,2014,1,1,
ELKHORN L TLM,Elkhorn Lake,Thousand Lake Mountain,Thousand Lake Mountain,Wayne,Grayling,GRAYLING ARCTIC,116,2.4,2015-08-24,2015,1,1,
ELKHORN L TLM,Elkhorn Lake,Thousand Lake Mountain,Thousand Lake Mountain,Wayne,Grayling,GRAYLING ARCTIC,100,2.79,2017-09-18,2017,1,1,
FISH CR L NBS,Fish Creek Lake,Boulder Mountain,North Boulder Slope,Wayne,Splake,SPLAKE,473,5.48,2005-10-04,2005,1,1,
FISH CR L NBS,Fish Creek Lake,Boulder Mountain,North Boulder Slope,Wayne,Cutthroats,CUTTHROAT,5001,1.78,2005-10-05,2005,1,1,
FISH CR L NBS,Fish Creek Lake,Boulder Mountain,North Boulder Slope,Wayne,Tigers,TIGER TROUT,996,3.62,2006-10-11,2006,1,1,
FISH CR L NBS,Fish Creek Lake,Boulder Mountain,North Boulder Slope,Wayne,Cutthroats,CUTTHROAT,5020,2.08,2006-10-13,2006,1,1,
FISH CR L NBS,Fish Creek Lake,Boulder Mountain,North Boulder Slope,Wayne,Tigers,TIGER TROUT,2000,3.84,2007-07-10,2007,1,1,
FISH CR L NBS,Fish Creek Lake,Boulder Mountain,North Boulder Slope,Wayne,Splake,SPLAKE,511,4.9,2007-07-11,2007,1,1,
FISH CR L NBS,Fish Creek Lake,Boulder Mountain,North Boulder Slope,Wayne,Cutthroats,CUTTHROAT,5047,1.49,2007-09-18,2007,1,1,
FISH CR L NBS,Fish Creek Lake,Boulder Mountain,North Boulder Slope,Wayne,Splake,SPLAKE,500,3.98,2008-07-07,2008,1,1,
FISH CR L NBS,Fish Creek Lake,Boulder Mountain,North Boulder Slope,Wayne,Tigers,TIGER TROUT,2001,2.74,2008-07-07,2008,1,1,
FISH CR L NBS,Fish Creek Lake,Boulder Mountain,North Boulder Slope,Wayne,Cutthroats,CUTTHROAT,5076,2.21,2008-09-23,2008,1,1,
FISH CR L NBS,Fish Creek Lake,Boulder Mountain,North Boulder Slope,Wayne,Tigers,TIGER TROUT,2001,2.86,2009-07-08,2009,1,1,
FISH CR L NBS,Fish Creek Lake,Boulder Mountain,North Boulder Slope,Wayne,Splake,SPLAKE,501,3.73,2009-07-15,2009,1,1,
FISH CR L NBS,Fish Creek Lake,Boulder Mountain,North Boulder Slope,Wayne,Cutthroats,CUTTHROAT,501,3.67,2009-09-16,2009,1,1,
FISH CR L NBS,Fish Creek Lake,Boulder Mountain,North Boulder Slope,Wayne,Splake,SPLAKE,489,3.66,2010-07-07,2010,1,1,
FISH CR L NBS,Fish Creek Lake,Boulder Mountain,North Boulder Slope,Wayne,Tigers,TIGER TROUT,2009,2.34,2010-07-07,2010,1,1,
FISH CR L NBS,Fish Creek Lake,Boulder Mountain,North Boulder Slope,Wayne,Cutthroats,CUTTHROAT,5001,2.06,2010-09-13,2010,1,1,
FISH CR L NBS,Fish Creek Lake,Boulder Mountain,North Boulder Slope,Wayne,Splake,SPLAKE,267,3.68,2011-07-26,2011,1,1,
FISH CR L NBS,Fish Creek Lake,Boulder Mountain,North Boulder Slope,Wayne,Tigers,TIGER TROUT,997,3.81,2011-08-08,2011,1,1,
FISH CR L NBS,Fish Creek Lake,Boulder Mountain,North Boulder Slope,Wayne,Cutthroats,CUTTHROAT,109,1.99,2011-09-20,2011,1,1,
FISH CR L NBS,Fish Creek Lake,Boulder Mountain,North Boulder Slope,Wayne,Cutthroats,CUTTHROAT,4874,1.83,2011-09-20,2011,1,1,
FISH CR L NBS,Fish Creek Lake,Boulder Mountain,North Boulder Slope,Wayne,Splake,SPLAKE,256,3.41,2012-07-06,2012,1,1,
FISH CR L NBS,Fish Creek Lake,Boulder Mountain,North Boulder Slope,Wayne,Tigers,TIGER TROUT,998,2.79,2012-07-06,2012,1,1,
FISH CR L NBS,Fish Creek Lake,Boulder Mountain,North Boulder Slope,Wayne,Cutthroats,CUTTHROAT,5562,2.4,2012-09-18,2012,1,1,
FISH CR L NBS,Fish Creek Lake,Boulder Mountain,North Boulder Slope,Wayne,Splake,SPLAKE,250,2.63,2013-07-01,2013,1,1,
FISH CR L NBS,Fish Creek Lake,Boulder Mountain,North Boulder Slope,Wayne,Tigers,TIGER TROUT,1024,3.04,2013-07-01,2013,1,1,
FISH CR L NBS,Fish Creek Lake,Boulder Mountain,North Boulder Slope,Wayne,Cutthroats,CUTTHROAT,5016,2.05,2013-09-16,2013,1,1,
FISH CR L NBS,Fish Creek Lake,Boulder Mountain,North Boulder Slope,Wayne,Splake,SPLAKE,255,2.96,2014-06-11,2014,1,1,
FISH CR L NBS,Fish Creek Lake,Boulder Mountain,North Boulder Slope,Wayne,Tigers,TIGER TROUT,750,3.73,2014-06-11,2014,1,1,
FISH CR L NBS,Fish Creek Lake,Boulder Mountain,North Boulder Slope,Wayne,Cutthroats,CUTTHROAT,5028,1.85,2014-09-10,2014,1,1,
FISH CR L NBS,Fish Creek Lake,Boulder Mountain,North Boulder Slope,Wayne,Brookies,BROOK TROUT,317,2.85,2015-06-29,2015,1,1,
FISH CR L NBS,Fish Creek Lake,Boulder Mountain,North Boulder Slope,Wayne,Splake,SPLAKE,259,3.22,2015-06-29,2015,1,1,
FISH CR L NBS,Fish Creek Lake,Boulder Mountain,North Boulder Slope,Wayne,Tigers,TIGER TROUT,767,3.5,2015-06-30,2015,1,1,
FISH CR L NBS,Fish Creek Lake,Boulder Mountain,North Boulder Slope,Wayne,Cutthroats,CUTTHROAT,3030,1.78,2015-09-18,2015,1,1,
FISH CR L NBS,Fish Creek Lake,Boulder Mountain,North Boulder Slope,Wayne,Cutthroats,CUTTHROAT,1624,1.92,2015-09-18,2015,1,1,
FISH CR L NBS,Fish Creek Lake,Boulder Mountain,North Boulder Slope,Wayne,Splake,SPLAKE,252,3.13,2016-06-27,2016,1,1,
FISH CR L NBS,Fish Creek Lake,Boulder Mountain,North Boulder Slope,Wayne,Tigers,TIGER TROUT,749,3.55,2016-06-27,2016,1,1,
FISH CR L NBS,Fish Creek Lake,Boulder Mountain,North Boulder Slope,Wayne,Cutthroats,CUTTHROAT,3658,1.82,2016-09-19,2016,1,1,
FISH CR L NBS,Fish Creek Lake,Boulder Mountain,North Boulder Slope,Wayne,Cutthroats,CUTTHROAT,500,1.79,2016-09-19,2016,1,1,
FISH CR L NBS,Fish Creek Lake,Boulder Mountain,North Boulder Slope,Wayne,Tigers,TIGER TROUT,750,2.71,2017-06-26,2017,1,1,
FISH CR L NBS,Fish Creek Lake,Boulder Mountain,North Boulder Slope,Wayne,Cutthroats,CUTTHROAT,4004,1.6,2017-09-18,2017,1,1,
FISH CR L NBS,Fish Creek Lake,Boulder Mountain,North Boulder Slope,Wayne,Splake,SPLAKE,252,3.2,2018-06-25,2018,1,1,
FISH CR L NBS,Fish Creek Lake,Boulder Mountain,North Boulder Slope,Wayne,Tigers,TIGER TROUT,752,2.83,2018-06-25,2018,1,1,
FISH CR L NBS,Fish Creek Lake,Boulder Mountain,North Boulder Slope,Wayne,Cutthroats,CUTTHROAT,4020,2.04,2018-10-01,2018,1,1,
FISH CR L NBS,Fish Creek Lake,Boulder Mountain,North Boulder Slope,Wayne,Tigers,TIGER TROUT,750,2.99,2019-07-10,2019,1,1,
FISH CR L NBS,Fish Creek Lake,Boulder Mountain,North Boulder Slope,Wayne,Cutthroats,CUTTHROAT,332,1.51,2019-09-25,2019,1,1,
FISH CR L NBS,Fish Creek Lake,Boulder Mountain,North Boulder Slope,Wayne,Cutthroats,CUTTHROAT,3507,1.73,2019-09-25,2019,1,1,
FISH CR L NBS,Fish Creek Lake,Boulder Mountain,North Boulder Slope,Wayne,Splake,SPLAKE,251,3.25,2020-07-01,2020,1,1,
FISH CR L NBS,Fish Creek Lake,Boulder Mountain,North Boulder Slope,Wayne,Tigers,TIGER TROUT,756,2.84,2020-07-01,2020,1,1,
FISH CR L NBS,Fish Creek Lake,Boulder Mountain,North Boulder Slope,Wayne,Tigers,TIGER TROUT,752,2.95,2021-07-06,2021,1,1,
FISH CR L NBS,Fish Creek Lake,Boulder Mountain,North Boulder Slope,Wayne,Cutthroats,CUTTHROAT,3000,1.71,2021-09-20,2021,1,1,
FISH CR L NBS,Fish Creek Lake,Boulder Mountain,North Boulder Slope,Wayne,Tigers,TIGER TROUT,904,2.82,2022-07-07,2022,1,1,
FISH CR L NBS,Fish Creek Lake,Boulder Mountain,North Boulder Slope,Wayne,Tigers,TIGER TROUT,904,2.87,2023-07-10,2023,1,1,
FISH CR L NBS,Fish Creek Lake,Boulder Mountain,North Boulder Slope,Wayne,Tigers,TIGER TROUT,1002,2.68,2024-06-24,2024,1,1,
FISH CR L NBS,Fish Creek Lake,Boulder Mountain,North Boulder Slope,Wayne,Tigers,TIGER TROUT,1003,2.81,2025-06-23,2025,1,1,
FISH CR L NBS,Fish Creek Lake,Boulder Mountain,North Boulder Slope,Wayne,Tigers,TIGER TROUT,1005,2.87,2026-07-13,2026,1,1,
FLAT L NCL,Flat Lake,Boulder Mountain,North Creek Lakes,Garfield,Brookies,BROOK TROUT,252,2.88,2002-07-08,2002,1,1,
FLAT L NCL,Flat Lake,Boulder Mountain,North Creek Lakes,Garfield,Brookies,BROOK TROUT,250,2.62,2003-07-06,2003,1,1,
FLAT L NCL,Flat Lake,Boulder Mountain,North Creek Lakes,Garfield,Brookies,BROOK TROUT,254,2.34,2004-07-12,2004,1,1,
FLAT L NCL,Flat Lake,Boulder Mountain,North Creek Lakes,Garfield,Brookies,BROOK TROUT,394,2.33,2005-07-10,2005,1,1,
FLAT L NCL,Flat Lake,Boulder Mountain,North Creek Lakes,Garfield,Brookies,BROOK TROUT,399,2.88,2006-07-10,2006,1,1,
FLAT L NCL,Flat Lake,Boulder Mountain,North Creek Lakes,Garfield,Brookies,BROOK TROUT,398,3.22,2007-07-12,2007,1,1,
FLAT L NCL,Flat Lake,Boulder Mountain,North Creek Lakes,Garfield,Brookies,BROOK TROUT,408,3.2,2008-07-07,2008,1,1,
FLAT L NCL,Flat Lake,Boulder Mountain,North Creek Lakes,Garfield,Brookies,BROOK TROUT,405,3.33,2009-07-08,2009,1,1,
FLAT L NCL,Flat Lake,Boulder Mountain,North Creek Lakes,Garfield,Brookies,BROOK TROUT,415,2.62,2010-07-12,2010,1,1,
FLAT L NCL,Flat Lake,Boulder Mountain,North Creek Lakes,Garfield,Brookies,BROOK TROUT,257,3.27,2011-07-28,2011,1,1,
FLAT L NCL,Flat Lake,Boulder Mountain,North Creek Lakes,Garfield,Brookies,BROOK TROUT,247,2.63,2012-07-13,2012,1,1,
FLAT L NCL,Flat Lake,Boulder Mountain,North Creek Lakes,Garfield,Brookies,BROOK TROUT,260,2.55,2013-07-01,2013,1,1,
FLAT L NCL,Flat Lake,Boulder Mountain,North Creek Lakes,Garfield,Brookies,BROOK TROUT,159,2.85,2015-06-29,2015,1,1,
FLAT L NCL,Flat Lake,Boulder Mountain,North Creek Lakes,Garfield,Brookies,BROOK TROUT,207,2.13,2016-06-27,2016,1,1,
FLAT L NCL,Flat Lake,Boulder Mountain,North Creek Lakes,Garfield,Brookies,BROOK TROUT,164,2.39,2017-06-26,2017,1,1,
FLAT L NCL,Flat Lake,Boulder Mountain,North Creek Lakes,Garfield,Brookies,BROOK TROUT,147,2.95,2018-06-25,2018,1,1,
FLAT L NCL,Flat Lake,Boulder Mountain,North Creek Lakes,Garfield,Brookies,BROOK TROUT,155,2.83,2019-07-10,2019,1,1,
FLAT L NCL,Flat Lake,Boulder Mountain,North Creek Lakes,Garfield,Brookies,BROOK TROUT,154,2.69,2020-07-01,2020,1,1,
FLAT L NCL,Flat Lake,Boulder Mountain,North Creek Lakes,Garfield,Brookies,BROOK TROUT,155,2.76,2021-07-06,2021,1,1,
FLAT L NCL,Flat Lake,Boulder Mountain,North Creek Lakes,Garfield,Brookies,BROOK TROUT,97,2.96,2022-07-07,2022,1,1,
FLAT L NCL,Flat Lake,Boulder Mountain,North Creek Lakes,Garfield,Brookies,BROOK TROUT,103,3.17,2023-08-01,2023,1,1,
FLAT L NCL,Flat Lake,Boulder Mountain,North Creek Lakes,Garfield,Brookies,BROOK TROUT,97,2.62,2024-06-25,2024,1,1,
FLAT L NCL,Flat Lake,Boulder Mountain,North Creek Lakes,Garfield,Brookies,BROOK TROUT,96,2.97,2025-06-23,2025,1,1,
FREMONT R,Fremont River,Fremont Valley,,Wayne,Browns,BROWN TROUT,2598,7.48,2002-05-06,2002,1,1,
FREMONT R,Fremont River,Fremont Valley,,Wayne,Browns,BROWN TROUT,1004,7.72,2002-06-05,2002,1,1,
FREMONT R,Fremont River,Fremont Valley,,Wayne,Browns,BROWN TROUT,2602,8.05,2002-07-09,2002,1,1,
FREMONT R,Fremont River,Fremont Valley,,Wayne,Browns,BROWN TROUT,3019,4.79,2002-07-12,2002,1,1,
FREMONT R,Fremont River,Fremont Valley,,Wayne,Browns,BROWN TROUT,1476,4.79,2002-07-12,2002,1,1,
FREMONT R,Fremont River,Fremont Valley,,Wayne,Browns,BROWN TROUT,2070,3.03,2003-08-11,2003,1,1,
FREMONT R,Fremont River,Fremont Valley,,Wayne,Browns,BROWN TROUT,1080,3.03,2003-08-11,2003,1,1,
FREMONT R,Fremont River,Fremont Valley,,Wayne,Browns,BROWN TROUT,6030,3.03,2003-08-11,2003,1,1,
FREMONT R,Fremont River,Fremont Valley,,Wayne,Browns,BROWN TROUT,2247,4.85,2004-06-24,2004,1,1,
FREMONT R,Fremont River,Fremont Valley,,Wayne,Browns,BROWN TROUT,6629,4.85,2004-06-24,2004,1,1,
FREMONT R,Fremont River,Fremont Valley,,Wayne,Browns,BROWN TROUT,6019,4.65,2005-05-27,2005,1,1,
FREMONT R,Fremont River,Fremont Valley,,Wayne,Browns,BROWN TROUT,2015,4.65,2005-05-27,2005,1,1,
FREMONT R,Fremont River,Fremont Valley,,Wayne,Browns,BROWN TROUT,6039,5.24,2006-06-15,2006,1,1,
FREMONT R,Fremont River,Fremont Valley,,Wayne,Browns,BROWN TROUT,2013,5.24,2006-06-15,2006,1,1,
FREMONT R,Fremont River,Fremont Valley,,Wayne,Browns,BROWN TROUT,5975,4.56,2007-05-31,2007,1,1,
FREMONT R,Fremont River,Fremont Valley,,Wayne,Browns,BROWN TROUT,1945,4.56,2007-05-31,2007,1,1,
FREMONT R,Fremont River,Fremont Valley,,Wayne,Browns,BROWN TROUT,1806,4.87,2008-06-24,2008,1,1,
FREMONT R,Fremont River,Fremont Valley,,Wayne,Browns,BROWN TROUT,5442,4.87,2008-06-24,2008,1,1,
FREMONT R,Fremont River,Fremont Valley,,Wayne,Browns,BROWN TROUT,6034,4.16,2009-06-11,2009,1,1,
FREMONT R,Fremont River,Fremont Valley,,Wayne,Browns,BROWN TROUT,2000,4.16,2009-06-11,2009,1,1,
FREMONT R,Fremont River,Fremont Valley,,Wayne,Browns,BROWN TROUT,6041,3.55,2010-05-18,2010,1,1,
FREMONT R,Fremont River,Fremont Valley,,Wayne,Browns,BROWN TROUT,1994,3.55,2010-05-18,2010,1,1,
FREMONT R,Fremont River,Fremont Valley,,Wayne,Browns,BROWN TROUT,4419,4.05,2011-05-25,2011,1,1,
FREMONT R,Fremont River,Fremont Valley,,Wayne,Browns,BROWN TROUT,2188,4.05,2011-05-25,2011,1,1,
FREMONT R,Fremont River,Fremont Valley,,Wayne,Browns,BROWN TROUT,4064,3.46,2012-05-21,2012,1,1,
FREMONT R,Fremont River,Fremont Valley,,Wayne,Browns,BROWN TROUT,2032,3.46,2012-05-21,2012,1,1,
FREMONT R,Fremont River,Fremont Valley,,Wayne,Browns,BROWN TROUT,2364,3.22,2013-05-20,2013,1,1,
FREMONT R,Fremont River,Fremont Valley,,Wayne,Browns,BROWN TROUT,4728,3.22,2013-05-20,2013,1,1,
FREMONT R,Fremont River,Fremont Valley,,Wayne,Browns,BROWN TROUT,2001,3.93,2014-04-23,2014,1,1,
FREMONT R,Fremont River,Fremont Valley,,Wayne,Browns,BROWN TROUT,4002,3.93,2014-04-23,2014,1,1,
FREMONT R,Fremont River,Fremont Valley,,Wayne,Browns,BROWN TROUT,4008,3.67,2015-04-09,2015,1,1,
FREMONT R,Fremont River,Fremont Valley,,Wayne,Browns,BROWN TROUT,2138,3.67,2015-04-09,2015,1,1,
FREMONT R,Fremont River,Fremont Valley,,Wayne,Browns,BROWN TROUT,2033,4.07,2016-04-11,2016,1,1,
FREMONT R,Fremont River,Fremont Valley,,Wayne,Browns,BROWN TROUT,4145,4.07,2016-04-11,2016,1,1,
FREMONT R,Fremont River,Fremont Valley,,Wayne,Browns,BROWN TROUT,2115,3.34,2017-05-25,2017,1,1,
FREMONT R,Fremont River,Fremont Valley,,Wayne,Browns,BROWN TROUT,4230,3.34,2017-05-25,2017,1,1,
FREMONT R,Fremont River,Fremont Valley,,Wayne,Browns,BROWN TROUT,4187,3.77,2018-05-22,2018,1,1,
FREMONT R,Fremont River,Fremont Valley,,Wayne,Browns,BROWN TROUT,2217,3.77,2018-05-22,2018,1,1,
FREMONT R,Fremont River,Fremont Valley,,Wayne,Browns,BROWN TROUT,1720,3.4,2018-09-10,2018,1,1,
FREMONT R,Fremont River,Fremont Valley,,Wayne,Browns,BROWN TROUT,4297,3.41,2019-05-06,2019,1,1,
FREMONT R,Fremont River,Fremont Valley,,Wayne,Browns,BROWN TROUT,2314,3.41,2019-05-06,2019,1,1,
FREMONT R,Fremont River,Fremont Valley,,Wayne,Browns,BROWN TROUT,4104,3.26,2020-04-30,2020,1,1,
FREMONT R,Fremont River,Fremont Valley,,Wayne,Browns,BROWN TROUT,2052,3.26,2020-04-30,2020,1,1,
FREMONT R,Fremont River,Fremont Valley,,Wayne,Browns,BROWN TROUT,2266,2.95,2021-04-21,2021,1,1,
FREMONT R,Fremont River,Fremont Valley,,Wayne,Browns,BROWN TROUT,4635,2.95,2021-04-21,2021,1,1,
FREMONT R,Fremont River,Fremont Valley,,Wayne,Browns,BROWN TROUT,4017,2.95,2022-04-18,2022,1,1,
FREMONT R,Fremont River,Fremont Valley,,Wayne,Browns,BROWN TROUT,2009,2.95,2022-04-18,2022,1,1,
FREMONT R,Fremont River,Fremont Valley,,Wayne,Browns,BROWN TROUT,4022,2.81,2023-04-23,2023,1,1,
FREMONT R,Fremont River,Fremont Valley,,Wayne,Browns,BROWN TROUT,2011,2.81,2023-04-23,2023,1,1,
FREMONT R,Fremont River,Fremont Valley,,Wayne,Browns,BROWN TROUT,4000,2.59,2024-04-17,2024,1,1,
FREMONT R,Fremont River,Fremont Valley,,Wayne,Browns,BROWN TROUT,1999,2.59,2024-04-17,2024,1,1,
FREMONT R,Fremont River,Fremont Valley,,Wayne,Browns,BROWN TROUT,4032,2.66,2025-04-15,2025,1,1,
FREMONT R,Fremont River,Fremont Valley,,Wayne,Browns,BROWN TROUT,2016,2.66,2025-04-15,2025,1,1,
FREMONT R,Fremont River,Fremont Valley,,Wayne,Browns,BROWN TROUT,2000,2.97,2026-04-22,2026,1,1,
FREMONT R,Fremont River,Fremont Valley,,Wayne,Browns,BROWN TROUT,4000,2.97,2026-04-22,2026,1,1,
GARKANE EAST FK,Garkane East Fork,Boulder Mountain,,Garfield,Tigers,TIGER TROUT,400,10.08,2011-06-17,2011,1,1,
GARKANE EAST FK,Garkane East Fork,Boulder Mountain,,Garfield,Tigers,TIGER TROUT,600,11.19,2012-07-10,2012,1,1,
GARKANE EAST FK,Garkane East Fork,Boulder Mountain,,Garfield,Tigers,TIGER TROUT,500,10.0,2013-06-27,2013,1,1,
GARKANE EAST FK,Garkane East Fork,Boulder Mountain,,Garfield,Tigers,TIGER TROUT,500,8.22,2015-06-29,2015,1,1,
GARKANE EAST FK,Garkane East Fork,Boulder Mountain,,Garfield,Tigers,TIGER TROUT,499,9.15,2016-06-13,2016,1,1,
GARKANE EAST FK,Garkane East Fork,Boulder Mountain,,Garfield,Tigers,TIGER TROUT,499,9.31,2017-05-30,2017,1,1,
GARKANE EAST FK,Garkane East Fork,Boulder Mountain,,Garfield,Tigers,TIGER TROUT,501,8.94,2018-05-23,2018,1,1,
GARKANE EAST FK,Garkane East Fork,Boulder Mountain,,Garfield,Tigers,TIGER TROUT,510,11.68,2019-08-08,2019,1,1,
GARKANE EAST FK,Garkane East Fork,Boulder Mountain,,Garfield,Tigers,TIGER TROUT,515,9.48,2020-06-03,2020,1,1,
GARKANE EAST FK,Garkane East Fork,Boulder Mountain,,Garfield,Tigers,TIGER TROUT,101,9.89,2021-06-23,2021,1,1,
GARKANE EAST FK,Garkane East Fork,Boulder Mountain,,Garfield,Tigers,TIGER TROUT,128,8.74,2022-06-16,2022,1,1,
GARKANE EAST FK,Garkane East Fork,Boulder Mountain,,Garfield,Tigers,TIGER TROUT,399,11.08,2023-07-07,2023,1,1,
GARKANE EAST FK,Garkane East Fork,Boulder Mountain,,Garfield,Tigers,TIGER TROUT,398,9.62,2024-06-19,2024,1,1,
GARKANE EAST FK,Garkane East Fork,Boulder Mountain,,Garfield,Tigers,TIGER TROUT,425,10.56,2025-06-26,2025,1,1,
GARKANE EAST FK,Garkane East Fork,Boulder Mountain,,Garfield,Tigers,TIGER TROUT,414,9.75,2026-06-18,2026,1,1,
"GARKANE IMP, MAIN FK",Garkane Impoundment Main Fork,Boulder Mountain,,Garfield,Rainbows,RAINBOW,640,9.17,2002-05-14,2002,1,1,
"GARKANE IMP, MAIN FK",Garkane Impoundment Main Fork,Boulder Mountain,,Garfield,Rainbows,RAINBOW,1001,9.69,2002-08-06,2002,1,1,
"GARKANE IMP, MAIN FK",Garkane Impoundment Main Fork,Boulder Mountain,,Garfield,Rainbows,RAINBOW,1251,9.76,2003-05-20,2003,1,1,
"GARKANE IMP, MAIN FK",Garkane Impoundment Main Fork,Boulder Mountain,,Garfield,Rainbows,RAINBOW,1294,10.57,2003-07-17,2003,1,1,
"GARKANE IMP, MAIN FK",Garkane Impoundment Main Fork,Boulder Mountain,,Garfield,Rainbows,RAINBOW,1256,9.75,2004-05-25,2004,1,1,
"GARKANE IMP, MAIN FK",Garkane Impoundment Main Fork,Boulder Mountain,,Garfield,Rainbows,RAINBOW,1256,9.75,2004-06-18,2004,1,1,
"GARKANE IMP, MAIN FK",Garkane Impoundment Main Fork,Boulder Mountain,,Garfield,Rainbows,RAINBOW,1952,9.47,2005-05-23,2005,1,1,
"GARKANE IMP, MAIN FK",Garkane Impoundment Main Fork,Boulder Mountain,,Garfield,Rainbows,RAINBOW,1951,9.81,2006-05-22,2006,1,1,
"GARKANE IMP, MAIN FK",Garkane Impoundment Main Fork,Boulder Mountain,,Garfield,Rainbows,RAINBOW,1864,10.19,2007-04-23,2007,1,1,
"GARKANE IMP, MAIN FK",Garkane Impoundment Main Fork,Boulder Mountain,,Garfield,Rainbows,RAINBOW,638,10.85,2007-07-11,2007,1,1,
"GARKANE IMP, MAIN FK",Garkane Impoundment Main Fork,Boulder Mountain,,Garfield,Rainbows,RAINBOW,2004,9.23,2008-04-22,2008,1,1,
"GARKANE IMP, MAIN FK",Garkane Impoundment Main Fork,Boulder Mountain,,Garfield,Rainbows,RAINBOW,1248,9.48,2008-05-27,2008,1,1,
"GARKANE IMP, MAIN FK",Garkane Impoundment Main Fork,Boulder Mountain,,Garfield,Rainbows,RAINBOW,2003,9.47,2009-04-16,2009,1,1,
"GARKANE IMP, MAIN FK",Garkane Impoundment Main Fork,Boulder Mountain,,Garfield,Rainbows,RAINBOW,1250,9.85,2009-05-26,2009,1,1,
"GARKANE IMP, MAIN FK",Garkane Impoundment Main Fork,Boulder Mountain,,Garfield,Rainbows,RAINBOW,1856,9.97,2010-04-21,2010,1,1,
"GARKANE IMP, MAIN FK",Garkane Impoundment Main Fork,Boulder Mountain,,Garfield,Rainbows,RAINBOW,1401,10.1,2010-06-10,2010,1,1,
"GARKANE IMP, MAIN FK",Garkane Impoundment Main Fork,Boulder Mountain,,Garfield,Rainbows,RAINBOW,1836,10.34,2011-04-19,2011,1,1,
"GARKANE IMP, MAIN FK",Garkane Impoundment Main Fork,Boulder Mountain,,Garfield,Rainbows,RAINBOW,1417,10.31,2011-06-01,2011,1,1,
"GARKANE IMP, MAIN FK",Garkane Impoundment Main Fork,Boulder Mountain,,Garfield,Rainbows,RAINBOW,1740,9.92,2012-05-30,2012,1,1,
"GARKANE IMP, MAIN FK",Garkane Impoundment Main Fork,Boulder Mountain,,Garfield,Rainbows,RAINBOW,1514,10.44,2012-06-18,2012,1,1,
"GARKANE IMP, MAIN FK",Garkane Impoundment Main Fork,Boulder Mountain,,Garfield,Rainbows,RAINBOW,2013,9.95,2013-04-23,2013,1,1,
"GARKANE IMP, MAIN FK",Garkane Impoundment Main Fork,Boulder Mountain,,Garfield,Rainbows,RAINBOW,1236,8.85,2013-06-26,2013,1,1,
"GARKANE IMP, MAIN FK",Garkane Impoundment Main Fork,Boulder Mountain,,Garfield,Rainbows,RAINBOW,2002,8.45,2014-05-12,2014,1,1,
"GARKANE IMP, MAIN FK",Garkane Impoundment Main Fork,Boulder Mountain,,Garfield,Rainbows,RAINBOW,1251,8.61,2014-06-26,2014,1,1,
"GARKANE IMP, MAIN FK",Garkane Impoundment Main Fork,Boulder Mountain,,Garfield,Rainbows,RAINBOW,1976,8.36,2015-05-06,2015,1,1,
"GARKANE IMP, MAIN FK",Garkane Impoundment Main Fork,Boulder Mountain,,Garfield,Rainbows,RAINBOW,1251,9.54,2015-06-29,2015,1,1,
"GARKANE IMP, MAIN FK",Garkane Impoundment Main Fork,Boulder Mountain,,Garfield,Tigers,TIGER TROUT,252,8.22,2015-06-29,2015,1,1,
"GARKANE IMP, MAIN FK",Garkane Impoundment Main Fork,Boulder Mountain,,Garfield,Rainbows,RAINBOW,2039,8.45,2016-04-27,2016,1,1,
"GARKANE IMP, MAIN FK",Garkane Impoundment Main Fork,Boulder Mountain,,Garfield,Tigers,TIGER TROUT,300,9.15,2016-06-13,2016,1,1,
"GARKANE IMP, MAIN FK",Garkane Impoundment Main Fork,Boulder Mountain,,Garfield,Rainbows,RAINBOW,1212,10.15,2016-07-06,2016,1,1,
"GARKANE IMP, MAIN FK",Garkane Impoundment Main Fork,Boulder Mountain,,Garfield,Rainbows,RAINBOW,1903,9.42,2017-04-24,2017,1,1,
"GARKANE IMP, MAIN FK",Garkane Impoundment Main Fork,Boulder Mountain,,Garfield,Tigers,TIGER TROUT,251,9.31,2017-05-30,2017,1,1,
"GARKANE IMP, MAIN FK",Garkane Impoundment Main Fork,Boulder Mountain,,Garfield,Rainbows,RAINBOW,1349,9.8,2017-07-05,2017,1,1,
"GARKANE IMP, MAIN FK",Garkane Impoundment Main Fork,Boulder Mountain,,Garfield,Rainbows,RAINBOW,1996,10.05,2018-05-11,2018,1,1,
"GARKANE IMP, MAIN FK",Garkane Impoundment Main Fork,Boulder Mountain,,Garfield,Tigers,TIGER TROUT,249,8.94,2018-05-23,2018,1,1,
"GARKANE IMP, MAIN FK",Garkane Impoundment Main Fork,Boulder Mountain,,Garfield,Rainbows,RAINBOW,1286,8.68,2018-07-12,2018,1,1,
"GARKANE IMP, MAIN FK",Garkane Impoundment Main Fork,Boulder Mountain,,Garfield,Rainbows,RAINBOW,1036,9.62,2019-05-13,2019,1,1,
"GARKANE IMP, MAIN FK",Garkane Impoundment Main Fork,Boulder Mountain,,Garfield,Rainbows,RAINBOW,996,10.13,2019-07-17,2019,1,1,
"GARKANE IMP, MAIN FK",Garkane Impoundment Main Fork,Boulder Mountain,,Garfield,Tigers,TIGER TROUT,255,11.68,2019-08-08,2019,1,1,
"GARKANE IMP, MAIN FK",Garkane Impoundment Main Fork,Boulder Mountain,,Garfield,Rainbows,RAINBOW,1005,10.02,2020-05-05,2020,1,1,
"GARKANE IMP, MAIN FK",Garkane Impoundment Main Fork,Boulder Mountain,,Garfield,Tigers,TIGER TROUT,277,9.48,2020-06-03,2020,1,1,
"GARKANE IMP, MAIN FK",Garkane Impoundment Main Fork,Boulder Mountain,,Garfield,Rainbows,RAINBOW,1001,10.06,2020-07-08,2020,1,1,
"GARKANE IMP, MAIN FK",Garkane Impoundment Main Fork,Boulder Mountain,,Garfield,Rainbows,RAINBOW,546,10.5,2021-04-21,2021,1,1,
"GARKANE IMP, MAIN FK",Garkane Impoundment Main Fork,Boulder Mountain,,Garfield,Rainbows,RAINBOW,516,10.04,2021-05-26,2021,1,1,
"GARKANE IMP, MAIN FK",Garkane Impoundment Main Fork,Boulder Mountain,,Garfield,Tigers,TIGER TROUT,305,9.89,2021-06-23,2021,1,1,
"GARKANE IMP, MAIN FK",Garkane Impoundment Main Fork,Boulder Mountain,,Garfield,Rainbows,RAINBOW,746,10.5,2021-07-01,2021,1,1,
"GARKANE IMP, MAIN FK",Garkane Impoundment Main Fork,Boulder Mountain,,Garfield,Rainbows,RAINBOW,510,10.02,2022-04-18,2022,1,1,
"GARKANE IMP, MAIN FK",Garkane Impoundment Main Fork,Boulder Mountain,,Garfield,Tigers,TIGER TROUT,384,8.74,2022-06-16,2022,1,1,
"GARKANE IMP, MAIN FK",Garkane Impoundment Main Fork,Boulder Mountain,,Garfield,Rainbows,RAINBOW,508,8.35,2022-07-26,2022,1,1,
"GARKANE IMP, MAIN FK",Garkane Impoundment Main Fork,Boulder Mountain,,Garfield,Rainbows,RAINBOW,480,9.9,2023-04-23,2023,1,1,
"GARKANE IMP, MAIN FK",Garkane Impoundment Main Fork,Boulder Mountain,,Garfield,Rainbows,RAINBOW,528,10.19,2023-06-12,2023,1,1,
"GARKANE IMP, MAIN FK",Garkane Impoundment Main Fork,Boulder Mountain,,Garfield,Tigers,TIGER TROUT,305,11.08,2023-07-07,2023,1,1,
"GARKANE IMP, MAIN FK",Garkane Impoundment Main Fork,Boulder Mountain,,Garfield,Rainbows,RAINBOW,529,10.24,2024-04-17,2024,1,1,
"GARKANE IMP, MAIN FK",Garkane Impoundment Main Fork,Boulder Mountain,,Garfield,Tigers,TIGER TROUT,300,9.62,2024-06-19,2024,1,1,
"GARKANE IMP, MAIN FK",Garkane Impoundment Main Fork,Boulder Mountain,,Garfield,Rainbows,RAINBOW,504,10.09,2024-06-26,2024,1,1,
"GARKANE IMP, MAIN FK",Garkane Impoundment Main Fork,Boulder Mountain,,Garfield,Rainbows,RAINBOW,527,9.81,2025-04-15,2025,1,1,
"GARKANE IMP, MAIN FK",Garkane Impoundment Main Fork,Boulder Mountain,,Garfield,Tigers,TIGER TROUT,311,10.56,2025-06-26,2025,1,1,
"GARKANE IMP, MAIN FK",Garkane Impoundment Main Fork,Boulder Mountain,,Garfield,Rainbows,RAINBOW,483,10.35,2025-06-30,2025,1,1,
"GARKANE IMP, MAIN FK",Garkane Impoundment Main Fork,Boulder Mountain,,Garfield,Rainbows,RAINBOW,560,9.87,2026-04-23,2026,1,1,
"GARKANE IMP, MAIN FK",Garkane Impoundment Main Fork,Boulder Mountain,,Garfield,Rainbows,RAINBOW,440,10.54,2026-06-17,2026,1,1,
"GARKANE IMP, MAIN FK",Garkane Impoundment Main Fork,Boulder Mountain,,Garfield,Tigers,TIGER TROUT,300,9.75,2026-06-18,2026,1,1,
GATES L,Gates Lake,Unclassified,,Garfield,Tigers,TIGER TROUT,255,2.98,2020-07-14,2020,1,1,
GRASS L SB,Grass Lake,Boulder Mountain,South Boulder,Garfield,Brookies,BROOK TROUT,305,2.88,2002-07-08,2002,1,1,
GRASS L TLM,Grass Lake,Thousand Lake Mountain,Thousand Lake Mountain,Wayne,Brookies,BROOK TROUT,108,2.86,2002-07-23,2002,1,1,
GRASS L SB,Grass Lake,Boulder Mountain,South Boulder,Garfield,Brookies,BROOK TROUT,306,2.62,2003-07-06,2003,1,1,
GRASS L TLM,Grass Lake,Thousand Lake Mountain,Thousand Lake Mountain,Wayne,Brookies,BROOK TROUT,100,2.92,2003-07-31,2003,1,1,
GRASS L SB,Grass Lake,Boulder Mountain,South Boulder,Garfield,Cutthroats,CUTTHROAT,1551,1.79,2003-10-07,2003,1,1,
GRASS L SB,Grass Lake,Boulder Mountain,South Boulder,Garfield,Cutthroats,CUTTHROAT,508,1.98,2003-10-07,2003,1,1,
GRASS L SB,Grass Lake,Boulder Mountain,South Boulder,Garfield,Brookies,BROOK TROUT,293,2.34,2004-07-12,2004,1,1,
GRASS L TLM,Grass Lake,Thousand Lake Mountain,Thousand Lake Mountain,Wayne,Brookies,BROOK TROUT,105,2.45,2004-07-22,2004,1,1,
GRASS L SB,Grass Lake,Boulder Mountain,South Boulder,Garfield,Brookies,BROOK TROUT,310,2.34,2005-07-10,2005,1,1,
GRASS L TLM,Grass Lake,Thousand Lake Mountain,Thousand Lake Mountain,Wayne,Brookies,BROOK TROUT,98,3.04,2005-08-02,2005,1,1,
GRASS L SB,Grass Lake,Boulder Mountain,South Boulder,Garfield,Cutthroats,CUTTHROAT,2000,1.94,2005-10-04,2005,1,1,
GRASS L SB,Grass Lake,Boulder Mountain,South Boulder,Garfield,Brookies,BROOK TROUT,305,2.88,2006-07-10,2006,1,1,
GRASS L TLM,Grass Lake,Thousand Lake Mountain,Thousand Lake Mountain,Wayne,Brookies,BROOK TROUT,98,3.22,2006-08-10,2006,1,1,
GRASS L TLM,Grass Lake,Thousand Lake Mountain,Thousand Lake Mountain,Wayne,Brookies,BROOK TROUT,119,4.65,2007-07-11,2007,1,1,
GRASS L SB,Grass Lake,Boulder Mountain,South Boulder,Garfield,Brookies,BROOK TROUT,300,3.22,2007-07-12,2007,1,1,
GRASS L SB,Grass Lake,Boulder Mountain,South Boulder,Garfield,Brookies,BROOK TROUT,298,3.2,2008-07-07,2008,1,1,
GRASS L TLM,Grass Lake,Thousand Lake Mountain,Thousand Lake Mountain,Wayne,Brookies,BROOK TROUT,112,3.35,2008-07-09,2008,1,1,
GRASS L TLM,Grass Lake,Thousand Lake Mountain,Thousand Lake Mountain,Wayne,Brookies,BROOK TROUT,99,3.33,2009-07-08,2009,1,1,
GRASS L SB,Grass Lake,Boulder Mountain,South Boulder,Garfield,Brookies,BROOK TROUT,312,2.89,2009-07-15,2009,1,1,
GRASS L SB,Grass Lake,Boulder Mountain,South Boulder,Garfield,Brookies,BROOK TROUT,302,3.34,2010-07-07,2010,1,1,
GRASS L TLM,Grass Lake,Thousand Lake Mountain,Thousand Lake Mountain,Wayne,Brookies,BROOK TROUT,106,2.87,2010-07-16,2010,1,1,
GRASS L SB,Grass Lake,Boulder Mountain,South Boulder,Garfield,Cutthroats,CUTTHROAT,1001,1.52,2010-09-13,2010,1,1,
GRASS L TLM,Grass Lake,Thousand Lake Mountain,Thousand Lake Mountain,Wayne,Brookies,BROOK TROUT,115,3.26,2011-07-20,2011,1,1,
GRASS L SB,Grass Lake,Boulder Mountain,South Boulder,Garfield,Brookies,BROOK TROUT,308,3.48,2011-07-28,2011,1,1,
GRASS L SB,Grass Lake,Boulder Mountain,South Boulder,Garfield,Brookies,BROOK TROUT,305,2.41,2012-07-06,2012,1,1,
GRASS L TLM,Grass Lake,Thousand Lake Mountain,Thousand Lake Mountain,Wayne,Brookies,BROOK TROUT,110,2.52,2012-07-09,2012,1,1,
GRASS L SB,Grass Lake,Boulder Mountain,South Boulder,Garfield,Cutthroats,CUTTHROAT,500,2.15,2012-09-19,2012,1,1,
GRASS L SB,Grass Lake,Boulder Mountain,South Boulder,Garfield,Brookies,BROOK TROUT,302,2.57,2013-07-01,2013,1,1,
GRASS L TLM,Grass Lake,Thousand Lake Mountain,Thousand Lake Mountain,Wayne,Brookies,BROOK TROUT,118,2.89,2013-07-30,2013,1,1,
GRASS L SB,Grass Lake,Boulder Mountain,South Boulder,Garfield,Cutthroats,CUTTHROAT,528,2.05,2013-09-16,2013,1,1,
GRASS L TLM,Grass Lake,Thousand Lake Mountain,Thousand Lake Mountain,Wayne,Brookies,BROOK TROUT,110,1.9,2014-06-11,2014,1,1,
GRASS L SB,Grass Lake,Boulder Mountain,South Boulder,Garfield,Cutthroats,CUTTHROAT,498,1.85,2014-09-10,2014,1,1,
GRASS L SB,Grass Lake,Boulder Mountain,South Boulder,Garfield,Brookies,BROOK TROUT,144,2.85,2015-06-29,2015,1,1,
GRASS L TLM,Grass Lake,Thousand Lake Mountain,Thousand Lake Mountain,Wayne,Brookies,BROOK TROUT,105,2.55,2015-07-22,2015,1,1,
GRASS L SB,Grass Lake,Boulder Mountain,South Boulder,Garfield,Cutthroats,CUTTHROAT,406,1.92,2015-09-18,2015,1,1,
GRASS L SB,Grass Lake,Boulder Mountain,South Boulder,Garfield,Brookies,BROOK TROUT,207,2.13,2016-06-27,2016,1,1,
GRASS L TLM,Grass Lake,Thousand Lake Mountain,Thousand Lake Mountain,Wayne,Brookies,BROOK TROUT,107,2.27,2016-06-27,2016,1,1,
GRASS L SB,Grass Lake,Boulder Mountain,South Boulder,Garfield,Cutthroats,CUTTHROAT,404,1.82,2016-09-19,2016,1,1,
GRASS L SB,Grass Lake,Boulder Mountain,South Boulder,Garfield,Brookies,BROOK TROUT,164,2.39,2017-06-26,2017,1,1,
GRASS L TLM,Grass Lake,Thousand Lake Mountain,Thousand Lake Mountain,Wayne,Brookies,BROOK TROUT,105,2.55,2017-06-26,2017,1,1,
GRASS L SB,Grass Lake,Boulder Mountain,South Boulder,Garfield,Brookies,BROOK TROUT,147,2.95,2018-06-25,2018,1,1,
GRASS L TLM,Grass Lake,Thousand Lake Mountain,Thousand Lake Mountain,Wayne,Brookies,BROOK TROUT,101,2.95,2018-07-09,2018,1,1,
GRASS L SB,Grass Lake,Boulder Mountain,South Boulder,Garfield,Cutthroats,CUTTHROAT,200,2.43,2018-10-01,2018,1,1,
GRASS L TLM,Grass Lake,Thousand Lake Mountain,Thousand Lake Mountain,Wayne,Brookies,BROOK TROUT,108,3.03,2019-07-18,2019,1,1,
GRASS L SB,Grass Lake,Boulder Mountain,South Boulder,Garfield,Cutthroats,CUTTHROAT,219,1.73,2019-09-25,2019,1,1,
GRASS L TLM,Grass Lake,Thousand Lake Mountain,Thousand Lake Mountain,Wayne,Brookies,BROOK TROUT,103,2.69,2020-06-23,2020,1,1,
GRASS L SB,Grass Lake,Boulder Mountain,South Boulder,Garfield,Brookies,BROOK TROUT,154,2.69,2020-07-01,2020,1,1,
GRASS L SB,Grass Lake,Boulder Mountain,South Boulder,Garfield,Cutthroats,CUTTHROAT,209,2.12,2020-09-23,2020,1,1,
GRASS L SB,Grass Lake,Boulder Mountain,South Boulder,Garfield,Brookies,BROOK TROUT,155,2.76,2021-07-06,2021,1,1,
GRASS L TLM,Grass Lake,Thousand Lake Mountain,Thousand Lake Mountain,Wayne,Brookies,BROOK TROUT,108,3.03,2021-08-03,2021,1,1,
GRASS L SB,Grass Lake,Boulder Mountain,South Boulder,Garfield,Cutthroats,CUTTHROAT,200,2.32,2021-09-20,2021,1,1,
GRASS L SB,Grass Lake,Boulder Mountain,South Boulder,Garfield,Brookies,BROOK TROUT,155,2.96,2022-07-07,2022,1,1,
GRASS L TLM,Grass Lake,Thousand Lake Mountain,Thousand Lake Mountain,Wayne,Brookies,BROOK TROUT,101,3.18,2022-07-26,2022,1,1,
GRASS L SB,Grass Lake,Boulder Mountain,South Boulder,Garfield,Brookies,BROOK TROUT,148,2.57,2023-07-10,2023,1,1,
GRASS L TLM,Grass Lake,Thousand Lake Mountain,Thousand Lake Mountain,Wayne,Brookies,BROOK TROUT,103,2.9,2023-07-25,2023,1,1,
GRASS L SB,Grass Lake,Boulder Mountain,South Boulder,Garfield,Brookies,BROOK TROUT,152,2.62,2024-06-25,2024,1,1,
GRASS L TLM,Grass Lake,Thousand Lake Mountain,Thousand Lake Mountain,Wayne,Brookies,BROOK TROUT,109,2.84,2024-07-22,2024,1,1,
GRASS L SB,Grass Lake,Boulder Mountain,South Boulder,Garfield,Brookies,BROOK TROUT,153,2.97,2025-06-23,2025,1,1,
GRASS L TLM,Grass Lake,Thousand Lake Mountain,Thousand Lake Mountain,Wayne,Brookies,BROOK TROUT,110,3.57,2025-07-29,2025,1,1,
GRASS L SB,Grass Lake,Boulder Mountain,South Boulder,Garfield,Brookies,BROOK TROUT,149,2.93,2026-07-13,2026,1,1,
GREEN L NBS,Green Lake,Boulder Mountain,North Boulder Slope,Wayne,Brookies,BROOK TROUT,504,2.88,2002-07-08,2002,1,1,
GREEN L EBS,Green Lake,Boulder Mountain,East Boulder Slope,Garfield,Cutthroats,CUTTHROAT,376,1.97,2002-10-09,2002,1,1,
GREEN L NBS,Green Lake,Boulder Mountain,North Boulder Slope,Wayne,Brookies,BROOK TROUT,500,2.62,2003-07-06,2003,1,1,
GREEN L NBS,Green Lake,Boulder Mountain,North Boulder Slope,Wayne,Brookies,BROOK TROUT,507,2.34,2004-07-12,2004,1,1,
GREEN L NBS,Green Lake,Boulder Mountain,North Boulder Slope,Wayne,Brookies,BROOK TROUT,504,2.34,2005-07-10,2005,1,1,
GREEN L EBS,Green Lake,Boulder Mountain,East Boulder Slope,Garfield,Cutthroats,CUTTHROAT,400,1.94,2005-10-04,2005,1,1,
GREEN L NBS,Green Lake,Boulder Mountain,North Boulder Slope,Wayne,Brookies,BROOK TROUT,504,2.88,2006-07-10,2006,1,1,
GREEN L NBS,Green Lake,Boulder Mountain,North Boulder Slope,Wayne,Grayling,GRAYLING ARCTIC,500,1.66,2006-08-04,2006,1,1,
GREEN L NBS,Green Lake,Boulder Mountain,North Boulder Slope,Wayne,Brookies,BROOK TROUT,503,3.22,2007-07-12,2007,1,1,
GREEN L NBS,Green Lake,Boulder Mountain,North Boulder Slope,Wayne,Grayling,GRAYLING ARCTIC,499,1.5,2007-07-31,2007,1,1,
GREEN L EBS,Green Lake,Boulder Mountain,East Boulder Slope,Garfield,Cutthroats,CUTTHROAT,428,1.49,2007-09-18,2007,1,1,
GREEN L NBS,Green Lake,Boulder Mountain,North Boulder Slope,Wayne,Brookies,BROOK TROUT,510,3.2,2008-07-07,2008,1,1,
GREEN L NBS,Green Lake,Boulder Mountain,North Boulder Slope,Wayne,Brookies,BROOK TROUT,519,2.89,2009-07-15,2009,1,1,
GREEN L NBS,Green Lake,Boulder Mountain,North Boulder Slope,Wayne,Grayling,GRAYLING ARCTIC,507,1.4,2009-08-04,2009,1,1,
GREEN L EBS,Green Lake,Boulder Mountain,East Boulder Slope,Garfield,Cutthroats,CUTTHROAT,275,2.09,2009-09-16,2009,1,1,
GREEN L EBS,Green Lake,Boulder Mountain,East Boulder Slope,Garfield,Cutthroats,CUTTHROAT,130,2.0,2009-09-16,2009,1,1,
GREEN L NBS,Green Lake,Boulder Mountain,North Boulder Slope,Wayne,Brookies,BROOK TROUT,502,2.71,2010-07-07,2010,1,1,
GREEN L NBS,Green Lake,Boulder Mountain,North Boulder Slope,Wayne,Grayling,GRAYLING ARCTIC,488,2.02,2010-09-13,2010,1,1,
GREEN L NBS,Green Lake,Boulder Mountain,North Boulder Slope,Wayne,Brookies,BROOK TROUT,515,3.27,2011-07-26,2011,1,1,
GREEN L EBS,Green Lake,Boulder Mountain,East Boulder Slope,Garfield,Cutthroats,CUTTHROAT,434,1.74,2011-09-20,2011,1,1,
GREEN L NBS,Green Lake,Boulder Mountain,North Boulder Slope,Wayne,Brookies,BROOK TROUT,299,2.47,2012-07-06,2012,1,1,
GREEN L NBS,Green Lake,Boulder Mountain,North Boulder Slope,Wayne,Brookies,BROOK TROUT,502,2.55,2013-07-01,2013,1,1,
GREEN L EBS,Green Lake,Boulder Mountain,East Boulder Slope,Garfield,Cutthroats,CUTTHROAT,429,2.05,2013-09-16,2013,1,1,
GREEN L NBS,Green Lake,Boulder Mountain,North Boulder Slope,Wayne,Grayling,GRAYLING ARCTIC,494,3.13,2013-09-16,2013,1,1,
GREEN L NBS,Green Lake,Boulder Mountain,North Boulder Slope,Wayne,Brookies,BROOK TROUT,513,1.9,2014-06-11,2014,1,1,
GREEN L EBS,Green Lake,Boulder Mountain,East Boulder Slope,Garfield,Tigers,TIGER TROUT,50,3.73,2014-06-11,2014,1,1,
GREEN L NBS,Green Lake,Boulder Mountain,North Boulder Slope,Wayne,Grayling,GRAYLING ARCTIC,510,2.27,2014-08-27,2014,1,1,
GREEN L NBS,Green Lake,Boulder Mountain,North Boulder Slope,Wayne,Brookies,BROOK TROUT,505,2.97,2015-06-29,2015,1,1,
GREEN L NBS,Green Lake,Boulder Mountain,North Boulder Slope,Wayne,Grayling,GRAYLING ARCTIC,493,2.4,2015-08-24,2015,1,1,
GREEN L EBS,Green Lake,Boulder Mountain,East Boulder Slope,Garfield,Cutthroats,CUTTHROAT,406,1.92,2015-09-18,2015,1,1,
GREEN L NBS,Green Lake,Boulder Mountain,North Boulder Slope,Wayne,Brookies,BROOK TROUT,537,2.27,2016-06-27,2016,1,1,
GREEN L EBS,Green Lake,Boulder Mountain,East Boulder Slope,Garfield,Tigers,TIGER TROUT,49,3.55,2016-06-27,2016,1,1,
GREEN L EBS,Green Lake,Boulder Mountain,East Boulder Slope,Garfield,Cutthroats,CUTTHROAT,404,1.82,2016-09-19,2016,1,1,
GREEN L NBS,Green Lake,Boulder Mountain,North Boulder Slope,Wayne,Brookies,BROOK TROUT,511,2.55,2017-06-26,2017,1,1,
GREEN L EBS,Green Lake,Boulder Mountain,East Boulder Slope,Garfield,Tigers,TIGER TROUT,50,2.71,2017-06-26,2017,1,1,
GREEN L EBS,Green Lake,Boulder Mountain,East Boulder Slope,Garfield,Cutthroats,CUTTHROAT,421,1.6,2017-09-18,2017,1,1,
GREEN L NBS,Green Lake,Boulder Mountain,North Boulder Slope,Wayne,Grayling,GRAYLING ARCTIC,500,2.79,2017-09-18,2017,1,1,
GREEN L NBS,Green Lake,Boulder Mountain,North Boulder Slope,Wayne,Brookies,BROOK TROUT,501,2.84,2018-06-25,2018,1,1,
GREEN L NBS,Green Lake,Boulder Mountain,North Boulder Slope,Wayne,Grayling,GRAYLING ARCTIC,510,3.25,2018-10-09,2018,1,1,
GREEN L NBS,Green Lake,Boulder Mountain,North Boulder Slope,Wayne,Brookies,BROOK TROUT,505,2.97,2019-07-10,2019,1,1,
GREEN L NBS,Green Lake,Boulder Mountain,North Boulder Slope,Wayne,Grayling,GRAYLING ARCTIC,250,2.29,2019-09-24,2019,1,1,
GREEN L EBS,Green Lake,Boulder Mountain,East Boulder Slope,Garfield,Cutthroats,CUTTHROAT,428,1.75,2019-10-09,2019,1,1,
GREEN L NBS,Green Lake,Boulder Mountain,North Boulder Slope,Wayne,Brookies,BROOK TROUT,512,2.55,2020-07-01,2020,1,1,
GREEN L EBS,Green Lake,Boulder Mountain,East Boulder Slope,Garfield,Lake trout,LAKE TROUT,52,3.82,2020-07-15,2020,1,1,
GREEN L NBS,Green Lake,Boulder Mountain,North Boulder Slope,Wayne,Grayling,GRAYLING ARCTIC,252,2.81,2020-09-28,2020,1,1,
GREEN L NBS,Green Lake,Boulder Mountain,North Boulder Slope,Wayne,Brookies,BROOK TROUT,504,2.71,2021-07-06,2021,1,1,
GREEN L EBS,Green Lake,Boulder Mountain,East Boulder Slope,Garfield,Tigers,TIGER TROUT,49,2.95,2021-07-06,2021,1,1,
GREEN L EBS,Green Lake,Boulder Mountain,East Boulder Slope,Garfield,Cutthroats,CUTTHROAT,500,1.71,2021-09-20,2021,1,1,
GREEN L NBS,Green Lake,Boulder Mountain,North Boulder Slope,Wayne,Grayling,GRAYLING ARCTIC,258,2.65,2021-09-23,2021,1,1,
GREEN L EBS,Green Lake,Boulder Mountain,East Boulder Slope,Garfield,Brookies,BROOK TROUT,155,2.96,2022-07-07,2022,1,1,
GREEN L NBS,Green Lake,Boulder Mountain,North Boulder Slope,Wayne,Brookies,BROOK TROUT,498,2.97,2022-07-07,2022,1,1,
GREEN L EBS,Green Lake,Boulder Mountain,East Boulder Slope,Garfield,Brookies,BROOK TROUT,148,2.57,2023-07-10,2023,1,1,
GREEN L NBS,Green Lake,Boulder Mountain,North Boulder Slope,Wayne,Brookies,BROOK TROUT,622,2.63,2023-07-10,2023,1,1,
GREEN L NBS,Green Lake,Boulder Mountain,North Boulder Slope,Wayne,Brookies,BROOK TROUT,506,2.63,2024-06-24,2024,1,1,
GREEN L EBS,Green Lake,Boulder Mountain,East Boulder Slope,Garfield,Brookies,BROOK TROUT,152,2.62,2024-06-25,2024,1,1,
GREEN L EBS,Green Lake,Boulder Mountain,East Boulder Slope,Garfield,Brookies,BROOK TROUT,153,2.97,2025-06-23,2025,1,1,
GREEN L NBS,Green Lake,Boulder Mountain,North Boulder Slope,Wayne,Brookies,BROOK TROUT,70,2.92,2025-06-23,2025,1,1,
GREEN L EBS,Green Lake,Boulder Mountain,East Boulder Slope,Garfield,Brookies,BROOK TROUT,149,2.93,2026-07-13,2026,1,1,
GREEN L NBS,Green Lake,Boulder Mountain,North Boulder Slope,Wayne,Brookies,BROOK TROUT,505,2.77,2026-07-13,2026,1,1,
GUNLOCK TOWN POND,Gunlock Town Pond,Southwest Utah,,Wayne,Bluegill,SUNFISH BLUEGILL,71,7.02,2015-04-30,2015,1,1,
GUNLOCK TOWN POND,Gunlock Town Pond,Southwest Utah,,Wayne,Largemouth bass,BASS LARGEMOUTH,20,16.56,2015-04-30,2015,1,1,
HALF MOON L BTS,Half Moon Lake,Boulder Mountain,Boulder Top (south),Garfield,Brookies,BROOK TROUT,504,2.88,2002-07-08,2002,1,1,
HALF MOON L BTS,Half Moon Lake,Boulder Mountain,Boulder Top (south),Garfield,Grayling,GRAYLING ARCTIC,2005,0.77,2002-07-30,2002,1,1,
HALF MOON L BTS,Half Moon Lake,Boulder Mountain,Boulder Top (south),Garfield,Brookies,BROOK TROUT,500,2.62,2003-07-06,2003,1,1,
HALF MOON L BTS,Half Moon Lake,Boulder Mountain,Boulder Top (south),Garfield,Grayling,GRAYLING ARCTIC,492,0.89,2003-08-05,2003,1,1,
HALF MOON L BTS,Half Moon Lake,Boulder Mountain,Boulder Top (south),Garfield,Brookies,BROOK TROUT,507,2.34,2004-07-12,2004,1,1,
HALF MOON L BTS,Half Moon Lake,Boulder Mountain,Boulder Top (south),Garfield,Brookies,BROOK TROUT,493,2.33,2005-07-10,2005,1,1,
HALF MOON L BTS,Half Moon Lake,Boulder Mountain,Boulder Top (south),Garfield,Grayling,GRAYLING ARCTIC,990,0.76,2005-07-18,2005,1,1,
HALF MOON L BTS,Half Moon Lake,Boulder Mountain,Boulder Top (south),Garfield,Brookies,BROOK TROUT,504,2.88,2006-07-09,2006,1,1,
HALF MOON L BTS,Half Moon Lake,Boulder Mountain,Boulder Top (south),Garfield,Grayling,GRAYLING ARCTIC,1998,1.66,2006-08-04,2006,1,1,
HALF MOON L BTS,Half Moon Lake,Boulder Mountain,Boulder Top (south),Garfield,Brookies,BROOK TROUT,503,3.22,2007-07-12,2007,1,1,
HALF MOON L BTS,Half Moon Lake,Boulder Mountain,Boulder Top (south),Garfield,Grayling,GRAYLING ARCTIC,2104,1.5,2007-07-31,2007,1,1,
HALF MOON L BTS,Half Moon Lake,Boulder Mountain,Boulder Top (south),Garfield,Brookies,BROOK TROUT,510,3.2,2008-07-07,2008,1,1,
HALF MOON L BTS,Half Moon Lake,Boulder Mountain,Boulder Top (south),Garfield,Grayling,GRAYLING ARCTIC,2000,1.17,2008-07-28,2008,1,1,
HALF MOON L BTS,Half Moon Lake,Boulder Mountain,Boulder Top (south),Garfield,Brookies,BROOK TROUT,519,2.89,2009-07-15,2009,1,1,
HALF MOON L BTS,Half Moon Lake,Boulder Mountain,Boulder Top (south),Garfield,Brookies,BROOK TROUT,503,3.34,2010-07-07,2010,1,1,
HALF MOON L BTS,Half Moon Lake,Boulder Mountain,Boulder Top (south),Garfield,Brookies,BROOK TROUT,510,3.48,2011-07-28,2011,1,1,
HALF MOON L BTS,Half Moon Lake,Boulder Mountain,Boulder Top (south),Garfield,Brookies,BROOK TROUT,502,2.41,2012-07-06,2012,1,1,
HALF MOON L BTS,Half Moon Lake,Boulder Mountain,Boulder Top (south),Garfield,Brookies,BROOK TROUT,503,2.57,2013-07-01,2013,1,1,
HALF MOON L BTS,Half Moon Lake,Boulder Mountain,Boulder Top (south),Garfield,Brookies,BROOK TROUT,502,2.35,2014-06-11,2014,1,1,
HALF MOON L BTS,Half Moon Lake,Boulder Mountain,Boulder Top (south),Garfield,Brookies,BROOK TROUT,505,2.85,2015-06-29,2015,1,1,
HALF MOON L BTS,Half Moon Lake,Boulder Mountain,Boulder Top (south),Garfield,Brookies,BROOK TROUT,543,2.13,2016-06-27,2016,1,1,
HALF MOON L BTS,Half Moon Lake,Boulder Mountain,Boulder Top (south),Garfield,Brookies,BROOK TROUT,511,2.39,2017-06-26,2017,1,1,
HALF MOON L BTS,Half Moon Lake,Boulder Mountain,Boulder Top (south),Garfield,Brookies,BROOK TROUT,500,2.95,2018-06-25,2018,1,1,
HALF MOON L BTS,Half Moon Lake,Boulder Mountain,Boulder Top (south),Garfield,Brookies,BROOK TROUT,511,2.69,2020-07-01,2020,1,1,
HALF MOON L BTS,Half Moon Lake,Boulder Mountain,Boulder Top (south),Garfield,Brookies,BROOK TROUT,501,2.76,2021-07-06,2021,1,1,
HALF MOON L BTS,Half Moon Lake,Boulder Mountain,Boulder Top (south),Garfield,Brookies,BROOK TROUT,501,2.96,2022-07-07,2022,1,1,
HALF MOON L BTS,Half Moon Lake,Boulder Mountain,Boulder Top (south),Garfield,Brookies,BROOK TROUT,503,2.57,2023-07-10,2023,1,1,
HALF MOON L BTS,Half Moon Lake,Boulder Mountain,Boulder Top (south),Garfield,Brookies,BROOK TROUT,499,2.62,2024-06-24,2024,1,1,
HALF MOON L BTS,Half Moon Lake,Boulder Mountain,Boulder Top (south),Garfield,Brookies,BROOK TROUT,497,2.97,2025-06-23,2025,1,1,
HALF MOON L BTS,Half Moon Lake,Boulder Mountain,Boulder Top (south),Garfield,Brookies,BROOK TROUT,498,2.93,2026-07-13,2026,1,1,
HONEYMOON L NB,Honeymoon Lake,Boulder Mountain,North Boulder,Wayne,Tigers,TIGER TROUT,196,3.92,2002-07-23,2002,1,1,
HONEYMOON L NB,Honeymoon Lake,Boulder Mountain,North Boulder,Wayne,Tigers,TIGER TROUT,200,3.08,2004-07-09,2004,1,1,
HONEYMOON L NB,Honeymoon Lake,Boulder Mountain,North Boulder,Wayne,Cutthroats,CUTTHROAT,300,1.94,2005-10-04,2005,1,1,
HONEYMOON L NB,Honeymoon Lake,Boulder Mountain,North Boulder,Wayne,Tigers,TIGER TROUT,204,3.62,2006-10-11,2006,1,1,
HONEYMOON L NB,Honeymoon Lake,Boulder Mountain,North Boulder,Wayne,Cutthroats,CUTTHROAT,342,1.49,2007-09-18,2007,1,1,
HONEYMOON L NB,Honeymoon Lake,Boulder Mountain,North Boulder,Wayne,Tigers,TIGER TROUT,195,2.74,2008-07-07,2008,1,1,
HONEYMOON L NB,Honeymoon Lake,Boulder Mountain,North Boulder,Wayne,Cutthroats,CUTTHROAT,302,2.0,2009-09-16,2009,1,1,
HONEYMOON L NB,Honeymoon Lake,Boulder Mountain,North Boulder,Wayne,Tigers,TIGER TROUT,195,2.34,2010-07-07,2010,1,1,
HONEYMOON L NB,Honeymoon Lake,Boulder Mountain,North Boulder,Wayne,Cutthroats,CUTTHROAT,302,1.83,2011-09-20,2011,1,1,
HONEYMOON L NB,Honeymoon Lake,Boulder Mountain,North Boulder,Wayne,Cutthroats,CUTTHROAT,301,2.15,2012-09-19,2012,1,1,
HONEYMOON L NB,Honeymoon Lake,Boulder Mountain,North Boulder,Wayne,Tigers,TIGER TROUT,203,3.04,2013-07-01,2013,1,1,
HONEYMOON L NB,Honeymoon Lake,Boulder Mountain,North Boulder,Wayne,Cutthroats,CUTTHROAT,330,2.05,2013-09-16,2013,1,1,
HONEYMOON L NB,Honeymoon Lake,Boulder Mountain,North Boulder,Wayne,Brookies,BROOK TROUT,96,2.35,2014-06-11,2014,1,1,
HONEYMOON L NB,Honeymoon Lake,Boulder Mountain,North Boulder,Wayne,Tigers,TIGER TROUT,219,3.5,2015-06-30,2015,1,1,
HONEYMOON L NB,Honeymoon Lake,Boulder Mountain,North Boulder,Wayne,Brookies,BROOK TROUT,155,2.13,2016-06-27,2016,1,1,
HONEYMOON L NB,Honeymoon Lake,Boulder Mountain,North Boulder,Wayne,Tigers,TIGER TROUT,300,2.71,2017-06-26,2017,1,1,
HONEYMOON L NB,Honeymoon Lake,Boulder Mountain,North Boulder,Wayne,Brookies,BROOK TROUT,98,2.95,2018-06-25,2018,1,1,
HONEYMOON L NB,Honeymoon Lake,Boulder Mountain,North Boulder,Wayne,Tigers,TIGER TROUT,300,2.99,2019-07-10,2019,1,1,
HONEYMOON L NB,Honeymoon Lake,Boulder Mountain,North Boulder,Wayne,Brookies,BROOK TROUT,96,2.76,2021-07-06,2021,1,1,
HONEYMOON L NB,Honeymoon Lake,Boulder Mountain,North Boulder,Wayne,Tigers,TIGER TROUT,303,2.95,2021-07-06,2021,1,1,
HONEYMOON L NB,Honeymoon Lake,Boulder Mountain,North Boulder,Wayne,Brookies,BROOK TROUT,97,2.96,2022-07-07,2022,1,1,
HONEYMOON L NB,Honeymoon Lake,Boulder Mountain,North Boulder,Wayne,Tigers,TIGER TROUT,302,2.82,2022-07-07,2022,1,1,
HONEYMOON L NB,Honeymoon Lake,Boulder Mountain,North Boulder,Wayne,Brookies,BROOK TROUT,104,2.57,2023-07-10,2023,1,1,
HONEYMOON L NB,Honeymoon Lake,Boulder Mountain,North Boulder,Wayne,Tigers,TIGER TROUT,298,2.87,2023-07-10,2023,1,1,
HONEYMOON L NB,Honeymoon Lake,Boulder Mountain,North Boulder,Wayne,Brookies,BROOK TROUT,50,2.93,2026-07-13,2026,1,1,
HONEYMOON L NB,Honeymoon Lake,Boulder Mountain,North Boulder,Wayne,Tigers,TIGER TROUT,148,2.87,2026-07-13,2026,1,1,
HORSESHOE L BTS,Horseshoe Lake,Boulder Mountain,Boulder Top (south),Garfield,Brookies,BROOK TROUT,746,2.88,2002-07-08,2002,1,1,
HORSESHOE L BTS,Horseshoe Lake,Boulder Mountain,Boulder Top (south),Garfield,Brookies,BROOK TROUT,751,2.62,2003-07-06,2003,1,1,
HORSESHOE L BTS,Horseshoe Lake,Boulder Mountain,Boulder Top (south),Garfield,Brookies,BROOK TROUT,741,2.34,2004-07-12,2004,1,1,
HORSESHOE L BTS,Horseshoe Lake,Boulder Mountain,Boulder Top (south),Garfield,Brookies,BROOK TROUT,749,2.33,2005-07-10,2005,1,1,
HORSESHOE L BTS,Horseshoe Lake,Boulder Mountain,Boulder Top (south),Garfield,Grayling,GRAYLING ARCTIC,990,0.76,2005-07-18,2005,1,1,
HORSESHOE L BTS,Horseshoe Lake,Boulder Mountain,Boulder Top (south),Garfield,Brookies,BROOK TROUT,746,2.88,2006-07-09,2006,1,1,
HORSESHOE L BTS,Horseshoe Lake,Boulder Mountain,Boulder Top (south),Garfield,Grayling,GRAYLING ARCTIC,1001,1.66,2006-08-04,2006,1,1,
HORSESHOE L BTS,Horseshoe Lake,Boulder Mountain,Boulder Top (south),Garfield,Brookies,BROOK TROUT,750,3.22,2007-07-12,2007,1,1,
HORSESHOE L BTS,Horseshoe Lake,Boulder Mountain,Boulder Top (south),Garfield,Grayling,GRAYLING ARCTIC,997,1.5,2007-07-31,2007,1,1,
HORSESHOE L BTS,Horseshoe Lake,Boulder Mountain,Boulder Top (south),Garfield,Brookies,BROOK TROUT,765,3.2,2008-07-07,2008,1,1,
HORSESHOE L BTS,Horseshoe Lake,Boulder Mountain,Boulder Top (south),Garfield,Grayling,GRAYLING ARCTIC,1000,1.17,2008-07-28,2008,1,1,
HORSESHOE L BTS,Horseshoe Lake,Boulder Mountain,Boulder Top (south),Garfield,Brookies,BROOK TROUT,758,2.89,2009-07-15,2009,1,1,
HORSESHOE L BTS,Horseshoe Lake,Boulder Mountain,Boulder Top (south),Garfield,Brookies,BROOK TROUT,751,3.34,2010-07-07,2010,1,1,
HORSESHOE L BTS,Horseshoe Lake,Boulder Mountain,Boulder Top (south),Garfield,Brookies,BROOK TROUT,758,3.48,2011-07-28,2011,1,1,
HORSESHOE L BTS,Horseshoe Lake,Boulder Mountain,Boulder Top (south),Garfield,Brookies,BROOK TROUT,752,2.41,2012-07-06,2012,1,1,
HORSESHOE L BTS,Horseshoe Lake,Boulder Mountain,Boulder Top (south),Garfield,Brookies,BROOK TROUT,755,2.57,2013-07-01,2013,1,1,
HORSESHOE L BTS,Horseshoe Lake,Boulder Mountain,Boulder Top (south),Garfield,Brookies,BROOK TROUT,309,2.35,2014-06-11,2014,1,1,
HORSESHOE L BTS,Horseshoe Lake,Boulder Mountain,Boulder Top (south),Garfield,Brookies,BROOK TROUT,303,2.85,2015-06-29,2015,1,1,
HORSESHOE L BTS,Horseshoe Lake,Boulder Mountain,Boulder Top (south),Garfield,Brookies,BROOK TROUT,439,2.13,2016-06-27,2016,1,1,
HORSESHOE L BTS,Horseshoe Lake,Boulder Mountain,Boulder Top (south),Garfield,Tigers,TIGER TROUT,98,3.55,2016-06-27,2016,1,1,
HORSESHOE L BTS,Horseshoe Lake,Boulder Mountain,Boulder Top (south),Garfield,Brookies,BROOK TROUT,310,2.39,2017-06-26,2017,1,1,
HORSESHOE L BTS,Horseshoe Lake,Boulder Mountain,Boulder Top (south),Garfield,Tigers,TIGER TROUT,50,2.71,2017-06-26,2017,1,1,
HORSESHOE L BTS,Horseshoe Lake,Boulder Mountain,Boulder Top (south),Garfield,Brookies,BROOK TROUT,304,2.95,2018-06-25,2018,1,1,
HORSESHOE L BTS,Horseshoe Lake,Boulder Mountain,Boulder Top (south),Garfield,Tigers,TIGER TROUT,51,2.71,2018-06-25,2018,1,1,
HORSESHOE L BTS,Horseshoe Lake,Boulder Mountain,Boulder Top (south),Garfield,Brookies,BROOK TROUT,307,2.69,2020-07-01,2020,1,1,
HORSESHOE L BTS,Horseshoe Lake,Boulder Mountain,Boulder Top (south),Garfield,Lake trout,LAKE TROUT,59,4.1,2020-07-01,2020,1,1,
HORSESHOE L BTS,Horseshoe Lake,Boulder Mountain,Boulder Top (south),Garfield,Tigers,TIGER TROUT,55,2.84,2020-07-01,2020,1,1,
HORSESHOE L BTS,Horseshoe Lake,Boulder Mountain,Boulder Top (south),Garfield,Brookies,BROOK TROUT,299,2.76,2021-07-06,2021,1,1,
HORSESHOE L BTS,Horseshoe Lake,Boulder Mountain,Boulder Top (south),Garfield,Tigers,TIGER TROUT,59,2.95,2021-07-06,2021,1,1,
HORSESHOE L BTS,Horseshoe Lake,Boulder Mountain,Boulder Top (south),Garfield,Brookies,BROOK TROUT,299,2.96,2022-07-07,2022,1,1,
HORSESHOE L BTS,Horseshoe Lake,Boulder Mountain,Boulder Top (south),Garfield,Tigers,TIGER TROUT,45,2.82,2022-07-07,2022,1,1,
HORSESHOE L BTS,Horseshoe Lake,Boulder Mountain,Boulder Top (south),Garfield,Brookies,BROOK TROUT,296,2.57,2023-07-10,2023,1,1,
HORSESHOE L BTS,Horseshoe Lake,Boulder Mountain,Boulder Top (south),Garfield,Tigers,TIGER TROUT,53,2.87,2023-07-10,2023,1,1,
HORSESHOE L BTS,Horseshoe Lake,Boulder Mountain,Boulder Top (south),Garfield,Brookies,BROOK TROUT,305,2.62,2024-06-24,2024,1,1,
HORSESHOE L BTS,Horseshoe Lake,Boulder Mountain,Boulder Top (south),Garfield,Tigers,TIGER TROUT,52,2.68,2024-06-24,2024,1,1,
HORSESHOE L BTS,Horseshoe Lake,Boulder Mountain,Boulder Top (south),Garfield,Brookies,BROOK TROUT,297,2.97,2025-06-23,2025,1,1,
HORSESHOE L BTS,Horseshoe Lake,Boulder Mountain,Boulder Top (south),Garfield,Tigers,TIGER TROUT,45,2.81,2025-06-23,2025,1,1,
HORSESHOE L BTS,Horseshoe Lake,Boulder Mountain,Boulder Top (south),Garfield,Brookies,BROOK TROUT,299,2.93,2026-07-13,2026,1,1,
HORSESHOE L BTS,Horseshoe Lake,Boulder Mountain,Boulder Top (south),Garfield,Tigers,TIGER TROUT,53,2.87,2026-07-13,2026,1,1,
"HUNT CR, E FK",Hunt Creek East Fork,Southwest Garfield,,Garfield,Cutthroats,CUTTHROAT,500,2.46,2007-10-25,2007,1,1,
"HUNT CR, W FK",Hunt Creek West Fork,Southwest Garfield,,Garfield,Cutthroats,CUTTHROAT,500,2.46,2007-10-25,2007,1,1,
JACOBS VALLEY RES,Jacobs Valley Reservoir,Griffin Top,,Garfield,Tigers,TIGER TROUT,995,10.73,2026-06-10,2026,1,1,
JOE LAY L NCL,Joe Lay Lake,Boulder Mountain,North Creek Lakes,Garfield,Brookies,BROOK TROUT,347,2.88,2002-07-08,2002,1,1,
JOE LAY L NCL,Joe Lay Lake,Boulder Mountain,North Creek Lakes,Garfield,Brookies,BROOK TROUT,348,2.62,2003-07-06,2003,1,1,
JOE LAY L NCL,Joe Lay Lake,Boulder Mountain,North Creek Lakes,Garfield,Brookies,BROOK TROUT,351,2.34,2004-07-12,2004,1,1,
JOE LAY L NCL,Joe Lay Lake,Boulder Mountain,North Creek Lakes,Garfield,Brookies,BROOK TROUT,355,2.33,2005-07-10,2005,1,1,
JOE LAY L NCL,Joe Lay Lake,Boulder Mountain,North Creek Lakes,Garfield,Brookies,BROOK TROUT,347,2.88,2006-07-10,2006,1,1,
JOE LAY L NCL,Joe Lay Lake,Boulder Mountain,North Creek Lakes,Garfield,Brookies,BROOK TROUT,353,3.22,2007-07-12,2007,1,1,
JOE LAY L NCL,Joe Lay Lake,Boulder Mountain,North Creek Lakes,Garfield,Brookies,BROOK TROUT,357,3.2,2008-07-07,2008,1,1,
JOE LAY L NCL,Joe Lay Lake,Boulder Mountain,North Creek Lakes,Garfield,Brookies,BROOK TROUT,351,3.33,2009-07-08,2009,1,1,
JOE LAY L NCL,Joe Lay Lake,Boulder Mountain,North Creek Lakes,Garfield,Brookies,BROOK TROUT,360,2.62,2010-07-12,2010,1,1,
JOE LAY L NCL,Joe Lay Lake,Boulder Mountain,North Creek Lakes,Garfield,Brookies,BROOK TROUT,358,3.27,2011-07-28,2011,1,1,
JOE LAY L NCL,Joe Lay Lake,Boulder Mountain,North Creek Lakes,Garfield,Brookies,BROOK TROUT,357,2.63,2012-07-13,2012,1,1,
JOE LAY L NCL,Joe Lay Lake,Boulder Mountain,North Creek Lakes,Garfield,Brookies,BROOK TROUT,363,2.55,2013-07-01,2013,1,1,
JOE LAY L NCL,Joe Lay Lake,Boulder Mountain,North Creek Lakes,Garfield,Brookies,BROOK TROUT,159,2.85,2015-06-29,2015,1,1,
JOE LAY L NCL,Joe Lay Lake,Boulder Mountain,North Creek Lakes,Garfield,Brookies,BROOK TROUT,258,2.13,2016-06-27,2016,1,1,
JOE LAY L NCL,Joe Lay Lake,Boulder Mountain,North Creek Lakes,Garfield,Brookies,BROOK TROUT,201,2.39,2017-06-26,2017,1,1,
JOE LAY L NCL,Joe Lay Lake,Boulder Mountain,North Creek Lakes,Garfield,Brookies,BROOK TROUT,196,2.95,2018-06-25,2018,1,1,
JOE LAY L NCL,Joe Lay Lake,Boulder Mountain,North Creek Lakes,Garfield,Tigers,TIGER TROUT,50,2.71,2018-06-25,2018,1,1,
JOE LAY L NCL,Joe Lay Lake,Boulder Mountain,North Creek Lakes,Garfield,Brookies,BROOK TROUT,100,2.83,2019-07-10,2019,1,1,
JOE LAY L NCL,Joe Lay Lake,Boulder Mountain,North Creek Lakes,Garfield,Brookies,BROOK TROUT,205,2.69,2020-07-01,2020,1,1,
JOE LAY L NCL,Joe Lay Lake,Boulder Mountain,North Creek Lakes,Garfield,Brookies,BROOK TROUT,203,2.76,2021-07-06,2021,1,1,
JOE LAY L NCL,Joe Lay Lake,Boulder Mountain,North Creek Lakes,Garfield,Brookies,BROOK TROUT,210,3.5,2022-08-16,2022,1,1,
JOE LAY L NCL,Joe Lay Lake,Boulder Mountain,North Creek Lakes,Garfield,Brookies,BROOK TROUT,207,2.57,2023-07-11,2023,1,1,
JOE LAY L NCL,Joe Lay Lake,Boulder Mountain,North Creek Lakes,Garfield,Brookies,BROOK TROUT,194,2.62,2024-06-25,2024,1,1,
JOE LAY L NCL,Joe Lay Lake,Boulder Mountain,North Creek Lakes,Garfield,Brookies,BROOK TROUT,200,2.97,2025-06-23,2025,1,1,
JOE LAY L NCL,Joe Lay Lake,Boulder Mountain,North Creek Lakes,Garfield,Tigers,TIGER TROUT,45,2.81,2025-06-23,2025,1,1,
JOE LAY L NCL,Joe Lay Lake,Boulder Mountain,North Creek Lakes,Garfield,Brookies,BROOK TROUT,199,2.93,2026-07-13,2026,1,1,
JOHNNY L,Johnny Lake,Boulder Mountain,,Garfield,Cutthroats,CUTTHROAT,97,1.68,2003-10-15,2003,1,1,
JOHNNY L,Johnny Lake,Boulder Mountain,,Garfield,Cutthroats,CUTTHROAT,91,1.85,2014-09-10,2014,1,1,
KINGS PASTURE EBS,Kings Pasture,Boulder Mountain,East Boulder Slope,Garfield,Tigers,TIGER TROUT,150,10.08,2011-06-17,2011,1,1,
KINGS PASTURE EBS,Kings Pasture,Boulder Mountain,East Boulder Slope,Garfield,Tigers,TIGER TROUT,100,10.0,2013-06-27,2013,1,1,
KINGS PASTURE EBS,Kings Pasture,Boulder Mountain,East Boulder Slope,Garfield,Tigers,TIGER TROUT,50,8.22,2015-06-29,2015,1,1,
LAKE EMILY,Lake Emily,Boulder Mountain,,Wayne,Brookies,BROOK TROUT,105,3.69,2010-08-12,2010,1,1,
LAKE EMILY,Lake Emily,Boulder Mountain,,Wayne,Brookies,BROOK TROUT,63,3.16,2017-08-10,2017,1,1,
LAKE EMILY,Lake Emily,Boulder Mountain,,Wayne,Brookies,BROOK TROUT,51,3.68,2019-08-22,2019,1,1,
LAKE EMILY,Lake Emily,Boulder Mountain,,Wayne,Brookies,BROOK TROUT,51,3.26,2022-08-03,2022,1,1,
LAKE EMILY,Lake Emily,Boulder Mountain,,Wayne,Brookies,BROOK TROUT,50,4.4,2025-08-21,2025,1,1,
LEDGE L BTS,Ledge Lake,Boulder Mountain,Boulder Top (south),Garfield,Brookies,BROOK TROUT,200,2.88,2002-07-08,2002,1,1,
LEDGE L BTS,Ledge Lake,Boulder Mountain,Boulder Top (south),Garfield,Brookies,BROOK TROUT,209,2.62,2003-07-06,2003,1,1,
LEDGE L BTS,Ledge Lake,Boulder Mountain,Boulder Top (south),Garfield,Brookies,BROOK TROUT,195,2.34,2004-07-12,2004,1,1,
LEDGE L BTS,Ledge Lake,Boulder Mountain,Boulder Top (south),Garfield,Brookies,BROOK TROUT,197,2.33,2005-07-10,2005,1,1,
LEDGE L BTS,Ledge Lake,Boulder Mountain,Boulder Top (south),Garfield,Brookies,BROOK TROUT,200,2.88,2006-07-10,2006,1,1,
LEDGE L BTS,Ledge Lake,Boulder Mountain,Boulder Top (south),Garfield,Brookies,BROOK TROUT,203,3.22,2007-07-12,2007,1,1,
LEDGE L BTS,Ledge Lake,Boulder Mountain,Boulder Top (south),Garfield,Brookies,BROOK TROUT,213,3.2,2008-07-07,2008,1,1,
LEDGE L BTS,Ledge Lake,Boulder Mountain,Boulder Top (south),Garfield,Brookies,BROOK TROUT,207,3.33,2009-07-08,2009,1,1,
LEDGE L BTS,Ledge Lake,Boulder Mountain,Boulder Top (south),Garfield,Brookies,BROOK TROUT,201,3.34,2010-07-07,2010,1,1,
LEDGE L BTS,Ledge Lake,Boulder Mountain,Boulder Top (south),Garfield,Brookies,BROOK TROUT,213,3.48,2011-07-28,2011,1,1,
LEDGE L BTS,Ledge Lake,Boulder Mountain,Boulder Top (south),Garfield,Brookies,BROOK TROUT,197,2.41,2012-07-06,2012,1,1,
LEDGE L BTS,Ledge Lake,Boulder Mountain,Boulder Top (south),Garfield,Brookies,BROOK TROUT,202,2.57,2013-07-01,2013,1,1,
LEDGE L BTS,Ledge Lake,Boulder Mountain,Boulder Top (south),Garfield,Brookies,BROOK TROUT,193,2.35,2014-06-11,2014,1,1,
LEDGE L BTS,Ledge Lake,Boulder Mountain,Boulder Top (south),Garfield,Brookies,BROOK TROUT,202,2.85,2015-06-29,2015,1,1,
LEDGE L BTS,Ledge Lake,Boulder Mountain,Boulder Top (south),Garfield,Brookies,BROOK TROUT,258,2.13,2016-06-27,2016,1,1,
LEDGE L BTS,Ledge Lake,Boulder Mountain,Boulder Top (south),Garfield,Brookies,BROOK TROUT,201,2.39,2017-06-26,2017,1,1,
LEDGE L BTS,Ledge Lake,Boulder Mountain,Boulder Top (south),Garfield,Brookies,BROOK TROUT,196,2.95,2018-06-25,2018,1,1,
LEDGE L BTS,Ledge Lake,Boulder Mountain,Boulder Top (south),Garfield,Brookies,BROOK TROUT,204,2.69,2020-07-01,2020,1,1,
LEDGE L BTS,Ledge Lake,Boulder Mountain,Boulder Top (south),Garfield,Brookies,BROOK TROUT,203,2.76,2021-07-06,2021,1,1,
LEDGE L BTS,Ledge Lake,Boulder Mountain,Boulder Top (south),Garfield,Brookies,BROOK TROUT,203,2.96,2022-07-07,2022,1,1,
LEDGE L BTS,Ledge Lake,Boulder Mountain,Boulder Top (south),Garfield,Brookies,BROOK TROUT,207,2.57,2023-07-10,2023,1,1,
LEDGE L BTS,Ledge Lake,Boulder Mountain,Boulder Top (south),Garfield,Brookies,BROOK TROUT,194,2.62,2024-06-24,2024,1,1,
LEDGE L BTS,Ledge Lake,Boulder Mountain,Boulder Top (south),Garfield,Brookies,BROOK TROUT,201,2.97,2025-06-23,2025,1,1,
LEDGE L BTS,Ledge Lake,Boulder Mountain,Boulder Top (south),Garfield,Brookies,BROOK TROUT,249,2.93,2026-07-13,2026,1,1,
LEFT HAND RES NBS,Left Hand Reservoir,Boulder Mountain,North Boulder Slope,Wayne,Brookies,BROOK TROUT,293,2.34,2004-07-12,2004,1,1,
LEFT HAND RES NBS,Left Hand Reservoir,Boulder Mountain,North Boulder Slope,Wayne,Brookies,BROOK TROUT,291,2.34,2005-07-10,2005,1,1,
LEFT HAND RES NBS,Left Hand Reservoir,Boulder Mountain,North Boulder Slope,Wayne,Brookies,BROOK TROUT,300,3.22,2007-07-12,2007,1,1,
LEFT HAND RES NBS,Left Hand Reservoir,Boulder Mountain,North Boulder Slope,Wayne,Brookies,BROOK TROUT,312,2.89,2009-07-15,2009,1,1,
LEFT HAND RES NBS,Left Hand Reservoir,Boulder Mountain,North Boulder Slope,Wayne,Brookies,BROOK TROUT,319,2.62,2010-07-12,2010,1,1,
LEFT HAND RES NBS,Left Hand Reservoir,Boulder Mountain,North Boulder Slope,Wayne,Brookies,BROOK TROUT,307,3.27,2011-07-26,2011,1,1,
LEFT HAND RES NBS,Left Hand Reservoir,Boulder Mountain,North Boulder Slope,Wayne,Brookies,BROOK TROUT,996,2.47,2012-07-06,2012,1,1,
LEFT HAND RES NBS,Left Hand Reservoir,Boulder Mountain,North Boulder Slope,Wayne,Brookies,BROOK TROUT,312,2.55,2013-07-01,2013,1,1,
LEFT HAND RES NBS,Left Hand Reservoir,Boulder Mountain,North Boulder Slope,Wayne,Brookies,BROOK TROUT,362,2.13,2016-06-27,2016,1,1,
LEFT HAND RES NBS,Left Hand Reservoir,Boulder Mountain,North Boulder Slope,Wayne,Brookies,BROOK TROUT,310,2.39,2017-06-26,2017,1,1,
LEFT HAND RES NBS,Left Hand Reservoir,Boulder Mountain,North Boulder Slope,Wayne,Brookies,BROOK TROUT,307,2.69,2020-07-01,2020,1,1,
LEFT HAND RES NBS,Left Hand Reservoir,Boulder Mountain,North Boulder Slope,Wayne,Brookies,BROOK TROUT,296,2.57,2023-07-10,2023,1,1,
LITTLE ANTIMONY EMW,Little Antimony,Escalante Mountains,Escalante Mountains west,Garfield,Rainbows,RAINBOW,251,3.95,2002-05-06,2002,1,1,
LITTLE ANTIMONY EMW,Little Antimony,Escalante Mountains,Escalante Mountains west,Garfield,Rainbows,RAINBOW,250,5.38,2004-05-27,2004,1,1,
LITTLE ANTIMONY EMW,Little Antimony,Escalante Mountains,Escalante Mountains west,Garfield,Rainbows,RAINBOW,250,3.29,2006-06-21,2006,1,1,
LITTLE ANTIMONY EMW,Little Antimony,Escalante Mountains,Escalante Mountains west,Garfield,Rainbows,RAINBOW,264,3.34,2008-07-16,2008,1,1,
LITTLE ANTIMONY EMW,Little Antimony,Escalante Mountains,Escalante Mountains west,Garfield,Rainbows,RAINBOW,250,3.26,2010-07-12,2010,1,1,
LITTLE ANTIMONY EMW,Little Antimony,Escalante Mountains,Escalante Mountains west,Garfield,Tigers,TIGER TROUT,54,5.25,2014-08-15,2014,1,1,
LITTLE ANTIMONY EMW,Little Antimony,Escalante Mountains,Escalante Mountains west,Garfield,Tigers,TIGER TROUT,80,5.27,2014-08-15,2014,1,1,
LITTLE ANTIMONY EMW,Little Antimony,Escalante Mountains,Escalante Mountains west,Garfield,Tigers,TIGER TROUT,71,3.28,2020-08-11,2020,1,1,
LITTLE ANTIMONY EMW,Little Antimony,Escalante Mountains,Escalante Mountains west,Garfield,Tigers,TIGER TROUT,53,2.76,2022-06-29,2022,1,1,
LITTLE ANTIMONY EMW,Little Antimony,Escalante Mountains,Escalante Mountains west,Garfield,Tigers,TIGER TROUT,52,2.89,2024-07-23,2024,1,1,
LITTLE ANTIMONY EMW,Little Antimony,Escalante Mountains,Escalante Mountains west,Garfield,Tigers,TIGER TROUT,51,2.75,2026-07-08,2026,1,1,
LITTLE ANTIMONY EMW,Little Antimony,Escalante Mountains,Escalante Mountains west,Garfield,Rainbows,RAINBOW,112,2.61,2026-07-22,2026,1,1,
LITTLE SCOUT L EB,Little Scout Lake,Boulder Mountain,East Boulder,Garfield,Brookies,BROOK TROUT,200,2.88,2002-07-08,2002,1,1,
LITTLE SCOUT L EB,Little Scout Lake,Boulder Mountain,East Boulder,Garfield,Brookies,BROOK TROUT,195,2.34,2004-07-12,2004,1,1,
LITTLE SCOUT L EB,Little Scout Lake,Boulder Mountain,East Boulder,Garfield,Brookies,BROOK TROUT,200,2.88,2006-07-10,2006,1,1,
LITTLE SCOUT L EB,Little Scout Lake,Boulder Mountain,East Boulder,Garfield,Brookies,BROOK TROUT,213,3.2,2008-07-07,2008,1,1,
LITTLE SCOUT L EB,Little Scout Lake,Boulder Mountain,East Boulder,Garfield,Brookies,BROOK TROUT,213,2.71,2010-07-07,2010,1,1,
LITTLE SCOUT L EB,Little Scout Lake,Boulder Mountain,East Boulder,Garfield,Brookies,BROOK TROUT,207,3.27,2011-07-28,2011,1,1,
LITTLE SCOUT L EB,Little Scout Lake,Boulder Mountain,East Boulder,Garfield,Brookies,BROOK TROUT,206,2.63,2012-07-13,2012,1,1,
LITTLE SCOUT L EB,Little Scout Lake,Boulder Mountain,East Boulder,Garfield,Brookies,BROOK TROUT,183,1.9,2014-06-11,2014,1,1,
LITTLE SCOUT L EB,Little Scout Lake,Boulder Mountain,East Boulder,Garfield,Brookies,BROOK TROUT,236,2.27,2016-06-27,2016,1,1,
LITTLE SCOUT L EB,Little Scout Lake,Boulder Mountain,East Boulder,Garfield,Brookies,BROOK TROUT,196,2.84,2018-06-25,2018,1,1,
LITTLE SCOUT L EB,Little Scout Lake,Boulder Mountain,East Boulder,Garfield,Brookies,BROOK TROUT,211,2.55,2020-07-01,2020,1,1,
LITTLE SCOUT L EB,Little Scout Lake,Boulder Mountain,East Boulder,Garfield,Brookies,BROOK TROUT,201,2.97,2022-07-07,2022,1,1,
LITTLE SCOUT L EB,Little Scout Lake,Boulder Mountain,East Boulder,Garfield,Brookies,BROOK TROUT,205,2.63,2024-06-24,2024,1,1,
LITTLE SCOUT L EB,Little Scout Lake,Boulder Mountain,East Boulder,Garfield,Brookies,BROOK TROUT,106,2.77,2026-07-14,2026,1,1,
LONG WILLOW BOTTOMS,Long Willow Bottoms,Boulder Mountain,,Garfield,Cutthroats,CUTTHROAT,456,6.09,2002-05-24,2002,1,1,
LONG WILLOW BOTTOMS,Long Willow Bottoms,Boulder Mountain,,Garfield,Cutthroats,CUTTHROAT,151,1.97,2002-10-09,2002,1,1,
LONG WILLOW BOTTOMS,Long Willow Bottoms,Boulder Mountain,,Garfield,Cutthroats,CUTTHROAT,416,2.08,2003-10-07,2003,1,1,
LONG WILLOW BOTTOMS,Long Willow Bottoms,Boulder Mountain,,Garfield,Cutthroats,CUTTHROAT,100,7.06,2005-07-18,2005,1,1,
LONG WILLOW BOTTOMS,Long Willow Bottoms,Boulder Mountain,,Garfield,Tigers,TIGER TROUT,200,3.84,2005-07-18,2005,1,1,
LONG WILLOW BOTTOMS,Long Willow Bottoms,Boulder Mountain,,Garfield,Cutthroats,CUTTHROAT,500,1.94,2005-10-04,2005,1,1,
LONG WILLOW BOTTOMS,Long Willow Bottoms,Boulder Mountain,,Garfield,Cutthroats,CUTTHROAT,501,2.36,2006-10-03,2006,1,1,
LONG WILLOW BOTTOMS,Long Willow Bottoms,Boulder Mountain,,Garfield,Tigers,TIGER TROUT,200,3.84,2007-07-10,2007,1,1,
LONG WILLOW BOTTOMS,Long Willow Bottoms,Boulder Mountain,,Garfield,Cutthroats,CUTTHROAT,994,2.2,2007-09-18,2007,1,1,
LONG WILLOW BOTTOMS,Long Willow Bottoms,Boulder Mountain,,Garfield,Tigers,TIGER TROUT,203,2.86,2009-07-08,2009,1,1,
LONG WILLOW BOTTOMS,Long Willow Bottoms,Boulder Mountain,,Garfield,Cutthroats,CUTTHROAT,1001,1.52,2010-09-13,2010,1,1,
LONG WILLOW BOTTOMS,Long Willow Bottoms,Boulder Mountain,,Garfield,Tigers,TIGER TROUT,199,3.81,2011-08-08,2011,1,1,
LONG WILLOW BOTTOMS,Long Willow Bottoms,Boulder Mountain,,Garfield,Cutthroats,CUTTHROAT,509,1.99,2011-09-20,2011,1,1,
LONG WILLOW BOTTOMS,Long Willow Bottoms,Boulder Mountain,,Garfield,Cutthroats,CUTTHROAT,701,2.14,2012-09-19,2012,1,1,
LONG WILLOW BOTTOMS,Long Willow Bottoms,Boulder Mountain,,Garfield,Tigers,TIGER TROUT,203,3.04,2013-07-01,2013,1,1,
LONG WILLOW BOTTOMS,Long Willow Bottoms,Boulder Mountain,,Garfield,Cutthroats,CUTTHROAT,726,2.05,2013-09-16,2013,1,1,
LONG WILLOW BOTTOMS,Long Willow Bottoms,Boulder Mountain,,Garfield,Cutthroats,CUTTHROAT,997,1.85,2014-09-10,2014,1,1,
LONG WILLOW BOTTOMS,Long Willow Bottoms,Boulder Mountain,,Garfield,Tigers,TIGER TROUT,219,3.5,2015-06-30,2015,1,1,
LONG WILLOW BOTTOMS,Long Willow Bottoms,Boulder Mountain,,Garfield,Cutthroats,CUTTHROAT,1015,1.92,2015-09-18,2015,1,1,
LONG WILLOW BOTTOMS,Long Willow Bottoms,Boulder Mountain,,Garfield,Tigers,TIGER TROUT,203,3.55,2016-06-27,2016,1,1,
LONG WILLOW BOTTOMS,Long Willow Bottoms,Boulder Mountain,,Garfield,Cutthroats,CUTTHROAT,1045,1.82,2016-09-19,2016,1,1,
LONG WILLOW BOTTOMS,Long Willow Bottoms,Boulder Mountain,,Garfield,Tigers,TIGER TROUT,200,2.71,2017-06-26,2017,1,1,
LONG WILLOW BOTTOMS,Long Willow Bottoms,Boulder Mountain,,Garfield,Tigers,TIGER TROUT,101,2.71,2018-06-25,2018,1,1,
LONG WILLOW BOTTOMS,Long Willow Bottoms,Boulder Mountain,,Garfield,Cutthroats,CUTTHROAT,1000,2.43,2018-10-01,2018,1,1,
LONG WILLOW BOTTOMS,Long Willow Bottoms,Boulder Mountain,,Garfield,Tigers,TIGER TROUT,197,2.99,2019-07-10,2019,1,1,
LONG WILLOW BOTTOMS,Long Willow Bottoms,Boulder Mountain,,Garfield,Cutthroats,CUTTHROAT,986,1.73,2019-09-25,2019,1,1,
LONG WILLOW BOTTOMS,Long Willow Bottoms,Boulder Mountain,,Garfield,Cutthroats,CUTTHROAT,807,2.12,2020-09-23,2020,1,1,
LONG WILLOW BOTTOMS,Long Willow Bottoms,Boulder Mountain,,Garfield,Tigers,TIGER TROUT,241,3.09,2021-07-13,2021,1,1,
LONG WILLOW BOTTOMS,Long Willow Bottoms,Boulder Mountain,,Garfield,Cutthroats,CUTTHROAT,1000,2.32,2021-09-23,2021,1,1,
LONG WILLOW BOTTOMS,Long Willow Bottoms,Boulder Mountain,,Garfield,Cutthroats,CUTTHROAT,512,2.07,2022-09-26,2022,1,1,
LONG WILLOW BOTTOMS,Long Willow Bottoms,Boulder Mountain,,Garfield,Tigers,TIGER TROUT,255,2.87,2023-07-11,2023,1,1,
LONG WILLOW BOTTOMS,Long Willow Bottoms,Boulder Mountain,,Garfield,Cutthroats,CUTTHROAT,400,1.79,2023-09-18,2023,1,1,
LONG WILLOW BOTTOMS,Long Willow Bottoms,Boulder Mountain,,Garfield,Cutthroats,CUTTHROAT,500,1.69,2024-09-26,2024,1,1,
LONG WILLOW BOTTOMS,Long Willow Bottoms,Boulder Mountain,,Garfield,Tigers,TIGER TROUT,248,2.81,2025-06-23,2025,1,1,
LONG WILLOW BOTTOMS,Long Willow Bottoms,Boulder Mountain,,Garfield,Cutthroats,CUTTHROAT,489,2.27,2025-08-05,2025,1,1,
LONG WILLOW BOTTOMS,Long Willow Bottoms,Boulder Mountain,,Garfield,Tigers,TIGER TROUT,127,2.87,2026-07-13,2026,1,1,
LONG WILLOW BOTTOMS,Long Willow Bottoms,Boulder Mountain,,Garfield,Cutthroats,CUTTHROAT,500,2.05,2026-07-16,2026,1,1,
LOST L,Lost Lake,Aquarius Plateau,,Garfield,Tigers,TIGER TROUT,549,9.89,2026-06-03,2026,1,1,
LOST L(GOVERNMENT)NBS,Lost Lake (Government),Boulder Mountain,North Boulder Slope,Wayne,Brookies,BROOK TROUT,504,2.88,2002-07-08,2002,1,1,
LOST L(GOVERNMENT)NBS,Lost Lake (Government),Boulder Mountain,North Boulder Slope,Wayne,Brookies,BROOK TROUT,500,2.62,2003-07-06,2003,1,1,
LOST L(GOVERNMENT)NBS,Lost Lake (Government),Boulder Mountain,North Boulder Slope,Wayne,Brookies,BROOK TROUT,507,2.34,2004-07-12,2004,1,1,
LOST L(GOVERNMENT)NBS,Lost Lake (Government),Boulder Mountain,North Boulder Slope,Wayne,Brookies,BROOK TROUT,504,2.34,2005-07-10,2005,1,1,
LOST L(GOVERNMENT)NBS,Lost Lake (Government),Boulder Mountain,North Boulder Slope,Wayne,Brookies,BROOK TROUT,504,2.88,2006-07-10,2006,1,1,
LOST L(GOVERNMENT)NBS,Lost Lake (Government),Boulder Mountain,North Boulder Slope,Wayne,Brookies,BROOK TROUT,503,3.22,2007-07-12,2007,1,1,
LOST L(GOVERNMENT)NBS,Lost Lake (Government),Boulder Mountain,North Boulder Slope,Wayne,Brookies,BROOK TROUT,510,3.2,2008-07-07,2008,1,1,
LOST L(GOVERNMENT)NBS,Lost Lake (Government),Boulder Mountain,North Boulder Slope,Wayne,Brookies,BROOK TROUT,519,2.89,2009-07-15,2009,1,1,
LOST L(GOVERNMENT)NBS,Lost Lake (Government),Boulder Mountain,North Boulder Slope,Wayne,Brookies,BROOK TROUT,514,2.71,2010-07-07,2010,1,1,
LOST L(GOVERNMENT)NBS,Lost Lake (Government),Boulder Mountain,North Boulder Slope,Wayne,Brookies,BROOK TROUT,508,3.27,2011-07-26,2011,1,1,
LOST L(GOVERNMENT)NBS,Lost Lake (Government),Boulder Mountain,North Boulder Slope,Wayne,Brookies,BROOK TROUT,498,2.47,2012-07-06,2012,1,1,
LOST L(GOVERNMENT)NBS,Lost Lake (Government),Boulder Mountain,North Boulder Slope,Wayne,Brookies,BROOK TROUT,502,2.55,2013-07-01,2013,1,1,
LOST L(GOVERNMENT)NBS,Lost Lake (Government),Boulder Mountain,North Boulder Slope,Wayne,Brookies,BROOK TROUT,309,2.35,2014-06-11,2014,1,1,
LOST L(GOVERNMENT)NBS,Lost Lake (Government),Boulder Mountain,North Boulder Slope,Wayne,Brookies,BROOK TROUT,303,2.85,2015-06-29,2015,1,1,
LOST L(GOVERNMENT)NBS,Lost Lake (Government),Boulder Mountain,North Boulder Slope,Wayne,Brookies,BROOK TROUT,362,2.13,2016-06-27,2016,1,1,
LOST L(GOVERNMENT)NBS,Lost Lake (Government),Boulder Mountain,North Boulder Slope,Wayne,Brookies,BROOK TROUT,310,2.39,2017-06-26,2017,1,1,
LOST L(GOVERNMENT)NBS,Lost Lake (Government),Boulder Mountain,North Boulder Slope,Wayne,Brookies,BROOK TROUT,304,2.95,2018-06-25,2018,1,1,
LOST L(GOVERNMENT)NBS,Lost Lake (Government),Boulder Mountain,North Boulder Slope,Wayne,Brookies,BROOK TROUT,302,2.85,2019-07-03,2019,1,1,
LOST L(GOVERNMENT)NBS,Lost Lake (Government),Boulder Mountain,North Boulder Slope,Wayne,Brookies,BROOK TROUT,307,2.69,2020-07-01,2020,1,1,
LOST L(GOVERNMENT)NBS,Lost Lake (Government),Boulder Mountain,North Boulder Slope,Wayne,Brookies,BROOK TROUT,299,2.76,2021-07-06,2021,1,1,
LOST L(GOVERNMENT)NBS,Lost Lake (Government),Boulder Mountain,North Boulder Slope,Wayne,Brookies,BROOK TROUT,299,2.96,2022-07-07,2022,1,1,
LOST L(GOVERNMENT)NBS,Lost Lake (Government),Boulder Mountain,North Boulder Slope,Wayne,Brookies,BROOK TROUT,296,2.57,2023-07-10,2023,1,1,
LOST L(GOVERNMENT)NBS,Lost Lake (Government),Boulder Mountain,North Boulder Slope,Wayne,Brookies,BROOK TROUT,305,2.62,2024-06-24,2024,1,1,
LOST L(GOVERNMENT)NBS,Lost Lake (Government),Boulder Mountain,North Boulder Slope,Wayne,Brookies,BROOK TROUT,297,2.97,2025-06-23,2025,1,1,
LOST L(GOVERNMENT)NBS,Lost Lake (Government),Boulder Mountain,North Boulder Slope,Wayne,Brookies,BROOK TROUT,299,2.93,2026-07-13,2026,1,1,
"BARKER RES,LOWER NCL",Lower Barker Reservoir,Boulder Mountain,North Creek Lakes,Garfield,Rainbows,RAINBOW,501,9.94,2002-05-28,2002,1,1,
"BARKER RES,LOWER NCL",Lower Barker Reservoir,Boulder Mountain,North Creek Lakes,Garfield,Brookies,BROOK TROUT,252,2.88,2002-07-08,2002,1,1,
"BARKER RES,LOWER NCL",Lower Barker Reservoir,Boulder Mountain,North Creek Lakes,Garfield,Rainbows,RAINBOW,500,10.0,2003-06-05,2003,1,1,
"BARKER RES,LOWER NCL",Lower Barker Reservoir,Boulder Mountain,North Creek Lakes,Garfield,Brookies,BROOK TROUT,250,2.62,2003-07-06,2003,1,1,
"BARKER RES,LOWER NCL",Lower Barker Reservoir,Boulder Mountain,North Creek Lakes,Garfield,Rainbows,RAINBOW,324,9.75,2004-05-25,2004,1,1,
"BARKER RES,LOWER NCL",Lower Barker Reservoir,Boulder Mountain,North Creek Lakes,Garfield,Rainbows,RAINBOW,0,10.0,2004-07-15,2004,1,1,zero-quantity
"BARKER RES,LOWER NCL",Lower Barker Reservoir,Boulder Mountain,North Creek Lakes,Garfield,Rainbows,RAINBOW,391,10.04,2005-06-15,2005,1,1,
"BARKER RES,LOWER NCL",Lower Barker Reservoir,Boulder Mountain,North Creek Lakes,Garfield,Brookies,BROOK TROUT,1726,10.15,2005-06-20,2005,1,1,
"BARKER RES,LOWER NCL",Lower Barker Reservoir,Boulder Mountain,North Creek Lakes,Garfield,Brookies,BROOK TROUT,256,2.33,2005-07-10,2005,1,1,
"BARKER RES,LOWER NCL",Lower Barker Reservoir,Boulder Mountain,North Creek Lakes,Garfield,Rainbows,RAINBOW,389,10.27,2006-05-25,2006,1,1,
"BARKER RES,LOWER NCL",Lower Barker Reservoir,Boulder Mountain,North Creek Lakes,Garfield,Brookies,BROOK TROUT,252,2.88,2006-07-10,2006,1,1,
"BARKER RES,LOWER NCL",Lower Barker Reservoir,Boulder Mountain,North Creek Lakes,Garfield,Grayling,GRAYLING ARCTIC,502,1.66,2006-08-07,2006,1,1,
"BARKER RES,LOWER NCL",Lower Barker Reservoir,Boulder Mountain,North Creek Lakes,Garfield,Rainbows,RAINBOW,1001,9.75,2007-05-15,2007,1,1,
"BARKER RES,LOWER NCL",Lower Barker Reservoir,Boulder Mountain,North Creek Lakes,Garfield,Brookies,BROOK TROUT,248,3.22,2007-07-12,2007,1,1,
"BARKER RES,LOWER NCL",Lower Barker Reservoir,Boulder Mountain,North Creek Lakes,Garfield,Grayling,GRAYLING ARCTIC,499,1.5,2007-07-31,2007,1,1,
"BARKER RES,LOWER NCL",Lower Barker Reservoir,Boulder Mountain,North Creek Lakes,Garfield,Rainbows,RAINBOW,1000,9.76,2008-05-21,2008,1,1,
"BARKER RES,LOWER NCL",Lower Barker Reservoir,Boulder Mountain,North Creek Lakes,Garfield,Brookies,BROOK TROUT,255,3.2,2008-07-07,2008,1,1,
"BARKER RES,LOWER NCL",Lower Barker Reservoir,Boulder Mountain,North Creek Lakes,Garfield,Rainbows,RAINBOW,1001,9.89,2009-05-20,2009,1,1,
"BARKER RES,LOWER NCL",Lower Barker Reservoir,Boulder Mountain,North Creek Lakes,Garfield,Brookies,BROOK TROUT,252,3.33,2009-07-08,2009,1,1,
"BARKER RES,LOWER NCL",Lower Barker Reservoir,Boulder Mountain,North Creek Lakes,Garfield,Rainbows,RAINBOW,1002,10.07,2010-05-25,2010,1,1,
"BARKER RES,LOWER NCL",Lower Barker Reservoir,Boulder Mountain,North Creek Lakes,Garfield,Brookies,BROOK TROUT,263,2.62,2010-07-12,2010,1,1,
"BARKER RES,LOWER NCL",Lower Barker Reservoir,Boulder Mountain,North Creek Lakes,Garfield,Rainbows,RAINBOW,499,9.98,2011-06-03,2011,1,1,
"BARKER RES,LOWER NCL",Lower Barker Reservoir,Boulder Mountain,North Creek Lakes,Garfield,Brookies,BROOK TROUT,257,3.27,2011-07-28,2011,1,1,
"BARKER RES,LOWER NCL",Lower Barker Reservoir,Boulder Mountain,North Creek Lakes,Garfield,Rainbows,RAINBOW,246,10.34,2012-06-06,2012,1,1,
"BARKER RES,LOWER NCL",Lower Barker Reservoir,Boulder Mountain,North Creek Lakes,Garfield,Rainbows,RAINBOW,257,10.43,2012-06-20,2012,1,1,
"BARKER RES,LOWER NCL",Lower Barker Reservoir,Boulder Mountain,North Creek Lakes,Garfield,Brookies,BROOK TROUT,228,2.65,2012-07-13,2012,1,1,
"BARKER RES,LOWER NCL",Lower Barker Reservoir,Boulder Mountain,North Creek Lakes,Garfield,Rainbows,RAINBOW,515,7.92,2013-05-22,2013,1,1,
"BARKER RES,LOWER NCL",Lower Barker Reservoir,Boulder Mountain,North Creek Lakes,Garfield,Brookies,BROOK TROUT,252,2.57,2013-07-01,2013,1,1,
"BARKER RES,LOWER NCL",Lower Barker Reservoir,Boulder Mountain,North Creek Lakes,Garfield,Rainbows,RAINBOW,504,8.2,2014-05-15,2014,1,1,
"BARKER RES,LOWER NCL",Lower Barker Reservoir,Boulder Mountain,North Creek Lakes,Garfield,Tigers,TIGER TROUT,100,3.73,2014-06-11,2014,1,1,
"BARKER RES,LOWER NCL",Lower Barker Reservoir,Boulder Mountain,North Creek Lakes,Garfield,Rainbows,RAINBOW,520,8.74,2015-05-04,2015,1,1,
"BARKER RES,LOWER NCL",Lower Barker Reservoir,Boulder Mountain,North Creek Lakes,Garfield,Tigers,TIGER TROUT,219,3.5,2015-06-30,2015,1,1,
"BARKER RES,LOWER NCL",Lower Barker Reservoir,Boulder Mountain,North Creek Lakes,Garfield,Rainbows,RAINBOW,500,9.21,2016-05-17,2016,1,1,
"BARKER RES,LOWER NCL",Lower Barker Reservoir,Boulder Mountain,North Creek Lakes,Garfield,Splake,SPLAKE,196,3.13,2016-06-27,2016,1,1,
"BARKER RES,LOWER NCL",Lower Barker Reservoir,Boulder Mountain,North Creek Lakes,Garfield,Tigers,TIGER TROUT,203,3.55,2016-06-27,2016,1,1,
"BARKER RES,LOWER NCL",Lower Barker Reservoir,Boulder Mountain,North Creek Lakes,Garfield,Splake,SPLAKE,209,3.12,2017-06-26,2017,1,1,
"BARKER RES,LOWER NCL",Lower Barker Reservoir,Boulder Mountain,North Creek Lakes,Garfield,Tigers,TIGER TROUT,200,2.71,2017-06-26,2017,1,1,
"BARKER RES,LOWER NCL",Lower Barker Reservoir,Boulder Mountain,North Creek Lakes,Garfield,Splake,SPLAKE,200,2.79,2018-05-22,2018,1,1,
"BARKER RES,LOWER NCL",Lower Barker Reservoir,Boulder Mountain,North Creek Lakes,Garfield,Tigers,TIGER TROUT,201,2.71,2018-06-25,2018,1,1,
"BARKER RES,LOWER NCL",Lower Barker Reservoir,Boulder Mountain,North Creek Lakes,Garfield,Tigers,TIGER TROUT,197,2.99,2019-07-10,2019,1,1,
"BARKER RES,LOWER NCL",Lower Barker Reservoir,Boulder Mountain,North Creek Lakes,Garfield,Splake,SPLAKE,203,3.25,2020-07-01,2020,1,1,
"BARKER RES,LOWER NCL",Lower Barker Reservoir,Boulder Mountain,North Creek Lakes,Garfield,Tigers,TIGER TROUT,209,2.84,2020-07-01,2020,1,1,
"BARKER RES,LOWER NCL",Lower Barker Reservoir,Boulder Mountain,North Creek Lakes,Garfield,Splake,SPLAKE,166,3.33,2021-07-06,2021,1,1,
"BARKER RES,LOWER NCL",Lower Barker Reservoir,Boulder Mountain,North Creek Lakes,Garfield,Tigers,TIGER TROUT,241,3.09,2021-07-13,2021,1,1,
"BARKER RES,LOWER NCL",Lower Barker Reservoir,Boulder Mountain,North Creek Lakes,Garfield,Cutthroats,CUTTHROAT,198,14.92,2022-06-29,2022,1,1,
"BARKER RES,LOWER NCL",Lower Barker Reservoir,Boulder Mountain,North Creek Lakes,Garfield,Tigers,TIGER TROUT,101,2.82,2022-07-07,2022,1,1,
"BARKER RES,LOWER NCL",Lower Barker Reservoir,Boulder Mountain,North Creek Lakes,Garfield,Cutthroats,CUTTHROAT,807,3.36,2022-09-28,2022,1,1,
"BARKER RES,LOWER NCL",Lower Barker Reservoir,Boulder Mountain,North Creek Lakes,Garfield,Tigers,TIGER TROUT,96,2.87,2023-07-11,2023,1,1,
"BARKER RES,LOWER NCL",Lower Barker Reservoir,Boulder Mountain,North Creek Lakes,Garfield,Cutthroats,CUTTHROAT,200,1.79,2023-09-18,2023,1,1,
"BARKER RES,LOWER NCL",Lower Barker Reservoir,Boulder Mountain,North Creek Lakes,Garfield,Splake,SPLAKE,95,2.65,2024-06-25,2024,1,1,
"BARKER RES,LOWER NCL",Lower Barker Reservoir,Boulder Mountain,North Creek Lakes,Garfield,Tigers,TIGER TROUT,105,2.68,2024-06-25,2024,1,1,
"BARKER RES,LOWER NCL",Lower Barker Reservoir,Boulder Mountain,North Creek Lakes,Garfield,Cutthroats,CUTTHROAT,706,1.69,2024-09-26,2024,1,1,
"BARKER RES,LOWER NCL",Lower Barker Reservoir,Boulder Mountain,North Creek Lakes,Garfield,Splake,SPLAKE,95,2.65,2025-06-23,2025,1,1,
"BARKER RES,LOWER NCL",Lower Barker Reservoir,Boulder Mountain,North Creek Lakes,Garfield,Tigers,TIGER TROUT,100,2.81,2025-06-23,2025,1,1,
"BARKER RES,LOWER NCL",Lower Barker Reservoir,Boulder Mountain,North Creek Lakes,Garfield,Cutthroats,CUTTHROAT,1491,2.27,2025-08-05,2025,1,1,
"BARKER RES,LOWER NCL",Lower Barker Reservoir,Boulder Mountain,North Creek Lakes,Garfield,Splake,SPLAKE,104,2.82,2026-07-13,2026,1,1,
"BARKER RES,LOWER NCL",Lower Barker Reservoir,Boulder Mountain,North Creek Lakes,Garfield,Tigers,TIGER TROUT,95,2.87,2026-07-13,2026,1,1,
"BOWNS RES, LOWER",Lower Bowns Reservoir,Boulder Mountain,,Garfield,Rainbows,RAINBOW,5166,6.97,2002-04-25,2002,1,1,
"BOWNS RES, LOWER",Lower Bowns Reservoir,Boulder Mountain,,Garfield,Rainbows,RAINBOW,5950,6.65,2002-04-25,2002,1,1,
"BOWNS RES, LOWER",Lower Bowns Reservoir,Boulder Mountain,,Garfield,Rainbows,RAINBOW,2952,6.97,2002-04-26,2002,1,1,
"BOWNS RES, LOWER",Lower Bowns Reservoir,Boulder Mountain,,Garfield,Rainbows,RAINBOW,14021,3.65,2003-04-14,2003,1,1,
"BOWNS RES, LOWER",Lower Bowns Reservoir,Boulder Mountain,,Garfield,Rainbows,RAINBOW,13966,3.16,2004-05-19,2004,1,1,
"BOWNS RES, LOWER",Lower Bowns Reservoir,Boulder Mountain,,Garfield,Rainbows,RAINBOW,7016,3.8,2005-07-11,2005,1,1,
"BOWNS RES, LOWER",Lower Bowns Reservoir,Boulder Mountain,,Garfield,Rainbows,RAINBOW,7001,3.83,2005-07-11,2005,1,1,
"BOWNS RES, LOWER",Lower Bowns Reservoir,Boulder Mountain,,Garfield,Rainbows,RAINBOW,7012,3.74,2006-06-27,2006,1,1,
"BOWNS RES, LOWER",Lower Bowns Reservoir,Boulder Mountain,,Garfield,Rainbows,RAINBOW,7018,3.46,2006-06-27,2006,1,1,
"BOWNS RES, LOWER",Lower Bowns Reservoir,Boulder Mountain,,Garfield,Rainbows,RAINBOW,14019,3.33,2007-07-17,2007,1,1,
"BOWNS RES, LOWER",Lower Bowns Reservoir,Boulder Mountain,,Garfield,Rainbows,RAINBOW,7030,4.01,2008-06-04,2008,1,2,
"BOWNS RES, LOWER",Lower Bowns Reservoir,Boulder Mountain,,Garfield,Rainbows,RAINBOW,7030,4.01,2008-06-04,2008,2,2,
"BOWNS RES, LOWER",Lower Bowns Reservoir,Boulder Mountain,,Garfield,Rainbows,RAINBOW,7010,4.74,2009-06-03,2009,1,2,
"BOWNS RES, LOWER",Lower Bowns Reservoir,Boulder Mountain,,Garfield,Rainbows,RAINBOW,7010,4.74,2009-06-03,2009,2,2,
"BOWNS RES, LOWER",Lower Bowns Reservoir,Boulder Mountain,,Garfield,Rainbows,RAINBOW,14030,3.8,2010-05-10,2010,1,1,
"BOWNS RES, LOWER",Lower Bowns Reservoir,Boulder Mountain,,Garfield,Rainbows,RAINBOW,14001,3.64,2011-06-13,2011,1,1,
"BOWNS RES, LOWER",Lower Bowns Reservoir,Boulder Mountain,,Garfield,Tigers,TIGER TROUT,506,5.07,2011-08-16,2011,1,1,
"BOWNS RES, LOWER",Lower Bowns Reservoir,Boulder Mountain,,Garfield,Rainbows,RAINBOW,14294,3.19,2012-07-04,2012,1,1,
"BOWNS RES, LOWER",Lower Bowns Reservoir,Boulder Mountain,,Garfield,Rainbows,RAINBOW,14070,3.89,2013-05-20,2013,1,1,
"BOWNS RES, LOWER",Lower Bowns Reservoir,Boulder Mountain,,Garfield,Tigers,TIGER TROUT,503,3.21,2013-07-08,2013,1,1,
"BOWNS RES, LOWER",Lower Bowns Reservoir,Boulder Mountain,,Garfield,Rainbows,RAINBOW,14044,3.59,2014-05-27,2014,1,1,
"BOWNS RES, LOWER",Lower Bowns Reservoir,Boulder Mountain,,Garfield,Tigers,TIGER TROUT,525,5.58,2014-08-26,2014,1,1,
"BOWNS RES, LOWER",Lower Bowns Reservoir,Boulder Mountain,,Garfield,Rainbows,RAINBOW,14005,3.72,2015-06-03,2015,1,1,
"BOWNS RES, LOWER",Lower Bowns Reservoir,Boulder Mountain,,Garfield,Tigers,TIGER TROUT,540,5.29,2015-08-25,2015,1,1,
"BOWNS RES, LOWER",Lower Bowns Reservoir,Boulder Mountain,,Garfield,Tigers,TIGER TROUT,5544,3.24,2016-04-25,2016,1,1,
"BOWNS RES, LOWER",Lower Bowns Reservoir,Boulder Mountain,,Garfield,Rainbows,RAINBOW,14060,3.89,2016-05-10,2016,1,1,
"BOWNS RES, LOWER",Lower Bowns Reservoir,Boulder Mountain,,Garfield,Tigers,TIGER TROUT,2005,3.55,2017-04-25,2017,1,1,
"BOWNS RES, LOWER",Lower Bowns Reservoir,Boulder Mountain,,Garfield,Rainbows,RAINBOW,12029,3.32,2017-05-30,2017,1,1,
"BOWNS RES, LOWER",Lower Bowns Reservoir,Boulder Mountain,,Garfield,Rainbows,RAINBOW,13312,4.2,2018-04-23,2018,1,1,
"BOWNS RES, LOWER",Lower Bowns Reservoir,Boulder Mountain,,Garfield,Tigers,TIGER TROUT,1999,9.39,2018-04-23,2018,1,1,
"BOWNS RES, LOWER",Lower Bowns Reservoir,Boulder Mountain,,Garfield,Rainbows,RAINBOW,13412,3.33,2019-06-18,2019,1,1,
"BOWNS RES, LOWER",Lower Bowns Reservoir,Boulder Mountain,,Garfield,Tigers,TIGER TROUT,1710,11.46,2019-07-18,2019,1,1,
"BOWNS RES, LOWER",Lower Bowns Reservoir,Boulder Mountain,,Garfield,Tigers,TIGER TROUT,1001,10.56,2020-05-27,2020,1,2,
"BOWNS RES, LOWER",Lower Bowns Reservoir,Boulder Mountain,,Garfield,Tigers,TIGER TROUT,1001,10.56,2020-05-27,2020,2,2,
"BOWNS RES, LOWER",Lower Bowns Reservoir,Boulder Mountain,,Garfield,Rainbows,RAINBOW,16000,3.14,2020-06-09,2020,1,1,
"BOWNS RES, LOWER",Lower Bowns Reservoir,Boulder Mountain,,Garfield,Rainbows,RAINBOW,6216,4.81,2021-04-12,2021,1,1,
"BOWNS RES, LOWER",Lower Bowns Reservoir,Boulder Mountain,,Garfield,Rainbows,RAINBOW,9310,3.33,2022-05-24,2022,1,1,
"BOWNS RES, LOWER",Lower Bowns Reservoir,Boulder Mountain,,Garfield,Tigers,TIGER TROUT,2048,8.74,2022-06-16,2022,1,1,
"BOWNS RES, LOWER",Lower Bowns Reservoir,Boulder Mountain,,Garfield,Rainbows,RAINBOW,9066,4.5,2023-05-22,2023,1,1,
"BOWNS RES, LOWER",Lower Bowns Reservoir,Boulder Mountain,,Garfield,Tigers,TIGER TROUT,645,11.08,2023-07-07,2023,1,1,
"BOWNS RES, LOWER",Lower Bowns Reservoir,Boulder Mountain,,Garfield,Tigers,TIGER TROUT,1349,11.08,2023-07-07,2023,1,1,
"BOWNS RES, LOWER",Lower Bowns Reservoir,Boulder Mountain,,Garfield,Rainbows,RAINBOW,8015,3.91,2024-05-30,2024,1,1,
"BOWNS RES, LOWER",Lower Bowns Reservoir,Boulder Mountain,,Garfield,Tigers,TIGER TROUT,2056,8.36,2024-06-19,2024,1,1,
"BOWNS RES, LOWER",Lower Bowns Reservoir,Boulder Mountain,,Garfield,Rainbows,RAINBOW,8364,3.69,2025-06-02,2025,1,1,
"BOWNS RES, LOWER",Lower Bowns Reservoir,Boulder Mountain,,Garfield,Tigers,TIGER TROUT,1500,10.56,2025-06-26,2025,1,1,
"BOWNS RES, LOWER",Lower Bowns Reservoir,Boulder Mountain,,Garfield,Rainbows,RAINBOW,4535,4.07,2025-08-06,2025,1,1,
"BOWNS RES, LOWER",Lower Bowns Reservoir,Boulder Mountain,,Garfield,Rainbows,RAINBOW,4028,3.19,2026-05-05,2026,1,1,
"BOWNS RES, LOWER",Lower Bowns Reservoir,Boulder Mountain,,Garfield,Tigers,TIGER TROUT,938,9.96,2026-06-11,2026,1,1,
"BOWNS RES, LOWER",Lower Bowns Reservoir,Boulder Mountain,,Garfield,Tigers,TIGER TROUT,1070,10.73,2026-06-11,2026,1,1,
"PINE CR POND,LWR BTN",Lower Pine Creek Pond,Boulder Mountain,Boulder Top (north),Wayne,Cutthroats,CUTTHROAT,91,1.85,2014-09-10,2014,1,1,
"TWIN L, LOWER",Lower Twin Lake,Boulder Mountain,,Garfield,Cutthroats,CUTTHROAT,1032,1.96,2002-10-11,2002,1,1,
"TWIN L, LOWER",Lower Twin Lake,Boulder Mountain,,Garfield,Cutthroats,CUTTHROAT,1020,1.72,2003-10-07,2003,1,1,
"TWIN L, LOWER",Lower Twin Lake,Boulder Mountain,,Garfield,Cutthroats,CUTTHROAT,998,1.79,2005-10-05,2005,1,1,
MAMMOTH CR,Mammoth Creek,Southwest Garfield,,Garfield,Browns,BROWN TROUT,3000,3.3,2002-05-14,2002,1,1,
MAMMOTH CR,Mammoth Creek,Southwest Garfield,,Garfield,Rainbows,RAINBOW,510,8.99,2002-05-22,2002,1,1,
MAMMOTH CR,Mammoth Creek,Southwest Garfield,,Garfield,Brookies,BROOK TROUT,1000,2.94,2002-07-29,2002,1,1,
MAMMOTH CR,Mammoth Creek,Southwest Garfield,,Garfield,Rainbows,RAINBOW,508,9.11,2003-06-12,2003,1,1,
MAMMOTH CR,Mammoth Creek,Southwest Garfield,,Garfield,Browns,BROWN TROUT,3004,3.14,2003-06-20,2003,1,1,
MAMMOTH CR,Mammoth Creek,Southwest Garfield,,Garfield,Rainbows,RAINBOW,490,10.71,2003-07-22,2003,1,1,
MAMMOTH CR,Mammoth Creek,Southwest Garfield,,Garfield,Brookies,BROOK TROUT,1000,2.92,2003-07-30,2003,1,1,
MAMMOTH CR,Mammoth Creek,Southwest Garfield,,Garfield,Browns,BROWN TROUT,2994,3.56,2004-04-28,2004,1,1,
MAMMOTH CR,Mammoth Creek,Southwest Garfield,,Garfield,Rainbows,RAINBOW,558,9.47,2004-06-30,2004,1,1,
MAMMOTH CR,Mammoth Creek,Southwest Garfield,,Garfield,Brookies,BROOK TROUT,245,2.45,2004-07-22,2004,1,1,
MAMMOTH CR,Mammoth Creek,Southwest Garfield,,Garfield,Rainbows,RAINBOW,868,10.9,2004-08-04,2004,1,1,
MAMMOTH CR,Mammoth Creek,Southwest Garfield,,Garfield,Browns,BROWN TROUT,3004,5.39,2005-07-21,2005,1,1,
MAMMOTH CR,Mammoth Creek,Southwest Garfield,,Garfield,Rainbows,RAINBOW,398,9.96,2005-07-21,2005,1,1,
MAMMOTH CR,Mammoth Creek,Southwest Garfield,,Garfield,Brookies,BROOK TROUT,1003,3.09,2005-08-10,2005,1,1,
MAMMOTH CR,Mammoth Creek,Southwest Garfield,,Garfield,Rainbows,RAINBOW,383,10.91,2005-08-24,2005,1,1,
MAMMOTH CR,Mammoth Creek,Southwest Garfield,,Garfield,Rainbows,RAINBOW,795,9.81,2006-06-19,2006,1,1,
MAMMOTH CR,Mammoth Creek,Southwest Garfield,,Garfield,Browns,BROWN TROUT,3002,5.03,2006-06-22,2006,1,1,
MAMMOTH CR,Mammoth Creek,Southwest Garfield,,Garfield,Brookies,BROOK TROUT,998,3.22,2006-08-10,2006,1,1,
MAMMOTH CR,Mammoth Creek,Southwest Garfield,,Garfield,Rainbows,RAINBOW,416,9.29,2007-06-05,2007,1,1,
MAMMOTH CR,Mammoth Creek,Southwest Garfield,,Garfield,Browns,BROWN TROUT,2997,4.73,2007-06-12,2007,1,1,
MAMMOTH CR,Mammoth Creek,Southwest Garfield,,Garfield,Rainbows,RAINBOW,302,9.29,2007-06-22,2007,1,1,
MAMMOTH CR,Mammoth Creek,Southwest Garfield,,Garfield,Rainbows,RAINBOW,428,9.47,2007-06-26,2007,1,1,
MAMMOTH CR,Mammoth Creek,Southwest Garfield,,Garfield,Brookies,BROOK TROUT,1017,4.45,2007-06-29,2007,1,1,
MAMMOTH CR,Mammoth Creek,Southwest Garfield,,Garfield,Rainbows,RAINBOW,336,9.65,2007-07-03,2007,1,1,
MAMMOTH CR,Mammoth Creek,Southwest Garfield,,Garfield,Rainbows,RAINBOW,467,9.68,2007-07-17,2007,1,1,
MAMMOTH CR,Mammoth Creek,Southwest Garfield,,Garfield,Rainbows,RAINBOW,340,9.35,2007-07-20,2007,1,1,
MAMMOTH CR,Mammoth Creek,Southwest Garfield,,Garfield,Rainbows,RAINBOW,546,9.19,2007-09-07,2007,1,1,
MAMMOTH CR,Mammoth Creek,Southwest Garfield,,Garfield,Rainbows,RAINBOW,494,9.89,2008-06-03,2008,1,1,
MAMMOTH CR,Mammoth Creek,Southwest Garfield,,Garfield,Rainbows,RAINBOW,434,9.58,2008-06-11,2008,1,1,
MAMMOTH CR,Mammoth Creek,Southwest Garfield,,Garfield,Brookies,BROOK TROUT,1062,3.33,2008-06-23,2008,1,1,
MAMMOTH CR,Mammoth Creek,Southwest Garfield,,Garfield,Browns,BROWN TROUT,2720,5.03,2008-06-23,2008,1,1,
MAMMOTH CR,Mammoth Creek,Southwest Garfield,,Garfield,Rainbows,RAINBOW,482,10.05,2008-07-01,2008,1,1,
MAMMOTH CR,Mammoth Creek,Southwest Garfield,,Garfield,Rainbows,RAINBOW,502,9.91,2008-07-03,2008,1,1,
MAMMOTH CR,Mammoth Creek,Southwest Garfield,,Garfield,Rainbows,RAINBOW,464,9.74,2008-07-23,2008,1,1,
MAMMOTH CR,Mammoth Creek,Southwest Garfield,,Garfield,Rainbows,RAINBOW,424,9.74,2008-07-23,2008,1,1,
MAMMOTH CR,Mammoth Creek,Southwest Garfield,,Garfield,Cutthroats,CUTTHROAT,2091,2.85,2008-10-21,2008,1,1,
MAMMOTH CR,Mammoth Creek,Southwest Garfield,,Garfield,Brookies,BROOK TROUT,1082,3.03,2009-06-09,2009,1,1,
MAMMOTH CR,Mammoth Creek,Southwest Garfield,,Garfield,Rainbows,RAINBOW,1238,10.63,2009-06-09,2009,1,1,
MAMMOTH CR,Mammoth Creek,Southwest Garfield,,Garfield,Rainbows,RAINBOW,506,10.63,2009-06-09,2009,1,1,
MAMMOTH CR,Mammoth Creek,Southwest Garfield,,Garfield,Browns,BROWN TROUT,3017,4.21,2009-06-15,2009,1,1,
MAMMOTH CR,Mammoth Creek,Southwest Garfield,,Garfield,Rainbows,RAINBOW,486,10.37,2009-06-22,2009,1,1,
MAMMOTH CR,Mammoth Creek,Southwest Garfield,,Garfield,Rainbows,RAINBOW,470,10.48,2009-07-02,2009,1,1,
MAMMOTH CR,Mammoth Creek,Southwest Garfield,,Garfield,Rainbows,RAINBOW,482,10.39,2009-07-07,2009,1,1,
MAMMOTH CR,Mammoth Creek,Southwest Garfield,,Garfield,Rainbows,RAINBOW,468,10.92,2009-07-23,2009,1,1,
MAMMOTH CR,Mammoth Creek,Southwest Garfield,,Garfield,Brookies,BROOK TROUT,1049,2.78,2010-06-08,2010,1,1,
MAMMOTH CR,Mammoth Creek,Southwest Garfield,,Garfield,Rainbows,RAINBOW,473,9.53,2010-06-08,2010,1,1,
MAMMOTH CR,Mammoth Creek,Southwest Garfield,,Garfield,Rainbows,RAINBOW,224,9.0,2010-06-28,2010,1,1,
MAMMOTH CR,Mammoth Creek,Southwest Garfield,,Garfield,Rainbows,RAINBOW,410,10.08,2010-06-28,2010,1,1,
MAMMOTH CR,Mammoth Creek,Southwest Garfield,,Garfield,Rainbows,RAINBOW,554,9.45,2010-06-30,2010,1,1,
MAMMOTH CR,Mammoth Creek,Southwest Garfield,,Garfield,Browns,BROWN TROUT,3104,4.4,2010-07-06,2010,1,1,
MAMMOTH CR,Mammoth Creek,Southwest Garfield,,Garfield,Rainbows,RAINBOW,491,9.67,2010-07-08,2010,1,1,
MAMMOTH CR,Mammoth Creek,Southwest Garfield,,Garfield,Rainbows,RAINBOW,526,9.61,2010-07-14,2010,1,1,
MAMMOTH CR,Mammoth Creek,Southwest Garfield,,Garfield,Rainbows,RAINBOW,366,9.27,2010-07-20,2010,1,1,
MAMMOTH CR,Mammoth Creek,Southwest Garfield,,Garfield,Cutthroats,CUTTHROAT,2076,2.02,2010-09-21,2010,1,1,
MAMMOTH CR,Mammoth Creek,Southwest Garfield,,Garfield,Brookies,BROOK TROUT,1001,2.71,2011-06-28,2011,1,1,
MAMMOTH CR,Mammoth Creek,Southwest Garfield,,Garfield,Rainbows,RAINBOW,595,10.96,2011-06-28,2011,1,1,
MAMMOTH CR,Mammoth Creek,Southwest Garfield,,Garfield,Rainbows,RAINBOW,503,10.96,2011-06-28,2011,1,1,
MAMMOTH CR,Mammoth Creek,Southwest Garfield,,Garfield,Browns,BROWN TROUT,3185,4.67,2011-07-19,2011,1,1,
MAMMOTH CR,Mammoth Creek,Southwest Garfield,,Garfield,Rainbows,RAINBOW,499,10.79,2011-07-19,2011,1,1,
MAMMOTH CR,Mammoth Creek,Southwest Garfield,,Garfield,Rainbows,RAINBOW,576,10.79,2011-07-19,2011,1,1,
MAMMOTH CR,Mammoth Creek,Southwest Garfield,,Garfield,Rainbows,RAINBOW,182,10.98,2011-08-09,2011,1,1,
MAMMOTH CR,Mammoth Creek,Southwest Garfield,,Garfield,Cutthroats,CUTTHROAT,1965,1.63,2011-09-14,2011,1,1,
MAMMOTH CR,Mammoth Creek,Southwest Garfield,,Garfield,Rainbows,RAINBOW,484,9.81,2012-06-11,2012,1,1,
MAMMOTH CR,Mammoth Creek,Southwest Garfield,,Garfield,Browns,BROWN TROUT,3395,3.72,2012-06-12,2012,1,1,
MAMMOTH CR,Mammoth Creek,Southwest Garfield,,Garfield,Rainbows,RAINBOW,499,10.99,2012-06-26,2012,1,1,
MAMMOTH CR,Mammoth Creek,Southwest Garfield,,Garfield,Rainbows,RAINBOW,501,10.56,2012-07-16,2012,1,1,
MAMMOTH CR,Mammoth Creek,Southwest Garfield,,Garfield,Rainbows,RAINBOW,560,10.46,2012-07-17,2012,1,1,
MAMMOTH CR,Mammoth Creek,Southwest Garfield,,Garfield,Brookies,BROOK TROUT,1022,2.8,2012-07-19,2012,1,1,
MAMMOTH CR,Mammoth Creek,Southwest Garfield,,Garfield,Rainbows,RAINBOW,627,10.3,2012-07-19,2012,1,1,
MAMMOTH CR,Mammoth Creek,Southwest Garfield,,Garfield,Rainbows,RAINBOW,300,11.13,2012-08-08,2012,1,1,
MAMMOTH CR,Mammoth Creek,Southwest Garfield,,Garfield,Cutthroats,CUTTHROAT,2170,2.36,2012-09-13,2012,1,1,
MAMMOTH CR,Mammoth Creek,Southwest Garfield,,Garfield,Rainbows,RAINBOW,585,10.23,2013-04-30,2013,1,1,
MAMMOTH CR,Mammoth Creek,Southwest Garfield,,Garfield,Rainbows,RAINBOW,374,8.09,2013-05-14,2013,1,1,
MAMMOTH CR,Mammoth Creek,Southwest Garfield,,Garfield,Rainbows,RAINBOW,299,8.09,2013-05-14,2013,1,1,
MAMMOTH CR,Mammoth Creek,Southwest Garfield,,Garfield,Browns,BROWN TROUT,3073,3.22,2013-05-20,2013,1,1,
MAMMOTH CR,Mammoth Creek,Southwest Garfield,,Garfield,Rainbows,RAINBOW,375,8.26,2013-06-04,2013,1,1,
MAMMOTH CR,Mammoth Creek,Southwest Garfield,,Garfield,Rainbows,RAINBOW,301,8.26,2013-06-04,2013,1,1,
MAMMOTH CR,Mammoth Creek,Southwest Garfield,,Garfield,Rainbows,RAINBOW,285,9.31,2013-07-08,2013,1,1,
MAMMOTH CR,Mammoth Creek,Southwest Garfield,,Garfield,Rainbows,RAINBOW,354,9.31,2013-07-08,2013,1,1,
MAMMOTH CR,Mammoth Creek,Southwest Garfield,,Garfield,Brookies,BROOK TROUT,1386,2.74,2013-07-29,2013,1,1,
MAMMOTH CR,Mammoth Creek,Southwest Garfield,,Garfield,Rainbows,RAINBOW,271,9.77,2013-08-06,2013,1,1,
MAMMOTH CR,Mammoth Creek,Southwest Garfield,,Garfield,Rainbows,RAINBOW,342,9.77,2013-08-06,2013,1,1,
MAMMOTH CR,Mammoth Creek,Southwest Garfield,,Garfield,Cutthroats,CUTTHROAT,2094,2.31,2013-09-18,2013,1,1,
MAMMOTH CR,Mammoth Creek,Southwest Garfield,,Garfield,Browns,BROWN TROUT,3045,3.93,2014-04-24,2014,1,1,
MAMMOTH CR,Mammoth Creek,Southwest Garfield,,Garfield,Rainbows,RAINBOW,375,8.34,2014-05-13,2014,1,1,
MAMMOTH CR,Mammoth Creek,Southwest Garfield,,Garfield,Rainbows,RAINBOW,300,8.34,2014-05-13,2014,1,1,
MAMMOTH CR,Mammoth Creek,Southwest Garfield,,Garfield,Rainbows,RAINBOW,373,8.21,2014-06-11,2014,1,1,
MAMMOTH CR,Mammoth Creek,Southwest Garfield,,Garfield,Rainbows,RAINBOW,299,8.21,2014-06-11,2014,1,1,
MAMMOTH CR,Mammoth Creek,Southwest Garfield,,Garfield,Rainbows,RAINBOW,311,8.73,2014-07-07,2014,1,1,
MAMMOTH CR,Mammoth Creek,Southwest Garfield,,Garfield,Rainbows,RAINBOW,376,8.73,2014-07-07,2014,1,1,
MAMMOTH CR,Mammoth Creek,Southwest Garfield,,Garfield,Rainbows,RAINBOW,316,9.38,2014-08-11,2014,1,1,
MAMMOTH CR,Mammoth Creek,Southwest Garfield,,Garfield,Rainbows,RAINBOW,395,9.38,2014-08-11,2014,1,1,
MAMMOTH CR,Mammoth Creek,Southwest Garfield,,Garfield,Browns,BROWN TROUT,3084,4.17,2015-04-29,2015,1,1,
MAMMOTH CR,Mammoth Creek,Southwest Garfield,,Garfield,Rainbows,RAINBOW,407,8.12,2015-05-11,2015,1,1,
MAMMOTH CR,Mammoth Creek,Southwest Garfield,,Garfield,Rainbows,RAINBOW,335,8.12,2015-05-11,2015,1,1,
MAMMOTH CR,Mammoth Creek,Southwest Garfield,,Garfield,Rainbows,RAINBOW,377,9.64,2015-06-23,2015,1,1,
MAMMOTH CR,Mammoth Creek,Southwest Garfield,,Garfield,Rainbows,RAINBOW,305,9.64,2015-06-23,2015,1,1,
MAMMOTH CR,Mammoth Creek,Southwest Garfield,,Garfield,Rainbows,RAINBOW,375,9.25,2015-07-07,2015,1,1,
MAMMOTH CR,Mammoth Creek,Southwest Garfield,,Garfield,Rainbows,RAINBOW,299,9.25,2015-07-07,2015,1,1,
MAMMOTH CR,Mammoth Creek,Southwest Garfield,,Garfield,Rainbows,RAINBOW,300,9.54,2015-08-10,2015,1,1,
MAMMOTH CR,Mammoth Creek,Southwest Garfield,,Garfield,Rainbows,RAINBOW,360,9.54,2015-08-10,2015,1,1,
MAMMOTH CR,Mammoth Creek,Southwest Garfield,,Garfield,Browns,BROWN TROUT,2992,4.83,2016-06-09,2016,1,1,
MAMMOTH CR,Mammoth Creek,Southwest Garfield,,Garfield,Rainbows,RAINBOW,833,9.88,2016-06-27,2016,1,2,
MAMMOTH CR,Mammoth Creek,Southwest Garfield,,Garfield,Rainbows,RAINBOW,833,9.88,2016-06-27,2016,2,2,
MAMMOTH CR,Mammoth Creek,Southwest Garfield,,Garfield,Rainbows,RAINBOW,667,10.44,2016-07-20,2016,1,1,
MAMMOTH CR,Mammoth Creek,Southwest Garfield,,Garfield,Rainbows,RAINBOW,364,10.44,2016-07-20,2016,1,1,
MAMMOTH CR,Mammoth Creek,Southwest Garfield,,Garfield,Browns,BROWN TROUT,3064,3.62,2017-06-07,2017,1,1,
MAMMOTH CR,Mammoth Creek,Southwest Garfield,,Garfield,Rainbows,RAINBOW,597,10.02,2018-05-31,2018,1,1,
MAMMOTH CR,Mammoth Creek,Southwest Garfield,,Garfield,Rainbows,RAINBOW,749,10.02,2018-05-31,2018,1,1,
MAMMOTH CR,Mammoth Creek,Southwest Garfield,,Garfield,Browns,BROWN TROUT,3984,4.3,2018-06-19,2018,1,1,
MAMMOTH CR,Mammoth Creek,Southwest Garfield,,Garfield,Rainbows,RAINBOW,750,8.68,2018-07-10,2018,1,1,
MAMMOTH CR,Mammoth Creek,Southwest Garfield,,Garfield,Rainbows,RAINBOW,607,8.68,2018-07-10,2018,1,1,
MAMMOTH CR,Mammoth Creek,Southwest Garfield,,Garfield,Browns,BROWN TROUT,3951,3.91,2019-06-03,2019,1,1,
MAMMOTH CR,Mammoth Creek,Southwest Garfield,,Garfield,Rainbows,RAINBOW,750,9.99,2019-06-13,2019,1,1,
MAMMOTH CR,Mammoth Creek,Southwest Garfield,,Garfield,Rainbows,RAINBOW,600,9.99,2019-06-13,2019,1,1,
MAMMOTH CR,Mammoth Creek,Southwest Garfield,,Garfield,Rainbows,RAINBOW,600,10.13,2019-07-17,2019,1,1,
MAMMOTH CR,Mammoth Creek,Southwest Garfield,,Garfield,Rainbows,RAINBOW,744,10.13,2019-07-17,2019,1,1,
MAMMOTH CR,Mammoth Creek,Southwest Garfield,,Garfield,Browns,BROWN TROUT,3074,3.25,2020-04-20,2020,1,1,
MAMMOTH CR,Mammoth Creek,Southwest Garfield,,Garfield,Rainbows,RAINBOW,671,10.54,2020-05-26,2020,1,1,
MAMMOTH CR,Mammoth Creek,Southwest Garfield,,Garfield,Rainbows,RAINBOW,724,10.54,2020-05-26,2020,1,1,
MAMMOTH CR,Mammoth Creek,Southwest Garfield,,Garfield,Rainbows,RAINBOW,783,10.06,2020-07-07,2020,1,1,
MAMMOTH CR,Mammoth Creek,Southwest Garfield,,Garfield,Rainbows,RAINBOW,542,10.06,2020-07-07,2020,1,1,
MAMMOTH CR,Mammoth Creek,Southwest Garfield,,Garfield,Browns,BROWN TROUT,3620,4.17,2021-05-11,2021,1,1,
MAMMOTH CR,Mammoth Creek,Southwest Garfield,,Garfield,Rainbows,RAINBOW,252,10.5,2021-05-11,2021,1,1,
MAMMOTH CR,Mammoth Creek,Southwest Garfield,,Garfield,Rainbows,RAINBOW,1650,10.24,2021-07-19,2021,1,1,
MAMMOTH CR,Mammoth Creek,Southwest Garfield,,Garfield,Browns,BROWN TROUT,3090,2.95,2022-04-19,2022,1,1,
MAMMOTH CR,Mammoth Creek,Southwest Garfield,,Garfield,Rainbows,RAINBOW,252,10.97,2022-06-08,2022,1,1,
MAMMOTH CR,Mammoth Creek,Southwest Garfield,,Garfield,Tigers,TIGER TROUT,512,8.74,2022-06-15,2022,1,1,
MAMMOTH CR,Mammoth Creek,Southwest Garfield,,Garfield,Rainbows,RAINBOW,306,10.29,2022-07-12,2022,1,1,
MAMMOTH CR,Mammoth Creek,Southwest Garfield,,Garfield,Browns,BROWN TROUT,3212,2.62,2023-04-19,2023,1,1,
MAMMOTH CR,Mammoth Creek,Southwest Garfield,,Garfield,Rainbows,RAINBOW,264,9.9,2023-04-19,2023,1,1,
MAMMOTH CR,Mammoth Creek,Southwest Garfield,,Garfield,Tigers,TIGER TROUT,605,10.75,2023-06-27,2023,1,1,
MAMMOTH CR,Mammoth Creek,Southwest Garfield,,Garfield,Rainbows,RAINBOW,240,9.9,2023-07-20,2023,1,1,
MAMMOTH CR,Mammoth Creek,Southwest Garfield,,Garfield,Browns,BROWN TROUT,3185,3.46,2024-05-14,2024,1,1,
MAMMOTH CR,Mammoth Creek,Southwest Garfield,,Garfield,Rainbows,RAINBOW,258,10.47,2024-05-14,2024,1,1,
MAMMOTH CR,Mammoth Creek,Southwest Garfield,,Garfield,Tigers,TIGER TROUT,501,8.99,2024-06-12,2024,1,1,
MAMMOTH CR,Mammoth Creek,Southwest Garfield,,Garfield,Rainbows,RAINBOW,260,9.83,2024-07-18,2024,1,1,
MAMMOTH CR,Mammoth Creek,Southwest Garfield,,Garfield,Browns,BROWN TROUT,3780,4.11,2025-05-28,2025,1,1,
MAMMOTH CR,Mammoth Creek,Southwest Garfield,,Garfield,Rainbows,RAINBOW,252,10.21,2025-05-28,2025,1,1,
MAMMOTH CR,Mammoth Creek,Southwest Garfield,,Garfield,Tigers,TIGER TROUT,511,9.21,2025-06-04,2025,1,1,
MAMMOTH CR,Mammoth Creek,Southwest Garfield,,Garfield,Rainbows,RAINBOW,251,10.51,2025-07-08,2025,1,1,
MAMMOTH CR,Mammoth Creek,Southwest Garfield,,Garfield,Browns,BROWN TROUT,3046,3.28,2026-05-06,2026,1,1,
MAMMOTH CR,Mammoth Creek,Southwest Garfield,,Garfield,Rainbows,RAINBOW,260,10.12,2026-05-18,2026,1,1,
MAMMOTH CR,Mammoth Creek,Southwest Garfield,,Garfield,Tigers,TIGER TROUT,500,10.19,2026-05-20,2026,1,1,
MAMMOTH CR,Mammoth Creek,Southwest Garfield,,Garfield,Rainbows,RAINBOW,242,10.54,2026-06-23,2026,1,1,
MAY DAY POND,May Day Pond,Unclassified,,Garfield,Rainbows,RAINBOW,1776,8.16,2015-04-02,2015,1,1,
MAY DAY POND,May Day Pond,Unclassified,,Garfield,Tigers,TIGER TROUT,1530,5.29,2015-09-03,2015,1,1,
MAY DAY POND,May Day Pond,Unclassified,,Garfield,Tigers,TIGER TROUT,1500,4.06,2016-06-22,2016,1,1,
MAY DAY POND,May Day Pond,Unclassified,,Garfield,Tigers,TIGER TROUT,1485,4.42,2017-07-19,2017,1,1,
MAY DAY POND,May Day Pond,Unclassified,,Garfield,Tigers,TIGER TROUT,1503,3.75,2018-06-05,2018,1,1,
MAY DAY POND,May Day Pond,Unclassified,,Garfield,Tigers,TIGER TROUT,1499,2.99,2019-07-10,2019,1,1,
MAY DAY POND,May Day Pond,Unclassified,,Garfield,Tigers,TIGER TROUT,1600,2.81,2020-06-24,2020,1,1,
MAY DAY POND,May Day Pond,Unclassified,,Garfield,Tigers,TIGER TROUT,1503,2.95,2021-07-06,2021,1,1,
MAY DAY POND,May Day Pond,Unclassified,,Garfield,Tigers,TIGER TROUT,1494,2.82,2022-07-07,2022,1,1,
MAY DAY POND,May Day Pond,Unclassified,,Garfield,Tigers,TIGER TROUT,1509,2.87,2023-07-11,2023,1,1,
MAY DAY POND,May Day Pond,Unclassified,,Garfield,Tigers,TIGER TROUT,1509,2.68,2024-06-25,2024,1,1,
MAY DAY POND,May Day Pond,Unclassified,,Garfield,Tigers,TIGER TROUT,1510,2.81,2025-06-24,2025,1,1,
MAY DAY POND,May Day Pond,Unclassified,,Garfield,Tigers,TIGER TROUT,1502,2.87,2026-07-14,2026,1,1,
MCGATH LAKE GT,Mcgath Lake,Griffin Top,Griffin Top,Garfield,Brookies,BROOK TROUT,5996,2.88,2002-07-08,2002,1,1,
MCGATH LAKE GT,Mcgath Lake,Griffin Top,Griffin Top,Garfield,Brookies,BROOK TROUT,6005,2.62,2003-07-06,2003,1,1,
MCGATH LAKE GT,Mcgath Lake,Griffin Top,Griffin Top,Garfield,Brookies,BROOK TROUT,2009,2.32,2004-07-15,2004,1,1,
MCGATH LAKE GT,Mcgath Lake,Griffin Top,Griffin Top,Garfield,Brookies,BROOK TROUT,6014,2.34,2005-07-10,2005,1,1,
MCGATH LAKE GT,Mcgath Lake,Griffin Top,Griffin Top,Garfield,Brookies,BROOK TROUT,5996,2.88,2006-07-10,2006,1,1,
MCGATH LAKE GT,Mcgath Lake,Griffin Top,Griffin Top,Garfield,Brookies,BROOK TROUT,1575,3.22,2007-07-12,2007,1,1,
MCGATH LAKE GT,Mcgath Lake,Griffin Top,Griffin Top,Garfield,Brookies,BROOK TROUT,4500,3.22,2007-07-13,2007,1,1,
MCGATH LAKE GT,Mcgath Lake,Griffin Top,Griffin Top,Garfield,Brookies,BROOK TROUT,6018,3.2,2008-07-07,2008,1,1,
MCGATH LAKE GT,Mcgath Lake,Griffin Top,Griffin Top,Garfield,Brookies,BROOK TROUT,6026,2.89,2009-07-15,2009,1,1,
MCGATH LAKE GT,Mcgath Lake,Griffin Top,Griffin Top,Garfield,Brookies,BROOK TROUT,6010,2.62,2010-07-12,2010,1,1,
MCGATH LAKE GT,Mcgath Lake,Griffin Top,Griffin Top,Garfield,Brookies,BROOK TROUT,6006,3.27,2011-07-28,2011,1,1,
MCGATH LAKE GT,Mcgath Lake,Griffin Top,Griffin Top,Garfield,Brookies,BROOK TROUT,6001,2.63,2012-07-13,2012,1,1,
MCGATH LAKE GT,Mcgath Lake,Griffin Top,Griffin Top,Garfield,Brookies,BROOK TROUT,4182,2.55,2013-07-01,2013,1,1,
MCGATH LAKE GT,Mcgath Lake,Griffin Top,Griffin Top,Garfield,Brookies,BROOK TROUT,3000,2.85,2015-06-29,2015,1,1,
MCGATH LAKE GT,Mcgath Lake,Griffin Top,Griffin Top,Garfield,Brookies,BROOK TROUT,3050,2.13,2016-06-27,2016,1,1,
MCGATH LAKE GT,Mcgath Lake,Griffin Top,Griffin Top,Garfield,Brookies,BROOK TROUT,3009,2.39,2017-06-26,2017,1,1,
MCGATH LAKE GT,Mcgath Lake,Griffin Top,Griffin Top,Garfield,Brookies,BROOK TROUT,2995,2.95,2018-06-25,2018,1,1,
MCGATH LAKE GT,Mcgath Lake,Griffin Top,Griffin Top,Garfield,Brookies,BROOK TROUT,3007,2.85,2019-07-03,2019,1,1,
MCGATH LAKE GT,Mcgath Lake,Griffin Top,Griffin Top,Garfield,Brookies,BROOK TROUT,3015,2.69,2020-07-01,2020,1,1,
MCGATH LAKE GT,Mcgath Lake,Griffin Top,Griffin Top,Garfield,Brookies,BROOK TROUT,3005,2.76,2021-07-06,2021,1,1,
MCGATH LAKE GT,Mcgath Lake,Griffin Top,Griffin Top,Garfield,Brookies,BROOK TROUT,2003,2.96,2022-07-07,2022,1,1,
MCGATH LAKE GT,Mcgath Lake,Griffin Top,Griffin Top,Garfield,Brookies,BROOK TROUT,2011,2.57,2023-07-10,2023,1,1,
MCGATH LAKE GT,Mcgath Lake,Griffin Top,Griffin Top,Garfield,Brookies,BROOK TROUT,1996,2.62,2024-06-25,2024,1,1,
MCGATH LAKE GT,Mcgath Lake,Griffin Top,Griffin Top,Garfield,Tiger muskie,MUSKIE TIGER,101,6.48,2025-07-02,2025,1,1,
MEEKS L BTS,Meeks Lake,Boulder Mountain,Boulder Top (south),Garfield,Rainbows,RAINBOW,1522,2.97,2008-07-07,2008,1,1,
MILLER L BTN,Miller Lake,Boulder Mountain,Boulder Top (north),Wayne,Rainbows,RAINBOW,751,9.94,2002-05-28,2002,1,1,
MILLER L BTN,Miller Lake,Boulder Mountain,Boulder Top (north),Wayne,Rainbows,RAINBOW,750,9.91,2003-06-09,2003,1,1,
MILLER L BTN,Miller Lake,Boulder Mountain,Boulder Top (north),Wayne,Rainbows,RAINBOW,756,9.75,2004-06-18,2004,1,1,
MILLER L BTN,Miller Lake,Boulder Mountain,Boulder Top (north),Wayne,Rainbows,RAINBOW,587,10.43,2005-06-30,2005,1,1,
MILLER L BTN,Miller Lake,Boulder Mountain,Boulder Top (north),Wayne,Rainbows,RAINBOW,585,9.84,2006-06-05,2006,1,1,
MILLER L BTN,Miller Lake,Boulder Mountain,Boulder Top (north),Wayne,Rainbows,RAINBOW,1001,9.98,2007-06-05,2007,1,1,
MILLER L BTN,Miller Lake,Boulder Mountain,Boulder Top (north),Wayne,Rainbows,RAINBOW,1251,9.6,2008-06-16,2008,1,1,
MILLER L BTN,Miller Lake,Boulder Mountain,Boulder Top (north),Wayne,Rainbows,RAINBOW,1264,10.0,2009-06-03,2009,1,1,
MILLER L BTN,Miller Lake,Boulder Mountain,Boulder Top (north),Wayne,Rainbows,RAINBOW,1295,10.24,2010-06-15,2010,1,1,
MILLER L BTN,Miller Lake,Boulder Mountain,Boulder Top (north),Wayne,Rainbows,RAINBOW,1005,10.69,2011-06-22,2011,1,1,
MILLER L BTN,Miller Lake,Boulder Mountain,Boulder Top (north),Wayne,Rainbows,RAINBOW,989,10.04,2012-05-29,2012,1,1,
MILLER L BTN,Miller Lake,Boulder Mountain,Boulder Top (north),Wayne,Rainbows,RAINBOW,1001,8.78,2013-06-18,2013,1,1,
MILLER L BTN,Miller Lake,Boulder Mountain,Boulder Top (north),Wayne,Rainbows,RAINBOW,1002,8.32,2014-06-02,2014,1,1,
MILLER L BTN,Miller Lake,Boulder Mountain,Boulder Top (north),Wayne,Rainbows,RAINBOW,1014,8.96,2015-06-18,2015,1,1,
MILLER L BTN,Miller Lake,Boulder Mountain,Boulder Top (north),Wayne,Rainbows,RAINBOW,501,10.18,2016-06-09,2016,1,1,
MILLER L BTN,Miller Lake,Boulder Mountain,Boulder Top (north),Wayne,Tigers,TIGER TROUT,499,9.15,2016-06-13,2016,1,1,
MILLER L BTN,Miller Lake,Boulder Mountain,Boulder Top (north),Wayne,Rainbows,RAINBOW,506,10.06,2017-06-22,2017,1,1,
MILLER L BTN,Miller Lake,Boulder Mountain,Boulder Top (north),Wayne,Tigers,TIGER TROUT,532,10.86,2017-08-30,2017,1,1,
MILLER L BTN,Miller Lake,Boulder Mountain,Boulder Top (north),Wayne,Tigers,TIGER TROUT,501,8.94,2018-05-23,2018,1,1,
MILLER L BTN,Miller Lake,Boulder Mountain,Boulder Top (north),Wayne,Rainbows,RAINBOW,501,10.7,2018-06-26,2018,1,1,
MILLER L BTN,Miller Lake,Boulder Mountain,Boulder Top (north),Wayne,Rainbows,RAINBOW,1007,10.24,2019-06-26,2019,1,1,
MILLER L BTN,Miller Lake,Boulder Mountain,Boulder Top (north),Wayne,Tigers,TIGER TROUT,500,11.25,2019-07-08,2019,1,1,
MILLER L BTN,Miller Lake,Boulder Mountain,Boulder Top (north),Wayne,Rainbows,RAINBOW,540,10.07,2020-06-24,2020,1,1,
MILLER L BTN,Miller Lake,Boulder Mountain,Boulder Top (north),Wayne,Tigers,TIGER TROUT,501,9.69,2020-06-25,2020,1,1,
MILLER L BTN,Miller Lake,Boulder Mountain,Boulder Top (north),Wayne,Rainbows,RAINBOW,315,10.5,2021-06-23,2021,1,1,
MILLER L BTN,Miller Lake,Boulder Mountain,Boulder Top (north),Wayne,Tigers,TIGER TROUT,519,9.48,2021-07-06,2021,1,1,
MILLER L BTN,Miller Lake,Boulder Mountain,Boulder Top (north),Wayne,Rainbows,RAINBOW,309,10.15,2022-06-21,2022,1,1,
MILLER L BTN,Miller Lake,Boulder Mountain,Boulder Top (north),Wayne,Tigers,TIGER TROUT,317,9.11,2022-06-28,2022,1,1,
MILLER L BTN,Miller Lake,Boulder Mountain,Boulder Top (north),Wayne,Rainbows,RAINBOW,300,9.9,2023-07-13,2023,1,1,
MILLER L BTN,Miller Lake,Boulder Mountain,Boulder Top (north),Wayne,Tigers,TIGER TROUT,304,9.49,2023-07-13,2023,1,1,
MILLER L BTN,Miller Lake,Boulder Mountain,Boulder Top (north),Wayne,Tigers,TIGER TROUT,311,9.55,2024-06-26,2024,1,1,
MILLER L BTN,Miller Lake,Boulder Mountain,Boulder Top (north),Wayne,Rainbows,RAINBOW,302,9.83,2024-07-16,2024,1,1,
MILLER L BTN,Miller Lake,Boulder Mountain,Boulder Top (north),Wayne,Tigers,TIGER TROUT,292,10.45,2025-06-19,2025,1,1,
MILLER L BTN,Miller Lake,Boulder Mountain,Boulder Top (north),Wayne,Rainbows,RAINBOW,329,10.28,2025-06-24,2025,1,1,
MILLER L BTN,Miller Lake,Boulder Mountain,Boulder Top (north),Wayne,Tigers,TIGER TROUT,302,9.67,2026-05-26,2026,1,1,
MILLER L BTN,Miller Lake,Boulder Mountain,Boulder Top (north),Wayne,Rainbows,RAINBOW,299,10.54,2026-06-24,2026,1,1,
MOOSMAN L EBS,Moosman Lake,Boulder Mountain,East Boulder Slope,Garfield,Cutthroats,CUTTHROAT,444,1.97,2002-10-09,2002,1,1,
MOOSMAN L EBS,Moosman Lake,Boulder Mountain,East Boulder Slope,Garfield,Cutthroats,CUTTHROAT,535,1.96,2002-10-11,2002,1,1,
MOOSMAN L EBS,Moosman Lake,Boulder Mountain,East Boulder Slope,Garfield,Cutthroats,CUTTHROAT,1283,1.49,2007-09-18,2007,1,1,
MOOSMAN L EBS,Moosman Lake,Boulder Mountain,East Boulder Slope,Garfield,Tiger muskie,MUSKIE TIGER,60,7.05,2019-06-26,2019,1,1,
MOOSMAN L EBS,Moosman Lake,Boulder Mountain,East Boulder Slope,Garfield,Tiger muskie,MUSKIE TIGER,50,3.51,2021-07-01,2021,1,1,
MOOSMAN L EBS,Moosman Lake,Boulder Mountain,East Boulder Slope,Garfield,Tiger muskie,MUSKIE TIGER,50,5.39,2024-06-12,2024,1,1,
MOSS L NBS,Moss Lake,Boulder Mountain,North Boulder Slope,Wayne,Tigers,TIGER TROUT,100,3.84,2005-07-11,2005,1,1,
MOSS L NBS,Moss Lake,Boulder Mountain,North Boulder Slope,Wayne,Tigers,TIGER TROUT,50,4.04,2006-07-25,2006,1,1,
MOSS L NBS,Moss Lake,Boulder Mountain,North Boulder Slope,Wayne,Tigers,TIGER TROUT,60,4.08,2008-07-22,2008,1,1,
MOSS L NBS,Moss Lake,Boulder Mountain,North Boulder Slope,Wayne,Tigers,TIGER TROUT,100,3.74,2010-06-29,2010,1,1,
MOSS L NBS,Moss Lake,Boulder Mountain,North Boulder Slope,Wayne,Tigers,TIGER TROUT,50,3.73,2014-06-25,2014,1,1,
MOSS L NBS,Moss Lake,Boulder Mountain,North Boulder Slope,Wayne,Tigers,TIGER TROUT,50,2.85,2018-07-10,2018,1,1,
MOSS L NBS,Moss Lake,Boulder Mountain,North Boulder Slope,Wayne,Tigers,TIGER TROUT,52,2.45,2020-05-21,2020,1,1,
MOSS L NBS,Moss Lake,Boulder Mountain,North Boulder Slope,Wayne,Tigers,TIGER TROUT,51,2.69,2022-06-15,2022,1,1,
MOSS L NBS,Moss Lake,Boulder Mountain,North Boulder Slope,Wayne,Tigers,TIGER TROUT,61,2.91,2024-07-15,2024,1,1,
MOSS L NBS,Moss Lake,Boulder Mountain,North Boulder Slope,Wayne,Tigers,TIGER TROUT,51,2.75,2026-07-07,2026,1,1,
NEFFS RES TLM,Neffs Reservoir,Thousand Lake Mountain,Thousand Lake Mountain,Wayne,Brookies,BROOK TROUT,305,2.88,2002-07-09,2002,1,1,
NEFFS RES TLM,Neffs Reservoir,Thousand Lake Mountain,Thousand Lake Mountain,Wayne,Brookies,BROOK TROUT,306,2.62,2003-07-06,2003,1,1,
NEFFS RES TLM,Neffs Reservoir,Thousand Lake Mountain,Thousand Lake Mountain,Wayne,Brookies,BROOK TROUT,293,2.34,2004-07-12,2004,1,1,
NEFFS RES TLM,Neffs Reservoir,Thousand Lake Mountain,Thousand Lake Mountain,Wayne,Brookies,BROOK TROUT,291,2.34,2005-07-10,2005,1,1,
NEFFS RES TLM,Neffs Reservoir,Thousand Lake Mountain,Thousand Lake Mountain,Wayne,Brookies,BROOK TROUT,305,2.88,2006-07-10,2006,1,1,
NEFFS RES TLM,Neffs Reservoir,Thousand Lake Mountain,Thousand Lake Mountain,Wayne,Brookies,BROOK TROUT,300,3.22,2007-07-12,2007,1,1,
NEFFS RES TLM,Neffs Reservoir,Thousand Lake Mountain,Thousand Lake Mountain,Wayne,Brookies,BROOK TROUT,298,3.2,2008-07-07,2008,1,1,
NEFFS RES TLM,Neffs Reservoir,Thousand Lake Mountain,Thousand Lake Mountain,Wayne,Brookies,BROOK TROUT,312,2.89,2009-07-15,2009,1,1,
NEFFS RES TLM,Neffs Reservoir,Thousand Lake Mountain,Thousand Lake Mountain,Wayne,Brookies,BROOK TROUT,319,2.62,2010-07-12,2010,1,1,
NEFFS RES TLM,Neffs Reservoir,Thousand Lake Mountain,Thousand Lake Mountain,Wayne,Brookies,BROOK TROUT,315,3.27,2011-08-08,2011,1,1,
NEFFS RES TLM,Neffs Reservoir,Thousand Lake Mountain,Thousand Lake Mountain,Wayne,Brookies,BROOK TROUT,299,2.47,2012-07-06,2012,1,1,
NEFFS RES TLM,Neffs Reservoir,Thousand Lake Mountain,Thousand Lake Mountain,Wayne,Brookies,BROOK TROUT,312,2.55,2013-07-01,2013,1,1,
NEFFS RES TLM,Neffs Reservoir,Thousand Lake Mountain,Thousand Lake Mountain,Wayne,Brookies,BROOK TROUT,293,1.9,2014-06-11,2014,1,1,
NEFFS RES TLM,Neffs Reservoir,Thousand Lake Mountain,Thousand Lake Mountain,Wayne,Splake,SPLAKE,104,3.2,2018-06-25,2018,1,1,
NEFFS RES TLM,Neffs Reservoir,Thousand Lake Mountain,Thousand Lake Mountain,Wayne,Tigers,TIGER TROUT,101,2.71,2018-06-25,2018,1,1,
NEFFS RES TLM,Neffs Reservoir,Thousand Lake Mountain,Thousand Lake Mountain,Wayne,Lake trout,LAKE TROUT,59,3.5,2020-07-02,2020,1,1,
NEFFS RES TLM,Neffs Reservoir,Thousand Lake Mountain,Thousand Lake Mountain,Wayne,Splake,SPLAKE,203,3.25,2020-07-02,2020,1,1,
NEFFS RES TLM,Neffs Reservoir,Thousand Lake Mountain,Thousand Lake Mountain,Wayne,Splake,SPLAKE,293,2.44,2023-07-11,2023,1,1,
NEFFS RES TLM,Neffs Reservoir,Thousand Lake Mountain,Thousand Lake Mountain,Wayne,Brookies,BROOK TROUT,200,3.75,2023-08-29,2023,1,1,
NEFFS RES TLM,Neffs Reservoir,Thousand Lake Mountain,Thousand Lake Mountain,Wayne,Brookies,BROOK TROUT,195,2.62,2024-06-25,2024,1,1,
NEFFS RES TLM,Neffs Reservoir,Thousand Lake Mountain,Thousand Lake Mountain,Wayne,Brookies,BROOK TROUT,201,2.97,2025-06-24,2025,1,1,
NEFFS RES TLM,Neffs Reservoir,Thousand Lake Mountain,Thousand Lake Mountain,Wayne,Brookies,BROOK TROUT,200,2.93,2026-07-14,2026,1,1,
NORTH CR,North Creek,Boulder Mountain,,Garfield,Cutthroats,CUTTHROAT,39,5.04,2022-10-06,2022,1,1,
NORTH CR,North Creek,Boulder Mountain,,Garfield,Cutthroats,CUTTHROAT,59,5.04,2023-07-07,2023,1,1,
NORTH CR,North Creek,Boulder Mountain,,Garfield,Cutthroats,CUTTHROAT,234,5.77,2023-09-20,2023,1,1,
NORTH CR,North Creek,Boulder Mountain,,Garfield,Cutthroats,CUTTHROAT,250,5.76,2023-10-10,2023,1,1,
NORTH CR,North Creek,Boulder Mountain,,Garfield,Cutthroats,CUTTHROAT,197,5.76,2024-07-17,2024,1,1,
NORTH CR,North Creek,Boulder Mountain,,Garfield,Cutthroats,CUTTHROAT,205,16.55,2024-07-19,2024,1,1,
NORTH CR,North Creek,Boulder Mountain,,Garfield,Cutthroats,CUTTHROAT,1980,2.65,2024-08-21,2024,1,1,
NORTH CR,North Creek,Boulder Mountain,,Garfield,Cutthroats,CUTTHROAT,1893,2.9,2024-08-21,2024,1,1,
NORTH CR,North Creek,Boulder Mountain,,Garfield,Cutthroats,CUTTHROAT,273,14.24,2025-05-28,2025,1,1,
NORTH CR,North Creek,Boulder Mountain,,Garfield,Cutthroats,CUTTHROAT,297,14.24,2025-05-28,2025,1,1,
NORTH CR,North Creek,Boulder Mountain,,Garfield,Cutthroats,CUTTHROAT,1586,2.33,2025-08-05,2025,1,1,
NORTH CR,North Creek,Boulder Mountain,,Garfield,Cutthroats,CUTTHROAT,3421,2.27,2025-08-05,2025,1,1,
NORTH CR,North Creek,Boulder Mountain,,Garfield,Dace,DACE,200,2.32,2026-04-08,2026,1,1,
NORTH CR RES,North Creek Reservoir,Boulder Mountain,,Garfield,Tigers,TIGER TROUT,2500,10.0,2023-09-13,2023,1,1,
NORTH CR RES,North Creek Reservoir,Boulder Mountain,,Garfield,Cutthroats,CUTTHROAT,1000,2.18,2024-10-23,2024,1,1,
NORTH CR RES,North Creek Reservoir,Boulder Mountain,,Garfield,Cutthroats,CUTTHROAT,1204,3.85,2025-10-21,2025,1,1,
"HEART L, NORTH NB",North Heart Lake,Boulder Mountain,North Boulder,Wayne,Tigers,TIGER TROUT,100,3.84,2005-07-11,2005,1,1,
"HEART L, NORTH NB",North Heart Lake,Boulder Mountain,North Boulder,Wayne,Tigers,TIGER TROUT,100,4.04,2006-07-25,2006,1,1,
"HEART L, NORTH NB",North Heart Lake,Boulder Mountain,North Boulder,Wayne,Tigers,TIGER TROUT,100,4.08,2008-07-22,2008,1,1,
"HEART L, NORTH NB",North Heart Lake,Boulder Mountain,North Boulder,Wayne,Tigers,TIGER TROUT,100,3.74,2010-06-29,2010,1,1,
"HEART L, NORTH NB",North Heart Lake,Boulder Mountain,North Boulder,Wayne,Tigers,TIGER TROUT,50,3.73,2014-06-25,2014,1,1,
"HEART L, NORTH NB",North Heart Lake,Boulder Mountain,North Boulder,Wayne,Tigers,TIGER TROUT,51,3.58,2016-05-25,2016,1,1,
"HEART L, NORTH NB",North Heart Lake,Boulder Mountain,North Boulder,Wayne,Tigers,TIGER TROUT,50,2.85,2018-07-10,2018,1,1,
"HEART L, NORTH NB",North Heart Lake,Boulder Mountain,North Boulder,Wayne,Tigers,TIGER TROUT,52,2.45,2020-05-21,2020,1,1,
"HEART L, NORTH NB",North Heart Lake,Boulder Mountain,North Boulder,Wayne,Tigers,TIGER TROUT,51,2.69,2022-06-15,2022,1,1,
"HEART L, NORTH NB",North Heart Lake,Boulder Mountain,North Boulder,Wayne,Tigers,TIGER TROUT,61,2.91,2024-07-15,2024,1,1,
"HEART L, NORTH NB",North Heart Lake,Boulder Mountain,North Boulder,Wayne,Tigers,TIGER TROUT,51,2.75,2026-07-07,2026,1,1,
OTTER L EMW,Otter Lake,Escalante Mountains,Escalante Mountains west,Garfield,Cutthroats,CUTTHROAT,1032,1.96,2002-10-11,2002,1,1,
OTTER L EMW,Otter Lake,Escalante Mountains,Escalante Mountains west,Garfield,Brookies,BROOK TROUT,500,2.62,2003-07-06,2003,1,1,
OTTER L EMW,Otter Lake,Escalante Mountains,Escalante Mountains west,Garfield,Brookies,BROOK TROUT,493,2.33,2005-07-10,2005,1,1,
OTTER L EMW,Otter Lake,Escalante Mountains,Escalante Mountains west,Garfield,Brookies,BROOK TROUT,503,3.22,2007-07-12,2007,1,1,
OTTER L EMW,Otter Lake,Escalante Mountains,Escalante Mountains west,Garfield,Cutthroats,CUTTHROAT,1540,1.49,2007-09-18,2007,1,1,
OTTER L EMW,Otter Lake,Escalante Mountains,Escalante Mountains west,Garfield,Brookies,BROOK TROUT,519,2.89,2009-07-15,2009,1,1,
OTTER L EMW,Otter Lake,Escalante Mountains,Escalante Mountains west,Garfield,Brookies,BROOK TROUT,501,3.27,2011-08-08,2011,1,1,
OTTER L EMW,Otter Lake,Escalante Mountains,Escalante Mountains west,Garfield,Brookies,BROOK TROUT,502,2.55,2013-07-01,2013,1,1,
OTTER L EMW,Otter Lake,Escalante Mountains,Escalante Mountains west,Garfield,Grayling,GRAYLING ARCTIC,299,3.13,2013-09-24,2013,1,1,
OTTER L EMW,Otter Lake,Escalante Mountains,Escalante Mountains west,Garfield,Grayling,GRAYLING ARCTIC,748,2.27,2014-08-27,2014,1,1,
OTTER L EMW,Otter Lake,Escalante Mountains,Escalante Mountains west,Garfield,Brookies,BROOK TROUT,505,2.97,2015-06-29,2015,1,1,
OTTER L EMW,Otter Lake,Escalante Mountains,Escalante Mountains west,Garfield,Grayling,GRAYLING ARCTIC,290,2.4,2015-08-24,2015,1,1,
OTTER L EMW,Otter Lake,Escalante Mountains,Escalante Mountains west,Garfield,Brookies,BROOK TROUT,511,2.55,2017-06-26,2017,1,1,
OTTER L EMW,Otter Lake,Escalante Mountains,Escalante Mountains west,Garfield,Grayling,GRAYLING ARCTIC,300,2.79,2017-09-18,2017,1,1,
OTTER L EMW,Otter Lake,Escalante Mountains,Escalante Mountains west,Garfield,Grayling,GRAYLING ARCTIC,302,3.25,2018-10-09,2018,1,1,
OTTER L EMW,Otter Lake,Escalante Mountains,Escalante Mountains west,Garfield,Brookies,BROOK TROUT,248,2.97,2019-07-10,2019,1,1,
OTTER L EMW,Otter Lake,Escalante Mountains,Escalante Mountains west,Garfield,Grayling,GRAYLING ARCTIC,300,2.29,2019-09-24,2019,1,1,
OTTER L EMW,Otter Lake,Escalante Mountains,Escalante Mountains west,Garfield,Grayling,GRAYLING ARCTIC,306,2.81,2020-09-28,2020,1,1,
OTTER L EMW,Otter Lake,Escalante Mountains,Escalante Mountains west,Garfield,Brookies,BROOK TROUT,252,2.71,2021-07-06,2021,1,1,
OTTER L EMW,Otter Lake,Escalante Mountains,Escalante Mountains west,Garfield,Grayling,GRAYLING ARCTIC,301,2.65,2021-09-23,2021,1,1,
OTTER L EMW,Otter Lake,Escalante Mountains,Escalante Mountains west,Garfield,Brookies,BROOK TROUT,154,2.97,2022-07-07,2022,1,1,
OTTER L EMW,Otter Lake,Escalante Mountains,Escalante Mountains west,Garfield,Brookies,BROOK TROUT,152,2.63,2023-07-11,2023,1,1,
OTTER L EMW,Otter Lake,Escalante Mountains,Escalante Mountains west,Garfield,Brookies,BROOK TROUT,150,2.92,2025-06-24,2025,1,1,
OTTER L EMW,Otter Lake,Escalante Mountains,Escalante Mountains west,Garfield,Brookies,BROOK TROUT,153,2.77,2026-07-14,2026,1,1,
PACER L EMW,Pacer Lake,Escalante Mountains,Escalante Mountains west,Garfield,Brookies,BROOK TROUT,1502,2.88,2002-07-09,2002,1,1,
PACER L EMW,Pacer Lake,Escalante Mountains,Escalante Mountains west,Garfield,Cutthroats,CUTTHROAT,4013,1.96,2002-10-11,2002,1,1,
PACER L EMW,Pacer Lake,Escalante Mountains,Escalante Mountains west,Garfield,Brookies,BROOK TROUT,1501,2.62,2003-07-06,2003,1,1,
PACER L EMW,Pacer Lake,Escalante Mountains,Escalante Mountains west,Garfield,Cutthroats,CUTTHROAT,8041,1.72,2003-10-07,2003,1,1,
PACER L EMW,Pacer Lake,Escalante Mountains,Escalante Mountains west,Garfield,Brookies,BROOK TROUT,1502,2.34,2004-07-12,2004,1,1,
PACER L EMW,Pacer Lake,Escalante Mountains,Escalante Mountains west,Garfield,Brookies,BROOK TROUT,1497,2.33,2005-07-10,2005,1,1,
PACER L EMW,Pacer Lake,Escalante Mountains,Escalante Mountains west,Garfield,Cutthroats,CUTTHROAT,3998,1.77,2005-10-05,2005,1,1,
PACER L EMW,Pacer Lake,Escalante Mountains,Escalante Mountains west,Garfield,Brookies,BROOK TROUT,1502,2.88,2006-07-10,2006,1,1,
PACER L EMW,Pacer Lake,Escalante Mountains,Escalante Mountains west,Garfield,Grayling,GRAYLING ARCTIC,1505,1.66,2006-08-07,2006,1,1,
PACER L EMW,Pacer Lake,Escalante Mountains,Escalante Mountains west,Garfield,Brookies,BROOK TROUT,1500,3.22,2007-07-12,2007,1,1,
PACER L EMW,Pacer Lake,Escalante Mountains,Escalante Mountains west,Garfield,Grayling,GRAYLING ARCTIC,1504,1.5,2007-07-31,2007,1,1,
PACER L EMW,Pacer Lake,Escalante Mountains,Escalante Mountains west,Garfield,Cutthroats,CUTTHROAT,4021,1.49,2007-09-18,2007,1,1,
PACER L EMW,Pacer Lake,Escalante Mountains,Escalante Mountains west,Garfield,Brookies,BROOK TROUT,1530,3.2,2008-07-07,2008,1,1,
PACER L EMW,Pacer Lake,Escalante Mountains,Escalante Mountains west,Garfield,Cutthroats,CUTTHROAT,4051,2.21,2008-09-23,2008,1,1,
PACER L EMW,Pacer Lake,Escalante Mountains,Escalante Mountains west,Garfield,Brookies,BROOK TROUT,1506,2.89,2009-07-15,2009,1,1,
PACER L EMW,Pacer Lake,Escalante Mountains,Escalante Mountains west,Garfield,Cutthroats,CUTTHROAT,400,3.67,2009-09-16,2009,1,1,
PACER L EMW,Pacer Lake,Escalante Mountains,Escalante Mountains west,Garfield,Brookies,BROOK TROUT,1510,2.62,2010-07-12,2010,1,1,
PACER L EMW,Pacer Lake,Escalante Mountains,Escalante Mountains west,Garfield,Brookies,BROOK TROUT,1502,3.27,2011-08-08,2011,1,1,
PACER L EMW,Pacer Lake,Escalante Mountains,Escalante Mountains west,Garfield,Brookies,BROOK TROUT,1494,2.63,2012-07-13,2012,1,1,
PACER L EMW,Pacer Lake,Escalante Mountains,Escalante Mountains west,Garfield,Brookies,BROOK TROUT,1521,2.55,2013-07-01,2013,1,1,
PACER L EMW,Pacer Lake,Escalante Mountains,Escalante Mountains west,Garfield,Brookies,BROOK TROUT,1503,1.9,2014-06-11,2014,1,1,
PACER L EMW,Pacer Lake,Escalante Mountains,Escalante Mountains west,Garfield,Brookies,BROOK TROUT,1505,2.97,2015-06-29,2015,1,1,
PACER L EMW,Pacer Lake,Escalante Mountains,Escalante Mountains west,Garfield,Brookies,BROOK TROUT,1545,2.27,2016-06-27,2016,1,1,
PACER L EMW,Pacer Lake,Escalante Mountains,Escalante Mountains west,Garfield,Tigers,TIGER TROUT,98,3.55,2016-06-27,2016,1,1,
PACER L EMW,Pacer Lake,Escalante Mountains,Escalante Mountains west,Garfield,Brookies,BROOK TROUT,1502,2.55,2017-06-26,2017,1,1,
PACER L EMW,Pacer Lake,Escalante Mountains,Escalante Mountains west,Garfield,Tigers,TIGER TROUT,100,2.71,2017-06-26,2017,1,1,
PACER L EMW,Pacer Lake,Escalante Mountains,Escalante Mountains west,Garfield,Brookies,BROOK TROUT,1501,2.84,2018-06-25,2018,1,1,
PACER L EMW,Pacer Lake,Escalante Mountains,Escalante Mountains west,Garfield,Tigers,TIGER TROUT,11,2.83,2018-06-25,2018,1,1,
PACER L EMW,Pacer Lake,Escalante Mountains,Escalante Mountains west,Garfield,Brookies,BROOK TROUT,1503,2.97,2019-07-10,2019,1,1,
PACER L EMW,Pacer Lake,Escalante Mountains,Escalante Mountains west,Garfield,Tigers,TIGER TROUT,104,2.99,2019-07-10,2019,1,1,
PACER L EMW,Pacer Lake,Escalante Mountains,Escalante Mountains west,Garfield,Brookies,BROOK TROUT,1506,2.55,2020-07-01,2020,1,1,
PACER L EMW,Pacer Lake,Escalante Mountains,Escalante Mountains west,Garfield,Tigers,TIGER TROUT,110,2.84,2020-07-01,2020,1,1,
PACER L EMW,Pacer Lake,Escalante Mountains,Escalante Mountains west,Garfield,Brookies,BROOK TROUT,996,2.71,2021-07-06,2021,1,1,
PACER L EMW,Pacer Lake,Escalante Mountains,Escalante Mountains west,Garfield,Tigers,TIGER TROUT,98,2.95,2021-07-06,2021,1,1,
PACER L EMW,Pacer Lake,Escalante Mountains,Escalante Mountains west,Garfield,Brookies,BROOK TROUT,1005,2.97,2022-07-07,2022,1,1,
PACER L EMW,Pacer Lake,Escalante Mountains,Escalante Mountains west,Garfield,Tigers,TIGER TROUT,101,2.82,2022-07-07,2022,1,1,
PACER L EMW,Pacer Lake,Escalante Mountains,Escalante Mountains west,Garfield,Brookies,BROOK TROUT,995,2.63,2023-07-11,2023,1,1,
PACER L EMW,Pacer Lake,Escalante Mountains,Escalante Mountains west,Garfield,Tigers,TIGER TROUT,96,2.87,2023-07-11,2023,1,1,
PACER L EMW,Pacer Lake,Escalante Mountains,Escalante Mountains west,Garfield,Brookies,BROOK TROUT,998,2.63,2024-06-25,2024,1,1,
PACER L EMW,Pacer Lake,Escalante Mountains,Escalante Mountains west,Garfield,Tigers,TIGER TROUT,105,2.68,2024-06-25,2024,1,1,
PACER L EMW,Pacer Lake,Escalante Mountains,Escalante Mountains west,Garfield,Brookies,BROOK TROUT,1003,2.92,2025-06-24,2025,1,1,
PACER L EMW,Pacer Lake,Escalante Mountains,Escalante Mountains west,Garfield,Tigers,TIGER TROUT,102,2.81,2025-06-24,2025,1,1,
PACER L EMW,Pacer Lake,Escalante Mountains,Escalante Mountains west,Garfield,Brookies,BROOK TROUT,998,2.77,2026-07-14,2026,1,1,
PACER L EMW,Pacer Lake,Escalante Mountains,Escalante Mountains west,Garfield,Tigers,TIGER TROUT,95,2.87,2026-07-14,2026,1,1,
PANGUITCH CR,Panguitch Creek,Southwest Garfield,,Garfield,Rainbows,RAINBOW,255,8.99,2002-05-22,2002,1,2,
PANGUITCH CR,Panguitch Creek,Southwest Garfield,,Garfield,Rainbows,RAINBOW,255,8.99,2002-05-22,2002,2,2,
PANGUITCH CR,Panguitch Creek,Southwest Garfield,,Garfield,Rainbows,RAINBOW,501,9.91,2003-06-09,2003,1,2,
PANGUITCH CR,Panguitch Creek,Southwest Garfield,,Garfield,Rainbows,RAINBOW,501,9.91,2003-06-09,2003,2,2,
PANGUITCH CR,Panguitch Creek,Southwest Garfield,,Garfield,Rainbows,RAINBOW,500,10.07,2004-06-15,2004,1,2,
PANGUITCH CR,Panguitch Creek,Southwest Garfield,,Garfield,Rainbows,RAINBOW,500,10.07,2004-06-15,2004,2,2,
PANGUITCH CR,Panguitch Creek,Southwest Garfield,,Garfield,Rainbows,RAINBOW,391,10.0,2005-07-08,2005,1,2,
PANGUITCH CR,Panguitch Creek,Southwest Garfield,,Garfield,Rainbows,RAINBOW,391,10.0,2005-07-08,2005,2,2,
PANGUITCH CR,Panguitch Creek,Southwest Garfield,,Garfield,Rainbows,RAINBOW,398,9.81,2006-06-19,2006,1,2,
PANGUITCH CR,Panguitch Creek,Southwest Garfield,,Garfield,Rainbows,RAINBOW,398,9.81,2006-06-19,2006,2,2,
PANGUITCH CR,Panguitch Creek,Southwest Garfield,,Garfield,Sucker,SUCKER,298,3.17,2006-06-23,2006,1,1,
PANGUITCH CR,Panguitch Creek,Southwest Garfield,,Garfield,Rainbows,RAINBOW,2005,9.47,2006-06-29,2006,1,1,
PANGUITCH CR,Panguitch Creek,Southwest Garfield,,Garfield,Rainbows,RAINBOW,3001,10.6,2006-06-30,2006,1,1,
PANGUITCH CR,Panguitch Creek,Southwest Garfield,,Garfield,Browns,BROWN TROUT,4416,5.83,2006-07-05,2006,1,1,
PANGUITCH CR,Panguitch Creek,Southwest Garfield,,Garfield,Browns,BROWN TROUT,4376,5.83,2006-07-05,2006,1,1,
PANGUITCH CR,Panguitch Creek,Southwest Garfield,,Garfield,Rainbows,RAINBOW,2012,3.72,2006-07-10,2006,1,2,
PANGUITCH CR,Panguitch Creek,Southwest Garfield,,Garfield,Rainbows,RAINBOW,1006,3.72,2006-07-10,2006,1,1,
PANGUITCH CR,Panguitch Creek,Southwest Garfield,,Garfield,Rainbows,RAINBOW,2012,3.72,2006-07-10,2006,2,2,
PANGUITCH CR,Panguitch Creek,Southwest Garfield,,Garfield,Rainbows,RAINBOW,1050,9.05,2007-05-22,2007,1,1,
PANGUITCH CR,Panguitch Creek,Southwest Garfield,,Garfield,Rainbows,RAINBOW,970,9.29,2007-06-05,2007,1,1,
PANGUITCH CR,Panguitch Creek,Southwest Garfield,,Garfield,Browns,BROWN TROUT,3996,4.3,2007-06-14,2007,1,2,
PANGUITCH CR,Panguitch Creek,Southwest Garfield,,Garfield,Browns,BROWN TROUT,3996,4.3,2007-06-14,2007,2,2,
PANGUITCH CR,Panguitch Creek,Southwest Garfield,,Garfield,Browns,BROWN TROUT,2016,4.3,2007-06-14,2007,1,1,
PANGUITCH CR,Panguitch Creek,Southwest Garfield,,Garfield,Rainbows,RAINBOW,998,9.47,2007-06-26,2007,1,1,
PANGUITCH CR,Panguitch Creek,Southwest Garfield,,Garfield,Rainbows,RAINBOW,1001,9.68,2007-07-17,2007,1,1,
PANGUITCH CR,Panguitch Creek,Southwest Garfield,,Garfield,Cutthroats,CUTTHROAT,8072,1.54,2007-09-21,2007,1,2,
PANGUITCH CR,Panguitch Creek,Southwest Garfield,,Garfield,Cutthroats,CUTTHROAT,8072,1.54,2007-09-21,2007,2,2,
PANGUITCH CR,Panguitch Creek,Southwest Garfield,,Garfield,Cutthroats,CUTTHROAT,4075,1.54,2007-09-21,2007,1,1,
PANGUITCH CR,Panguitch Creek,Southwest Garfield,,Garfield,Rainbows,RAINBOW,1265,9.47,2008-05-23,2008,1,1,
PANGUITCH CR,Panguitch Creek,Southwest Garfield,,Garfield,Rainbows,RAINBOW,512,9.58,2008-06-11,2008,1,1,
PANGUITCH CR,Panguitch Creek,Southwest Garfield,,Garfield,Rainbows,RAINBOW,723,9.58,2008-06-11,2008,1,1,
PANGUITCH CR,Panguitch Creek,Southwest Garfield,,Garfield,Rainbows,RAINBOW,1205,10.05,2008-07-01,2008,1,1,
PANGUITCH CR,Panguitch Creek,Southwest Garfield,,Garfield,Rainbows,RAINBOW,1232,9.74,2008-07-23,2008,1,1,
PANGUITCH CR,Panguitch Creek,Southwest Garfield,,Garfield,Cutthroats,CUTTHROAT,4060,2.01,2008-09-16,2008,1,2,
PANGUITCH CR,Panguitch Creek,Southwest Garfield,,Garfield,Cutthroats,CUTTHROAT,4060,2.01,2008-09-16,2008,2,2,
PANGUITCH CR,Panguitch Creek,Southwest Garfield,,Garfield,Cutthroats,CUTTHROAT,2030,2.01,2008-09-16,2008,1,1,
PANGUITCH CR,Panguitch Creek,Southwest Garfield,,Garfield,Rainbows,RAINBOW,1227,10.67,2009-05-22,2009,1,1,
PANGUITCH CR,Panguitch Creek,Southwest Garfield,,Garfield,Rainbows,RAINBOW,506,10.63,2009-06-09,2009,1,1,
PANGUITCH CR,Panguitch Creek,Southwest Garfield,,Garfield,Browns,BROWN TROUT,2509,4.21,2009-06-15,2009,1,2,
PANGUITCH CR,Panguitch Creek,Southwest Garfield,,Garfield,Browns,BROWN TROUT,2509,4.21,2009-06-15,2009,2,2,
PANGUITCH CR,Panguitch Creek,Southwest Garfield,,Garfield,Rainbows,RAINBOW,1234,10.48,2009-07-02,2009,1,1,
PANGUITCH CR,Panguitch Creek,Southwest Garfield,,Garfield,Rainbows,RAINBOW,1248,10.92,2009-07-23,2009,1,1,
PANGUITCH CR,Panguitch Creek,Southwest Garfield,,Garfield,Cutthroats,CUTTHROAT,4191,1.96,2009-10-06,2009,1,2,
PANGUITCH CR,Panguitch Creek,Southwest Garfield,,Garfield,Cutthroats,CUTTHROAT,4191,1.96,2009-10-06,2009,2,2,
PANGUITCH CR,Panguitch Creek,Southwest Garfield,,Garfield,Cutthroats,CUTTHROAT,2096,1.96,2009-10-06,2009,1,1,
PANGUITCH CR,Panguitch Creek,Southwest Garfield,,Garfield,Rainbows,RAINBOW,1244,9.09,2010-05-26,2010,1,1,
PANGUITCH CR,Panguitch Creek,Southwest Garfield,,Garfield,Rainbows,RAINBOW,1283,9.53,2010-06-08,2010,1,1,
PANGUITCH CR,Panguitch Creek,Southwest Garfield,,Garfield,Rainbows,RAINBOW,1177,9.45,2010-06-30,2010,1,1,
PANGUITCH CR,Panguitch Creek,Southwest Garfield,,Garfield,Rainbows,RAINBOW,1184,9.61,2010-07-14,2010,1,1,
PANGUITCH CR,Panguitch Creek,Southwest Garfield,,Garfield,Rainbows,RAINBOW,110,10.11,2010-09-08,2010,1,1,
PANGUITCH CR,Panguitch Creek,Southwest Garfield,,Garfield,Rainbows,RAINBOW,1411,10.36,2011-05-25,2011,1,1,
PANGUITCH CR,Panguitch Creek,Southwest Garfield,,Garfield,Rainbows,RAINBOW,412,10.96,2011-06-28,2011,1,1,
PANGUITCH CR,Panguitch Creek,Southwest Garfield,,Garfield,Rainbows,RAINBOW,1007,10.96,2011-06-28,2011,1,1,
PANGUITCH CR,Panguitch Creek,Southwest Garfield,,Garfield,Rainbows,RAINBOW,480,10.79,2011-07-19,2011,1,1,
PANGUITCH CR,Panguitch Creek,Southwest Garfield,,Garfield,Rainbows,RAINBOW,960,10.79,2011-07-19,2011,1,1,
PANGUITCH CR,Panguitch Creek,Southwest Garfield,,Garfield,Rainbows,RAINBOW,1450,10.08,2012-05-25,2012,1,1,
PANGUITCH CR,Panguitch Creek,Southwest Garfield,,Garfield,Rainbows,RAINBOW,950,10.46,2012-07-17,2012,1,1,
PANGUITCH CR,Panguitch Creek,Southwest Garfield,,Garfield,Rainbows,RAINBOW,440,10.46,2012-07-17,2012,1,1,
PANGUITCH CR,Panguitch Creek,Southwest Garfield,,Garfield,Rainbows,RAINBOW,418,10.3,2012-07-19,2012,1,1,
PANGUITCH CR,Panguitch Creek,Southwest Garfield,,Garfield,Rainbows,RAINBOW,993,10.3,2012-07-19,2012,1,1,
PANGUITCH CR,Panguitch Creek,Southwest Garfield,,Garfield,Cutthroats,CUTTHROAT,3006,2.58,2012-09-20,2012,1,1,
PANGUITCH CR,Panguitch Creek,Southwest Garfield,,Garfield,Rainbows,RAINBOW,1076,7.92,2013-05-21,2013,1,1,
PANGUITCH CR,Panguitch Creek,Southwest Garfield,,Garfield,Rainbows,RAINBOW,1069,8.37,2013-06-12,2013,1,1,
PANGUITCH CR,Panguitch Creek,Southwest Garfield,,Garfield,Rainbows,RAINBOW,1005,9.31,2013-07-09,2013,1,1,
PANGUITCH CR,Panguitch Creek,Southwest Garfield,,Garfield,Rainbows,RAINBOW,921,9.77,2013-08-06,2013,1,1,
PANGUITCH CR,Panguitch Creek,Southwest Garfield,,Garfield,Rainbows,RAINBOW,1099,8.34,2014-05-13,2014,1,1,
PANGUITCH CR,Panguitch Creek,Southwest Garfield,,Garfield,Rainbows,RAINBOW,1100,8.21,2014-06-11,2014,1,1,
PANGUITCH CR,Panguitch Creek,Southwest Garfield,,Garfield,Rainbows,RAINBOW,1145,8.73,2014-07-07,2014,1,1,
PANGUITCH CR,Panguitch Creek,Southwest Garfield,,Garfield,Rainbows,RAINBOW,921,9.38,2014-08-11,2014,1,1,
PANGUITCH CR,Panguitch Creek,Southwest Garfield,,Garfield,Rainbows,RAINBOW,503,8.12,2015-05-11,2015,1,1,
PANGUITCH CR,Panguitch Creek,Southwest Garfield,,Garfield,Rainbows,RAINBOW,508,9.64,2015-06-23,2015,1,1,
PANGUITCH CR,Panguitch Creek,Southwest Garfield,,Garfield,Rainbows,RAINBOW,500,9.25,2015-07-07,2015,1,1,
PANGUITCH CR,Panguitch Creek,Southwest Garfield,,Garfield,Rainbows,RAINBOW,525,9.54,2015-08-10,2015,1,1,
PANGUITCH CR,Panguitch Creek,Southwest Garfield,,Garfield,Rainbows,RAINBOW,668,9.94,2016-05-26,2016,1,1,
PANGUITCH CR,Panguitch Creek,Southwest Garfield,,Garfield,Rainbows,RAINBOW,675,9.57,2016-06-10,2016,1,1,
PANGUITCH CR,Panguitch Creek,Southwest Garfield,,Garfield,Rainbows,RAINBOW,675,10.17,2016-07-01,2016,1,1,
PANGUITCH CR,Panguitch Creek,Southwest Garfield,,Garfield,Rainbows,RAINBOW,684,11.7,2017-05-24,2017,1,1,
PANGUITCH CR,Panguitch Creek,Southwest Garfield,,Garfield,Rainbows,RAINBOW,433,11.21,2017-06-07,2017,1,1,
PANGUITCH CR,Panguitch Creek,Southwest Garfield,,Garfield,Rainbows,RAINBOW,251,10.16,2017-06-07,2017,1,1,
PANGUITCH CR,Panguitch Creek,Southwest Garfield,,Garfield,Rainbows,RAINBOW,890,10.39,2017-07-11,2017,1,1,
PANGUITCH CR,Panguitch Creek,Southwest Garfield,,Garfield,Rainbows,RAINBOW,1062,10.88,2018-05-23,2018,1,1,
PANGUITCH CR,Panguitch Creek,Southwest Garfield,,Garfield,Rainbows,RAINBOW,938,10.67,2018-06-20,2018,1,1,
PANGUITCH CR,Panguitch Creek,Southwest Garfield,,Garfield,Rainbows,RAINBOW,6975,3.0,2018-08-21,2018,1,1,
PANGUITCH CR,Panguitch Creek,Southwest Garfield,,Garfield,Tigers,TIGER TROUT,501,5.63,2018-08-21,2018,1,1,
PANGUITCH CR,Panguitch Creek,Southwest Garfield,,Garfield,Rainbows,RAINBOW,668,11.67,2020-05-18,2020,1,1,
PANGUITCH CR,Panguitch Creek,Southwest Garfield,,Garfield,Rainbows,RAINBOW,694,11.52,2020-06-08,2020,1,1,
PANGUITCH CR,Panguitch Creek,Southwest Garfield,,Garfield,Rainbows,RAINBOW,640,11.22,2020-06-22,2020,1,1,
PANGUITCH CR,Panguitch Creek,Southwest Garfield,,Garfield,Rainbows,RAINBOW,550,10.29,2021-05-20,2021,1,1,
PANGUITCH CR,Panguitch Creek,Southwest Garfield,,Garfield,Rainbows,RAINBOW,507,11.38,2022-06-02,2022,1,1,
PANGUITCH CR,Panguitch Creek,Southwest Garfield,,Garfield,Rainbows,RAINBOW,502,10.91,2023-06-27,2023,1,1,
PANGUITCH CR,Panguitch Creek,Southwest Garfield,,Garfield,Rainbows,RAINBOW,503,10.57,2024-07-01,2024,1,1,
PANGUITCH CR,Panguitch Creek,Southwest Garfield,,Garfield,Rainbows,RAINBOW,508,9.83,2025-05-21,2025,1,1,
PANGUITCH CR,Panguitch Creek,Southwest Garfield,,Garfield,Rainbows,RAINBOW,504,9.03,2026-05-20,2026,1,1,
PANGUITCH L,Panguitch Lake,Southwest Garfield,,Garfield,Cutthroats,CUTTHROAT,5007,7.35,2002-05-07,2002,1,2,
PANGUITCH L,Panguitch Lake,Southwest Garfield,,Garfield,Cutthroats,CUTTHROAT,5007,7.35,2002-05-07,2002,2,2,
PANGUITCH L,Panguitch Lake,Southwest Garfield,,Garfield,Rainbows,RAINBOW,10005,5.04,2002-05-08,2002,1,1,
PANGUITCH L,Panguitch Lake,Southwest Garfield,,Garfield,Rainbows,RAINBOW,9747,5.09,2002-06-10,2002,1,1,
PANGUITCH L,Panguitch Lake,Southwest Garfield,,Garfield,Rainbows,RAINBOW,11380,4.8,2002-06-10,2002,1,3,
PANGUITCH L,Panguitch Lake,Southwest Garfield,,Garfield,Rainbows,RAINBOW,11380,4.8,2002-06-10,2002,2,3,
PANGUITCH L,Panguitch Lake,Southwest Garfield,,Garfield,Rainbows,RAINBOW,9555,5.09,2002-06-10,2002,1,2,
PANGUITCH L,Panguitch Lake,Southwest Garfield,,Garfield,Rainbows,RAINBOW,11949,4.8,2002-06-10,2002,1,1,
PANGUITCH L,Panguitch Lake,Southwest Garfield,,Garfield,Rainbows,RAINBOW,13669,4.86,2002-06-10,2002,1,1,
PANGUITCH L,Panguitch Lake,Southwest Garfield,,Garfield,Rainbows,RAINBOW,14763,4.86,2002-06-10,2002,1,1,
PANGUITCH L,Panguitch Lake,Southwest Garfield,,Garfield,Rainbows,RAINBOW,10129,5.09,2002-06-10,2002,1,1,
PANGUITCH L,Panguitch Lake,Southwest Garfield,,Garfield,Rainbows,RAINBOW,11380,4.8,2002-06-10,2002,3,3,
PANGUITCH L,Panguitch Lake,Southwest Garfield,,Garfield,Rainbows,RAINBOW,9555,5.09,2002-06-10,2002,2,2,
PANGUITCH L,Panguitch Lake,Southwest Garfield,,Garfield,Rainbows,RAINBOW,5325,7.08,2002-09-25,2002,1,3,
PANGUITCH L,Panguitch Lake,Southwest Garfield,,Garfield,Rainbows,RAINBOW,5325,7.08,2002-09-25,2002,2,3,
PANGUITCH L,Panguitch Lake,Southwest Garfield,,Garfield,Rainbows,RAINBOW,5680,7.08,2002-09-25,2002,1,1,
PANGUITCH L,Panguitch Lake,Southwest Garfield,,Garfield,Rainbows,RAINBOW,5325,7.08,2002-09-25,2002,3,3,
PANGUITCH L,Panguitch Lake,Southwest Garfield,,Garfield,Rainbows,RAINBOW,5680,7.08,2002-09-26,2002,1,3,
PANGUITCH L,Panguitch Lake,Southwest Garfield,,Garfield,Rainbows,RAINBOW,5680,7.08,2002-09-26,2002,2,3,
PANGUITCH L,Panguitch Lake,Southwest Garfield,,Garfield,Rainbows,RAINBOW,4970,7.08,2002-09-26,2002,1,1,
PANGUITCH L,Panguitch Lake,Southwest Garfield,,Garfield,Rainbows,RAINBOW,5680,7.08,2002-09-26,2002,3,3,
PANGUITCH L,Panguitch Lake,Southwest Garfield,,Garfield,Rainbows,RAINBOW,3550,7.08,2002-09-26,2002,1,1,
PANGUITCH L,Panguitch Lake,Southwest Garfield,,Garfield,Rainbows,RAINBOW,2812,5.69,2002-10-03,2002,1,1,
PANGUITCH L,Panguitch Lake,Southwest Garfield,,Garfield,Cutthroats,CUTTHROAT,65991,2.15,2002-10-23,2002,1,1,
PANGUITCH L,Panguitch Lake,Southwest Garfield,,Garfield,Rainbows,RAINBOW,2504,9.05,2003-05-09,2003,1,4,
PANGUITCH L,Panguitch Lake,Southwest Garfield,,Garfield,Rainbows,RAINBOW,2504,9.05,2003-05-09,2003,2,4,
PANGUITCH L,Panguitch Lake,Southwest Garfield,,Garfield,Rainbows,RAINBOW,2504,9.05,2003-05-09,2003,3,4,
PANGUITCH L,Panguitch Lake,Southwest Garfield,,Garfield,Rainbows,RAINBOW,2504,9.05,2003-05-09,2003,4,4,
PANGUITCH L,Panguitch Lake,Southwest Garfield,,Garfield,Rainbows,RAINBOW,2500,8.98,2003-05-13,2003,1,3,
PANGUITCH L,Panguitch Lake,Southwest Garfield,,Garfield,Rainbows,RAINBOW,2500,8.98,2003-05-13,2003,2,3,
PANGUITCH L,Panguitch Lake,Southwest Garfield,,Garfield,Rainbows,RAINBOW,2664,8.98,2003-05-13,2003,1,1,
PANGUITCH L,Panguitch Lake,Southwest Garfield,,Garfield,Rainbows,RAINBOW,2500,8.98,2003-05-13,2003,3,3,
PANGUITCH L,Panguitch Lake,Southwest Garfield,,Garfield,Cutthroats,CUTTHROAT,24220,6.38,2003-05-15,2003,1,1,
PANGUITCH L,Panguitch Lake,Southwest Garfield,,Garfield,Rainbows,RAINBOW,10558,5.1,2003-05-22,2003,1,4,
PANGUITCH L,Panguitch Lake,Southwest Garfield,,Garfield,Rainbows,RAINBOW,10558,5.1,2003-05-22,2003,2,4,
PANGUITCH L,Panguitch Lake,Southwest Garfield,,Garfield,Rainbows,RAINBOW,10558,5.1,2003-05-22,2003,3,4,
PANGUITCH L,Panguitch Lake,Southwest Garfield,,Garfield,Rainbows,RAINBOW,9568,5.36,2003-05-22,2003,1,3,
PANGUITCH L,Panguitch Lake,Southwest Garfield,,Garfield,Rainbows,RAINBOW,10558,5.1,2003-05-22,2003,4,4,
PANGUITCH L,Panguitch Lake,Southwest Garfield,,Garfield,Rainbows,RAINBOW,9568,5.36,2003-05-22,2003,2,3,
PANGUITCH L,Panguitch Lake,Southwest Garfield,,Garfield,Rainbows,RAINBOW,9621,5.36,2003-05-22,2003,1,1,
PANGUITCH L,Panguitch Lake,Southwest Garfield,,Garfield,Rainbows,RAINBOW,9568,5.36,2003-05-22,2003,3,3,
PANGUITCH L,Panguitch Lake,Southwest Garfield,,Garfield,Rainbows,RAINBOW,12150,4.97,2003-05-23,2003,1,4,
PANGUITCH L,Panguitch Lake,Southwest Garfield,,Garfield,Rainbows,RAINBOW,12150,4.97,2003-05-23,2003,2,4,
PANGUITCH L,Panguitch Lake,Southwest Garfield,,Garfield,Rainbows,RAINBOW,12150,4.97,2003-05-23,2003,3,4,
PANGUITCH L,Panguitch Lake,Southwest Garfield,,Garfield,Rainbows,RAINBOW,12150,4.97,2003-05-23,2003,4,4,
PANGUITCH L,Panguitch Lake,Southwest Garfield,,Garfield,Rainbows,RAINBOW,9594,4.94,2003-05-28,2003,1,1,
PANGUITCH L,Panguitch Lake,Southwest Garfield,,Garfield,Rainbows,RAINBOW,11260,4.94,2003-05-28,2003,1,1,
PANGUITCH L,Panguitch Lake,Southwest Garfield,,Garfield,Rainbows,RAINBOW,7456,5.8,2003-06-04,2003,1,4,
PANGUITCH L,Panguitch Lake,Southwest Garfield,,Garfield,Rainbows,RAINBOW,7456,5.8,2003-06-04,2003,2,4,
PANGUITCH L,Panguitch Lake,Southwest Garfield,,Garfield,Rainbows,RAINBOW,7456,5.8,2003-06-04,2003,3,4,
PANGUITCH L,Panguitch Lake,Southwest Garfield,,Garfield,Rainbows,RAINBOW,7456,5.8,2003-06-04,2003,4,4,
PANGUITCH L,Panguitch Lake,Southwest Garfield,,Garfield,Cutthroats,CUTTHROAT,80325,2.0,2003-09-15,2003,1,1,
PANGUITCH L,Panguitch Lake,Southwest Garfield,,Garfield,Rainbows,RAINBOW,3200,8.53,2004-05-04,2004,1,3,
PANGUITCH L,Panguitch Lake,Southwest Garfield,,Garfield,Rainbows,RAINBOW,3200,8.53,2004-05-04,2004,2,3,
PANGUITCH L,Panguitch Lake,Southwest Garfield,,Garfield,Rainbows,RAINBOW,3200,8.53,2004-05-04,2004,3,3,
PANGUITCH L,Panguitch Lake,Southwest Garfield,,Garfield,Rainbows,RAINBOW,3400,8.53,2004-05-04,2004,1,1,
PANGUITCH L,Panguitch Lake,Southwest Garfield,,Garfield,Rainbows,RAINBOW,3600,8.53,2004-05-05,2004,1,4,
PANGUITCH L,Panguitch Lake,Southwest Garfield,,Garfield,Rainbows,RAINBOW,3600,8.53,2004-05-05,2004,2,4,
PANGUITCH L,Panguitch Lake,Southwest Garfield,,Garfield,Rainbows,RAINBOW,3600,8.53,2004-05-05,2004,3,4,
PANGUITCH L,Panguitch Lake,Southwest Garfield,,Garfield,Rainbows,RAINBOW,3600,8.53,2004-05-05,2004,4,4,
PANGUITCH L,Panguitch Lake,Southwest Garfield,,Garfield,Rainbows,RAINBOW,3600,8.53,2004-05-06,2004,1,1,
PANGUITCH L,Panguitch Lake,Southwest Garfield,,Garfield,Rainbows,RAINBOW,2746,9.16,2004-05-06,2004,1,1,
PANGUITCH L,Panguitch Lake,Southwest Garfield,,Garfield,Rainbows,RAINBOW,2584,9.16,2004-05-06,2004,1,1,
PANGUITCH L,Panguitch Lake,Southwest Garfield,,Garfield,Rainbows,RAINBOW,2100,9.16,2004-05-06,2004,1,1,
PANGUITCH L,Panguitch Lake,Southwest Garfield,,Garfield,Rainbows,RAINBOW,600,8.53,2004-05-06,2004,1,1,
PANGUITCH L,Panguitch Lake,Southwest Garfield,,Garfield,Rainbows,RAINBOW,2746,9.16,2004-05-07,2004,1,4,
PANGUITCH L,Panguitch Lake,Southwest Garfield,,Garfield,Rainbows,RAINBOW,2746,9.16,2004-05-07,2004,2,4,
PANGUITCH L,Panguitch Lake,Southwest Garfield,,Garfield,Rainbows,RAINBOW,2746,9.16,2004-05-07,2004,3,4,
PANGUITCH L,Panguitch Lake,Southwest Garfield,,Garfield,Rainbows,RAINBOW,2746,9.16,2004-05-07,2004,4,4,
PANGUITCH L,Panguitch Lake,Southwest Garfield,,Garfield,Rainbows,RAINBOW,1457,10.29,2004-05-19,2004,1,1,
PANGUITCH L,Panguitch Lake,Southwest Garfield,,Garfield,Rainbows,RAINBOW,1515,10.29,2004-05-19,2004,1,3,
PANGUITCH L,Panguitch Lake,Southwest Garfield,,Garfield,Rainbows,RAINBOW,1515,10.29,2004-05-19,2004,2,3,
PANGUITCH L,Panguitch Lake,Southwest Garfield,,Garfield,Rainbows,RAINBOW,1515,10.29,2004-05-19,2004,3,3,
PANGUITCH L,Panguitch Lake,Southwest Garfield,,Garfield,Rainbows,RAINBOW,9774,5.2,2004-05-20,2004,1,7,
PANGUITCH L,Panguitch Lake,Southwest Garfield,,Garfield,Rainbows,RAINBOW,9774,5.2,2004-05-20,2004,2,7,
PANGUITCH L,Panguitch Lake,Southwest Garfield,,Garfield,Rainbows,RAINBOW,9774,5.2,2004-05-20,2004,3,7,
PANGUITCH L,Panguitch Lake,Southwest Garfield,,Garfield,Rainbows,RAINBOW,9952,5.2,2004-05-20,2004,1,1,
PANGUITCH L,Panguitch Lake,Southwest Garfield,,Garfield,Rainbows,RAINBOW,9774,5.2,2004-05-20,2004,4,7,
PANGUITCH L,Panguitch Lake,Southwest Garfield,,Garfield,Rainbows,RAINBOW,9774,5.2,2004-05-20,2004,5,7,
PANGUITCH L,Panguitch Lake,Southwest Garfield,,Garfield,Rainbows,RAINBOW,9774,5.2,2004-05-20,2004,6,7,
PANGUITCH L,Panguitch Lake,Southwest Garfield,,Garfield,Rainbows,RAINBOW,9774,5.2,2004-05-20,2004,7,7,
PANGUITCH L,Panguitch Lake,Southwest Garfield,,Garfield,Rainbows,RAINBOW,1501,9.88,2004-05-21,2004,1,1,
PANGUITCH L,Panguitch Lake,Southwest Garfield,,Garfield,Rainbows,RAINBOW,1875,9.28,2004-05-21,2004,1,4,
PANGUITCH L,Panguitch Lake,Southwest Garfield,,Garfield,Rainbows,RAINBOW,1875,9.28,2004-05-21,2004,2,4,
PANGUITCH L,Panguitch Lake,Southwest Garfield,,Garfield,Rainbows,RAINBOW,1875,9.28,2004-05-21,2004,3,4,
PANGUITCH L,Panguitch Lake,Southwest Garfield,,Garfield,Rainbows,RAINBOW,10690,5.0,2004-05-21,2004,1,1,
PANGUITCH L,Panguitch Lake,Southwest Garfield,,Garfield,Rainbows,RAINBOW,1875,9.28,2004-05-21,2004,4,4,
PANGUITCH L,Panguitch Lake,Southwest Garfield,,Garfield,Rainbows,RAINBOW,10016,5.16,2004-05-21,2004,1,4,
PANGUITCH L,Panguitch Lake,Southwest Garfield,,Garfield,Rainbows,RAINBOW,10016,5.16,2004-05-21,2004,2,4,
PANGUITCH L,Panguitch Lake,Southwest Garfield,,Garfield,Rainbows,RAINBOW,10016,5.16,2004-05-21,2004,3,4,
PANGUITCH L,Panguitch Lake,Southwest Garfield,,Garfield,Rainbows,RAINBOW,10016,5.16,2004-05-21,2004,4,4,
PANGUITCH L,Panguitch Lake,Southwest Garfield,,Garfield,Rainbows,RAINBOW,10989,5.0,2004-05-21,2004,1,1,
PANGUITCH L,Panguitch Lake,Southwest Garfield,,Garfield,Rainbows,RAINBOW,9990,5.0,2004-05-21,2004,1,1,
PANGUITCH L,Panguitch Lake,Southwest Garfield,,Garfield,Rainbows,RAINBOW,1500,9.56,2004-05-26,2004,1,1,
PANGUITCH L,Panguitch Lake,Southwest Garfield,,Garfield,Cutthroats,CUTTHROAT,20879,7.23,2004-06-04,2004,1,1,
PANGUITCH L,Panguitch Lake,Southwest Garfield,,Garfield,Rainbows,RAINBOW,1704,9.05,2004-06-16,2004,1,2,
PANGUITCH L,Panguitch Lake,Southwest Garfield,,Garfield,Rainbows,RAINBOW,1704,9.05,2004-06-16,2004,2,2,
PANGUITCH L,Panguitch Lake,Southwest Garfield,,Garfield,Rainbows,RAINBOW,1591,9.05,2004-06-16,2004,1,1,
PANGUITCH L,Panguitch Lake,Southwest Garfield,,Garfield,Rainbows,RAINBOW,1374,9.56,2004-07-02,2004,1,4,
PANGUITCH L,Panguitch Lake,Southwest Garfield,,Garfield,Rainbows,RAINBOW,1374,9.56,2004-07-02,2004,2,4,
PANGUITCH L,Panguitch Lake,Southwest Garfield,,Garfield,Rainbows,RAINBOW,1374,9.56,2004-07-02,2004,3,4,
PANGUITCH L,Panguitch Lake,Southwest Garfield,,Garfield,Rainbows,RAINBOW,1374,9.56,2004-07-02,2004,4,4,
PANGUITCH L,Panguitch Lake,Southwest Garfield,,Garfield,Tigers,TIGER TROUT,10000,3.32,2004-07-15,2004,1,2,
PANGUITCH L,Panguitch Lake,Southwest Garfield,,Garfield,Tigers,TIGER TROUT,10000,3.32,2004-07-15,2004,2,2,
PANGUITCH L,Panguitch Lake,Southwest Garfield,,Garfield,Cutthroats,CUTTHROAT,28012,3.04,2004-07-26,2004,1,2,
PANGUITCH L,Panguitch Lake,Southwest Garfield,,Garfield,Cutthroats,CUTTHROAT,24039,3.04,2004-07-26,2004,1,1,
PANGUITCH L,Panguitch Lake,Southwest Garfield,,Garfield,Cutthroats,CUTTHROAT,28012,3.04,2004-07-26,2004,2,2,
PANGUITCH L,Panguitch Lake,Southwest Garfield,,Garfield,Rainbows,RAINBOW,1583,10.96,2004-08-12,2004,1,1,
PANGUITCH L,Panguitch Lake,Southwest Garfield,,Garfield,Rainbows,RAINBOW,1980,10.49,2004-08-12,2004,1,1,
PANGUITCH L,Panguitch Lake,Southwest Garfield,,Garfield,Rainbows,RAINBOW,1757,10.96,2004-08-12,2004,1,1,
PANGUITCH L,Panguitch Lake,Southwest Garfield,,Garfield,Rainbows,RAINBOW,1760,10.49,2004-08-12,2004,1,1,
PANGUITCH L,Panguitch Lake,Southwest Garfield,,Garfield,Rainbows,RAINBOW,1750,9.02,2004-08-20,2004,1,1,
PANGUITCH L,Panguitch Lake,Southwest Garfield,,Garfield,Tigers,TIGER TROUT,7200,4.33,2004-08-20,2004,1,1,
PANGUITCH L,Panguitch Lake,Southwest Garfield,,Garfield,Rainbows,RAINBOW,2480,9.4,2004-09-07,2004,1,1,
PANGUITCH L,Panguitch Lake,Southwest Garfield,,Garfield,Rainbows,RAINBOW,2240,9.72,2004-09-14,2004,1,1,
PANGUITCH L,Panguitch Lake,Southwest Garfield,,Garfield,Rainbows,RAINBOW,1400,9.72,2004-09-14,2004,1,2,
PANGUITCH L,Panguitch Lake,Southwest Garfield,,Garfield,Rainbows,RAINBOW,1400,9.72,2004-09-14,2004,2,2,
PANGUITCH L,Panguitch Lake,Southwest Garfield,,Garfield,Rainbows,RAINBOW,1400,9.72,2004-09-15,2004,1,2,
PANGUITCH L,Panguitch Lake,Southwest Garfield,,Garfield,Rainbows,RAINBOW,1400,9.72,2004-09-15,2004,2,2,
PANGUITCH L,Panguitch Lake,Southwest Garfield,,Garfield,Cutthroats,CUTTHROAT,15161,7.05,2005-05-12,2005,1,1,
PANGUITCH L,Panguitch Lake,Southwest Garfield,,Garfield,Rainbows,RAINBOW,5160,7.81,2005-06-03,2005,1,2,
PANGUITCH L,Panguitch Lake,Southwest Garfield,,Garfield,Rainbows,RAINBOW,5220,7.81,2005-06-03,2005,1,2,
PANGUITCH L,Panguitch Lake,Southwest Garfield,,Garfield,Rainbows,RAINBOW,5220,7.81,2005-06-03,2005,2,2,
PANGUITCH L,Panguitch Lake,Southwest Garfield,,Garfield,Rainbows,RAINBOW,5160,7.81,2005-06-03,2005,2,2,
PANGUITCH L,Panguitch Lake,Southwest Garfield,,Garfield,Rainbows,RAINBOW,5100,7.81,2005-06-07,2005,1,2,
PANGUITCH L,Panguitch Lake,Southwest Garfield,,Garfield,Rainbows,RAINBOW,4920,7.81,2005-06-07,2005,1,2,
PANGUITCH L,Panguitch Lake,Southwest Garfield,,Garfield,Rainbows,RAINBOW,4920,7.81,2005-06-07,2005,2,2,
PANGUITCH L,Panguitch Lake,Southwest Garfield,,Garfield,Rainbows,RAINBOW,5100,7.81,2005-06-07,2005,2,2,
PANGUITCH L,Panguitch Lake,Southwest Garfield,,Garfield,Rainbows,RAINBOW,4410,7.81,2005-06-07,2005,1,1,
PANGUITCH L,Panguitch Lake,Southwest Garfield,,Garfield,Rainbows,RAINBOW,8906,5.55,2005-06-13,2005,1,1,
PANGUITCH L,Panguitch Lake,Southwest Garfield,,Garfield,Cutthroats,CUTTHROAT,45031,2.7,2005-07-27,2005,1,1,
PANGUITCH L,Panguitch Lake,Southwest Garfield,,Garfield,Cutthroats,CUTTHROAT,35090,2.73,2005-07-27,2005,1,1,
PANGUITCH L,Panguitch Lake,Southwest Garfield,,Garfield,Tigers,TIGER TROUT,10010,4.43,2005-08-22,2005,1,2,
PANGUITCH L,Panguitch Lake,Southwest Garfield,,Garfield,Tigers,TIGER TROUT,10010,4.43,2005-08-22,2005,2,2,
PANGUITCH L,Panguitch Lake,Southwest Garfield,,Garfield,Rainbows,RAINBOW,18032,7.15,2005-09-06,2005,1,1,
PANGUITCH L,Panguitch Lake,Southwest Garfield,,Garfield,Rainbows,RAINBOW,17052,7.28,2005-09-06,2005,1,1,
PANGUITCH L,Panguitch Lake,Southwest Garfield,,Garfield,Rainbows,RAINBOW,19289,7.01,2005-09-07,2005,1,1,
PANGUITCH L,Panguitch Lake,Southwest Garfield,,Garfield,Rainbows,RAINBOW,18312,7.11,2005-09-07,2005,1,1,
PANGUITCH L,Panguitch Lake,Southwest Garfield,,Garfield,Rainbows,RAINBOW,9744,7.28,2005-09-07,2005,1,1,
PANGUITCH L,Panguitch Lake,Southwest Garfield,,Garfield,Rainbows,RAINBOW,2954,9.03,2006-05-25,2006,1,1,
PANGUITCH L,Panguitch Lake,Southwest Garfield,,Garfield,Rainbows,RAINBOW,2083,9.88,2006-05-25,2006,1,4,
PANGUITCH L,Panguitch Lake,Southwest Garfield,,Garfield,Rainbows,RAINBOW,2083,9.88,2006-05-25,2006,2,4,
PANGUITCH L,Panguitch Lake,Southwest Garfield,,Garfield,Rainbows,RAINBOW,2083,9.88,2006-05-25,2006,3,4,
PANGUITCH L,Panguitch Lake,Southwest Garfield,,Garfield,Rainbows,RAINBOW,2922,9.03,2006-05-25,2006,1,2,
PANGUITCH L,Panguitch Lake,Southwest Garfield,,Garfield,Rainbows,RAINBOW,2889,9.03,2006-05-25,2006,1,1,
PANGUITCH L,Panguitch Lake,Southwest Garfield,,Garfield,Rainbows,RAINBOW,2922,9.03,2006-05-25,2006,2,2,
PANGUITCH L,Panguitch Lake,Southwest Garfield,,Garfield,Rainbows,RAINBOW,2083,9.88,2006-05-25,2006,4,4,
PANGUITCH L,Panguitch Lake,Southwest Garfield,,Garfield,Rainbows,RAINBOW,1461,11.0,2006-06-01,2006,1,1,
PANGUITCH L,Panguitch Lake,Southwest Garfield,,Garfield,Rainbows,RAINBOW,1429,11.0,2006-06-01,2006,1,2,
PANGUITCH L,Panguitch Lake,Southwest Garfield,,Garfield,Rainbows,RAINBOW,1476,11.0,2006-06-01,2006,1,1,
PANGUITCH L,Panguitch Lake,Southwest Garfield,,Garfield,Rainbows,RAINBOW,1429,11.0,2006-06-01,2006,2,2,
PANGUITCH L,Panguitch Lake,Southwest Garfield,,Garfield,Rainbows,RAINBOW,1476,10.85,2006-06-02,2006,1,3,
PANGUITCH L,Panguitch Lake,Southwest Garfield,,Garfield,Rainbows,RAINBOW,1526,10.85,2006-06-02,2006,1,1,
PANGUITCH L,Panguitch Lake,Southwest Garfield,,Garfield,Rainbows,RAINBOW,1476,10.85,2006-06-02,2006,2,3,
PANGUITCH L,Panguitch Lake,Southwest Garfield,,Garfield,Rainbows,RAINBOW,1476,10.85,2006-06-02,2006,3,3,
PANGUITCH L,Panguitch Lake,Southwest Garfield,,Garfield,Cutthroats,CUTTHROAT,20544,7.63,2006-06-05,2006,1,1,
PANGUITCH L,Panguitch Lake,Southwest Garfield,,Garfield,Rainbows,RAINBOW,13858,4.06,2006-06-05,2006,1,1,
PANGUITCH L,Panguitch Lake,Southwest Garfield,,Garfield,Rainbows,RAINBOW,1548,10.67,2006-06-05,2006,1,2,
PANGUITCH L,Panguitch Lake,Southwest Garfield,,Garfield,Rainbows,RAINBOW,1634,10.67,2006-06-05,2006,1,1,
PANGUITCH L,Panguitch Lake,Southwest Garfield,,Garfield,Rainbows,RAINBOW,13689,4.06,2006-06-05,2006,1,1,
PANGUITCH L,Panguitch Lake,Southwest Garfield,,Garfield,Rainbows,RAINBOW,1548,10.67,2006-06-05,2006,2,2,
PANGUITCH L,Panguitch Lake,Southwest Garfield,,Garfield,Rainbows,RAINBOW,1591,10.67,2006-06-05,2006,1,1,
PANGUITCH L,Panguitch Lake,Southwest Garfield,,Garfield,Rainbows,RAINBOW,15520,3.88,2006-06-06,2006,1,2,
PANGUITCH L,Panguitch Lake,Southwest Garfield,,Garfield,Rainbows,RAINBOW,15520,3.88,2006-06-06,2006,2,2,
PANGUITCH L,Panguitch Lake,Southwest Garfield,,Garfield,Cutthroats,CUTTHROAT,4477,7.79,2006-06-07,2006,1,1,
PANGUITCH L,Panguitch Lake,Southwest Garfield,,Garfield,Rainbows,RAINBOW,2160,9.54,2006-06-07,2006,1,4,
PANGUITCH L,Panguitch Lake,Southwest Garfield,,Garfield,Rainbows,RAINBOW,2160,9.54,2006-06-07,2006,2,4,
PANGUITCH L,Panguitch Lake,Southwest Garfield,,Garfield,Rainbows,RAINBOW,2160,9.54,2006-06-07,2006,3,4,
PANGUITCH L,Panguitch Lake,Southwest Garfield,,Garfield,Rainbows,RAINBOW,780,12.44,2006-06-07,2006,1,1,
PANGUITCH L,Panguitch Lake,Southwest Garfield,,Garfield,Rainbows,RAINBOW,2160,9.54,2006-06-07,2006,4,4,
PANGUITCH L,Panguitch Lake,Southwest Garfield,,Garfield,Rainbows,RAINBOW,20010,5.66,2006-06-07,2006,1,1,
PANGUITCH L,Panguitch Lake,Southwest Garfield,,Garfield,Rainbows,RAINBOW,1165,10.07,2006-06-08,2006,1,2,
PANGUITCH L,Panguitch Lake,Southwest Garfield,,Garfield,Rainbows,RAINBOW,20448,4.01,2006-06-08,2006,1,1,
PANGUITCH L,Panguitch Lake,Southwest Garfield,,Garfield,Rainbows,RAINBOW,1282,10.07,2006-06-08,2006,1,1,
PANGUITCH L,Panguitch Lake,Southwest Garfield,,Garfield,Rainbows,RAINBOW,1165,10.07,2006-06-08,2006,2,2,
PANGUITCH L,Panguitch Lake,Southwest Garfield,,Garfield,Rainbows,RAINBOW,1398,10.07,2006-06-08,2006,1,1,
PANGUITCH L,Panguitch Lake,Southwest Garfield,,Garfield,Rainbows,RAINBOW,263,16.37,2006-06-09,2006,1,1,
PANGUITCH L,Panguitch Lake,Southwest Garfield,,Garfield,Rainbows,RAINBOW,195,12.44,2006-06-09,2006,1,1,
PANGUITCH L,Panguitch Lake,Southwest Garfield,,Garfield,Rainbows,RAINBOW,200,16.37,2006-06-12,2006,1,1,
PANGUITCH L,Panguitch Lake,Southwest Garfield,,Garfield,Rainbows,RAINBOW,90028,2.6,2006-06-14,2006,1,1,
PANGUITCH L,Panguitch Lake,Southwest Garfield,,Garfield,Rainbows,RAINBOW,6390,5.57,2006-06-15,2006,1,1,
PANGUITCH L,Panguitch Lake,Southwest Garfield,,Garfield,Rainbows,RAINBOW,5973,5.57,2006-06-15,2006,1,3,
PANGUITCH L,Panguitch Lake,Southwest Garfield,,Garfield,Rainbows,RAINBOW,5973,5.57,2006-06-15,2006,2,3,
PANGUITCH L,Panguitch Lake,Southwest Garfield,,Garfield,Rainbows,RAINBOW,5973,5.57,2006-06-15,2006,3,3,
PANGUITCH L,Panguitch Lake,Southwest Garfield,,Garfield,Rainbows,RAINBOW,1288,10.04,2006-06-19,2006,1,3,
PANGUITCH L,Panguitch Lake,Southwest Garfield,,Garfield,Rainbows,RAINBOW,1288,10.04,2006-06-19,2006,2,3,
PANGUITCH L,Panguitch Lake,Southwest Garfield,,Garfield,Rainbows,RAINBOW,1288,10.04,2006-06-19,2006,3,3,
PANGUITCH L,Panguitch Lake,Southwest Garfield,,Garfield,Rainbows,RAINBOW,1309,10.04,2006-06-19,2006,1,1,
PANGUITCH L,Panguitch Lake,Southwest Garfield,,Garfield,Rainbows,RAINBOW,1266,9.96,2006-06-20,2006,1,3,
PANGUITCH L,Panguitch Lake,Southwest Garfield,,Garfield,Rainbows,RAINBOW,1266,9.96,2006-06-20,2006,2,3,
PANGUITCH L,Panguitch Lake,Southwest Garfield,,Garfield,Rainbows,RAINBOW,1266,9.96,2006-06-20,2006,3,3,
PANGUITCH L,Panguitch Lake,Southwest Garfield,,Garfield,Rainbows,RAINBOW,1224,9.96,2006-06-20,2006,1,1,
PANGUITCH L,Panguitch Lake,Southwest Garfield,,Garfield,Tigers,TIGER TROUT,20000,3.85,2006-07-12,2006,1,1,
PANGUITCH L,Panguitch Lake,Southwest Garfield,,Garfield,Cutthroats,CUTTHROAT,800,19.54,2006-08-21,2006,1,1,
PANGUITCH L,Panguitch Lake,Southwest Garfield,,Garfield,Cutthroats,CUTTHROAT,675,18.79,2006-08-22,2006,1,1,
PANGUITCH L,Panguitch Lake,Southwest Garfield,,Garfield,Rainbows,RAINBOW,1721,10.84,2006-09-07,2006,1,2,
PANGUITCH L,Panguitch Lake,Southwest Garfield,,Garfield,Rainbows,RAINBOW,1702,10.84,2006-09-07,2006,1,1,
PANGUITCH L,Panguitch Lake,Southwest Garfield,,Garfield,Rainbows,RAINBOW,1721,10.84,2006-09-07,2006,2,2,
PANGUITCH L,Panguitch Lake,Southwest Garfield,,Garfield,Rainbows,RAINBOW,1730,10.84,2006-09-07,2006,1,1,
PANGUITCH L,Panguitch Lake,Southwest Garfield,,Garfield,Cutthroats,CUTTHROAT,20052,2.95,2006-09-21,2006,1,3,
PANGUITCH L,Panguitch Lake,Southwest Garfield,,Garfield,Cutthroats,CUTTHROAT,20052,2.95,2006-09-21,2006,2,3,
PANGUITCH L,Panguitch Lake,Southwest Garfield,,Garfield,Cutthroats,CUTTHROAT,20052,2.95,2006-09-21,2006,3,3,
PANGUITCH L,Panguitch Lake,Southwest Garfield,,Garfield,Cutthroats,CUTTHROAT,22280,2.95,2006-09-21,2006,1,1,
PANGUITCH L,Panguitch Lake,Southwest Garfield,,Garfield,Cutthroats,CUTTHROAT,50000,3.03,2006-10-11,2006,1,1,
PANGUITCH L,Panguitch Lake,Southwest Garfield,,Garfield,Rainbows,RAINBOW,12503,4.78,2007-04-18,2007,1,3,
PANGUITCH L,Panguitch Lake,Southwest Garfield,,Garfield,Rainbows,RAINBOW,12503,4.78,2007-04-18,2007,2,3,
PANGUITCH L,Panguitch Lake,Southwest Garfield,,Garfield,Rainbows,RAINBOW,13064,4.82,2007-04-18,2007,1,1,
PANGUITCH L,Panguitch Lake,Southwest Garfield,,Garfield,Rainbows,RAINBOW,12503,4.78,2007-04-18,2007,3,3,
PANGUITCH L,Panguitch Lake,Southwest Garfield,,Garfield,Cutthroats,CUTTHROAT,18463,6.47,2007-05-03,2007,1,1,
PANGUITCH L,Panguitch Lake,Southwest Garfield,,Garfield,Rainbows,RAINBOW,18450,3.94,2007-05-08,2007,1,1,
PANGUITCH L,Panguitch Lake,Southwest Garfield,,Garfield,Rainbows,RAINBOW,2205,9.11,2007-05-17,2007,1,1,
PANGUITCH L,Panguitch Lake,Southwest Garfield,,Garfield,Rainbows,RAINBOW,4155,7.42,2007-05-17,2007,1,1,
PANGUITCH L,Panguitch Lake,Southwest Garfield,,Garfield,Rainbows,RAINBOW,2205,9.11,2007-05-18,2007,1,1,
PANGUITCH L,Panguitch Lake,Southwest Garfield,,Garfield,Rainbows,RAINBOW,2132,9.11,2007-05-18,2007,1,1,
PANGUITCH L,Panguitch Lake,Southwest Garfield,,Garfield,Rainbows,RAINBOW,1698,10.12,2007-06-05,2007,1,2,
PANGUITCH L,Panguitch Lake,Southwest Garfield,,Garfield,Rainbows,RAINBOW,1746,10.12,2007-06-05,2007,1,1,
PANGUITCH L,Panguitch Lake,Southwest Garfield,,Garfield,Rainbows,RAINBOW,1698,10.12,2007-06-05,2007,2,2,
PANGUITCH L,Panguitch Lake,Southwest Garfield,,Garfield,Rainbows,RAINBOW,54000,4.11,2007-06-07,2007,1,1,
PANGUITCH L,Panguitch Lake,Southwest Garfield,,Garfield,Rainbows,RAINBOW,14400,4.11,2007-06-08,2007,1,2,
PANGUITCH L,Panguitch Lake,Southwest Garfield,,Garfield,Rainbows,RAINBOW,14400,4.11,2007-06-08,2007,2,2,
PANGUITCH L,Panguitch Lake,Southwest Garfield,,Garfield,Cutthroats,CUTTHROAT,10644,2.06,2007-06-20,2007,1,1,
PANGUITCH L,Panguitch Lake,Southwest Garfield,,Garfield,Rainbows,RAINBOW,1550,3.46,2007-06-20,2007,1,1,
PANGUITCH L,Panguitch Lake,Southwest Garfield,,Garfield,Tigers,TIGER TROUT,20288,3.55,2007-06-29,2007,1,1,
PANGUITCH L,Panguitch Lake,Southwest Garfield,,Garfield,Cutthroats,CUTTHROAT,41454,2.82,2007-09-21,2007,1,2,
PANGUITCH L,Panguitch Lake,Southwest Garfield,,Garfield,Cutthroats,CUTTHROAT,41454,2.82,2007-09-21,2007,2,2,
PANGUITCH L,Panguitch Lake,Southwest Garfield,,Garfield,Rainbows,RAINBOW,5032,6.83,2007-10-16,2007,1,3,
PANGUITCH L,Panguitch Lake,Southwest Garfield,,Garfield,Rainbows,RAINBOW,5240,6.62,2007-10-16,2007,1,1,
PANGUITCH L,Panguitch Lake,Southwest Garfield,,Garfield,Rainbows,RAINBOW,4816,6.85,2007-10-16,2007,1,1,
PANGUITCH L,Panguitch Lake,Southwest Garfield,,Garfield,Rainbows,RAINBOW,4885,6.85,2007-10-16,2007,1,1,
PANGUITCH L,Panguitch Lake,Southwest Garfield,,Garfield,Rainbows,RAINBOW,5032,6.83,2007-10-16,2007,2,3,
PANGUITCH L,Panguitch Lake,Southwest Garfield,,Garfield,Rainbows,RAINBOW,5032,6.83,2007-10-16,2007,3,3,
PANGUITCH L,Panguitch Lake,Southwest Garfield,,Garfield,Rainbows,RAINBOW,8000,5.29,2007-10-18,2007,1,2,
PANGUITCH L,Panguitch Lake,Southwest Garfield,,Garfield,Rainbows,RAINBOW,10080,5.07,2007-10-18,2007,1,1,
PANGUITCH L,Panguitch Lake,Southwest Garfield,,Garfield,Rainbows,RAINBOW,2000,5.29,2007-10-18,2007,1,1,
PANGUITCH L,Panguitch Lake,Southwest Garfield,,Garfield,Rainbows,RAINBOW,8000,5.29,2007-10-18,2007,2,2,
PANGUITCH L,Panguitch Lake,Southwest Garfield,,Garfield,Cutthroats,CUTTHROAT,6461,7.08,2008-04-28,2008,1,1,
PANGUITCH L,Panguitch Lake,Southwest Garfield,,Garfield,Cutthroats,CUTTHROAT,6923,7.08,2008-04-28,2008,1,1,
PANGUITCH L,Panguitch Lake,Southwest Garfield,,Garfield,Cutthroats,CUTTHROAT,6921,7.16,2008-04-28,2008,1,1,
PANGUITCH L,Panguitch Lake,Southwest Garfield,,Garfield,Cutthroats,CUTTHROAT,7144,7.16,2008-04-28,2008,1,1,
PANGUITCH L,Panguitch Lake,Southwest Garfield,,Garfield,Cutthroats,CUTTHROAT,8234,7.04,2008-04-30,2008,1,1,
PANGUITCH L,Panguitch Lake,Southwest Garfield,,Garfield,Cutthroats,CUTTHROAT,7293,7.04,2008-04-30,2008,1,1,
PANGUITCH L,Panguitch Lake,Southwest Garfield,,Garfield,Rainbows,RAINBOW,35057,2.83,2008-05-08,2008,1,1,
PANGUITCH L,Panguitch Lake,Southwest Garfield,,Garfield,Rainbows,RAINBOW,40370,2.83,2008-05-08,2008,1,1,
PANGUITCH L,Panguitch Lake,Southwest Garfield,,Garfield,Rainbows,RAINBOW,25300,2.83,2008-05-09,2008,1,1,
PANGUITCH L,Panguitch Lake,Southwest Garfield,,Garfield,Rainbows,RAINBOW,6710,5.83,2008-05-14,2008,1,3,
PANGUITCH L,Panguitch Lake,Southwest Garfield,,Garfield,Rainbows,RAINBOW,6710,5.83,2008-05-14,2008,2,3,
PANGUITCH L,Panguitch Lake,Southwest Garfield,,Garfield,Rainbows,RAINBOW,6710,5.83,2008-05-14,2008,3,3,
PANGUITCH L,Panguitch Lake,Southwest Garfield,,Garfield,Rainbows,RAINBOW,3355,5.83,2008-05-14,2008,1,1,
PANGUITCH L,Panguitch Lake,Southwest Garfield,,Garfield,Rainbows,RAINBOW,4880,5.83,2008-05-14,2008,1,1,
PANGUITCH L,Panguitch Lake,Southwest Garfield,,Garfield,Rainbows,RAINBOW,7320,5.83,2008-05-14,2008,1,1,
PANGUITCH L,Panguitch Lake,Southwest Garfield,,Garfield,Rainbows,RAINBOW,6100,5.83,2008-05-14,2008,1,2,
PANGUITCH L,Panguitch Lake,Southwest Garfield,,Garfield,Rainbows,RAINBOW,6100,5.83,2008-05-14,2008,2,2,
PANGUITCH L,Panguitch Lake,Southwest Garfield,,Garfield,Tigers,TIGER TROUT,20022,3.87,2008-07-10,2008,1,1,
PANGUITCH L,Panguitch Lake,Southwest Garfield,,Garfield,Cutthroats,CUTTHROAT,21984,3.15,2008-09-11,2008,1,2,
PANGUITCH L,Panguitch Lake,Southwest Garfield,,Garfield,Cutthroats,CUTTHROAT,21984,3.15,2008-09-11,2008,2,2,
PANGUITCH L,Panguitch Lake,Southwest Garfield,,Garfield,Rainbows,RAINBOW,9590,5.67,2008-10-06,2008,1,5,
PANGUITCH L,Panguitch Lake,Southwest Garfield,,Garfield,Rainbows,RAINBOW,9590,5.67,2008-10-06,2008,2,5,
PANGUITCH L,Panguitch Lake,Southwest Garfield,,Garfield,Rainbows,RAINBOW,9590,5.67,2008-10-06,2008,3,5,
PANGUITCH L,Panguitch Lake,Southwest Garfield,,Garfield,Rainbows,RAINBOW,9590,5.67,2008-10-06,2008,4,5,
PANGUITCH L,Panguitch Lake,Southwest Garfield,,Garfield,Rainbows,RAINBOW,6302,5.67,2008-10-06,2008,1,1,
PANGUITCH L,Panguitch Lake,Southwest Garfield,,Garfield,Rainbows,RAINBOW,9590,5.67,2008-10-06,2008,5,5,
PANGUITCH L,Panguitch Lake,Southwest Garfield,,Garfield,Rainbows,RAINBOW,5691,4.52,2008-10-06,2008,1,1,
PANGUITCH L,Panguitch Lake,Southwest Garfield,,Garfield,Rainbows,RAINBOW,2392,5.14,2008-10-06,2008,1,1,
PANGUITCH L,Panguitch Lake,Southwest Garfield,,Garfield,Rainbows,RAINBOW,2208,6.48,2008-10-06,2008,1,1,
PANGUITCH L,Panguitch Lake,Southwest Garfield,,Garfield,Rainbows,RAINBOW,3184,5.01,2008-10-06,2008,1,1,
PANGUITCH L,Panguitch Lake,Southwest Garfield,,Garfield,Cutthroats,CUTTHROAT,8670,7.32,2009-05-04,2009,1,1,
PANGUITCH L,Panguitch Lake,Southwest Garfield,,Garfield,Cutthroats,CUTTHROAT,8690,7.32,2009-05-04,2009,1,1,
PANGUITCH L,Panguitch Lake,Southwest Garfield,,Garfield,Cutthroats,CUTTHROAT,8450,7.39,2009-05-04,2009,1,1,
PANGUITCH L,Panguitch Lake,Southwest Garfield,,Garfield,Cutthroats,CUTTHROAT,8860,7.27,2009-05-04,2009,1,1,
PANGUITCH L,Panguitch Lake,Southwest Garfield,,Garfield,Cutthroats,CUTTHROAT,4563,7.32,2009-05-06,2009,1,1,
PANGUITCH L,Panguitch Lake,Southwest Garfield,,Garfield,Rainbows,RAINBOW,10560,8.15,2009-05-06,2009,1,1,
PANGUITCH L,Panguitch Lake,Southwest Garfield,,Garfield,Rainbows,RAINBOW,14520,8.15,2009-05-07,2009,1,1,
PANGUITCH L,Panguitch Lake,Southwest Garfield,,Garfield,Tigers,TIGER TROUT,10005,3.45,2009-07-13,2009,1,2,
PANGUITCH L,Panguitch Lake,Southwest Garfield,,Garfield,Tigers,TIGER TROUT,10005,3.45,2009-07-13,2009,2,2,
PANGUITCH L,Panguitch Lake,Southwest Garfield,,Garfield,Rainbows,RAINBOW,6588,11.1,2009-07-27,2009,1,1,
PANGUITCH L,Panguitch Lake,Southwest Garfield,,Garfield,Rainbows,RAINBOW,1368,11.8,2009-08-03,2009,1,1,
PANGUITCH L,Panguitch Lake,Southwest Garfield,,Garfield,Rainbows,RAINBOW,24408,6.78,2009-09-21,2009,1,1,
PANGUITCH L,Panguitch Lake,Southwest Garfield,,Garfield,Rainbows,RAINBOW,26255,6.42,2009-09-21,2009,1,1,
PANGUITCH L,Panguitch Lake,Southwest Garfield,,Garfield,Rainbows,RAINBOW,17850,7.03,2009-09-28,2009,1,1,
PANGUITCH L,Panguitch Lake,Southwest Garfield,,Garfield,Rainbows,RAINBOW,19040,7.03,2009-09-28,2009,1,1,
PANGUITCH L,Panguitch Lake,Southwest Garfield,,Garfield,Rainbows,RAINBOW,19108,7.03,2009-09-29,2009,1,1,
PANGUITCH L,Panguitch Lake,Southwest Garfield,,Garfield,Rainbows,RAINBOW,19040,7.03,2009-09-29,2009,1,1,
PANGUITCH L,Panguitch Lake,Southwest Garfield,,Garfield,Rainbows,RAINBOW,3258,6.95,2010-05-10,2010,1,2,
PANGUITCH L,Panguitch Lake,Southwest Garfield,,Garfield,Rainbows,RAINBOW,3503,6.95,2010-05-10,2010,1,1,
PANGUITCH L,Panguitch Lake,Southwest Garfield,,Garfield,Rainbows,RAINBOW,3258,6.95,2010-05-10,2010,2,2,
PANGUITCH L,Panguitch Lake,Southwest Garfield,,Garfield,Rainbows,RAINBOW,9900,9.41,2010-05-10,2010,1,1,
PANGUITCH L,Panguitch Lake,Southwest Garfield,,Garfield,Cutthroats,CUTTHROAT,2098,7.22,2010-05-11,2010,1,1,
PANGUITCH L,Panguitch Lake,Southwest Garfield,,Garfield,Cutthroats,CUTTHROAT,6631,7.51,2010-05-11,2010,1,1,
PANGUITCH L,Panguitch Lake,Southwest Garfield,,Garfield,Cutthroats,CUTTHROAT,6519,7.51,2010-05-11,2010,1,1,
PANGUITCH L,Panguitch Lake,Southwest Garfield,,Garfield,Cutthroats,CUTTHROAT,485,7.51,2010-05-11,2010,1,1,
PANGUITCH L,Panguitch Lake,Southwest Garfield,,Garfield,Cutthroats,CUTTHROAT,4785,7.28,2010-05-11,2010,1,1,
PANGUITCH L,Panguitch Lake,Southwest Garfield,,Garfield,Cutthroats,CUTTHROAT,6293,7.22,2010-05-11,2010,1,2,
PANGUITCH L,Panguitch Lake,Southwest Garfield,,Garfield,Cutthroats,CUTTHROAT,4005,7.34,2010-05-11,2010,1,1,
PANGUITCH L,Panguitch Lake,Southwest Garfield,,Garfield,Cutthroats,CUTTHROAT,6008,7.34,2010-05-11,2010,1,1,
PANGUITCH L,Panguitch Lake,Southwest Garfield,,Garfield,Cutthroats,CUTTHROAT,6293,7.22,2010-05-11,2010,2,2,
PANGUITCH L,Panguitch Lake,Southwest Garfield,,Garfield,Rainbows,RAINBOW,9833,9.57,2010-05-11,2010,1,1,
PANGUITCH L,Panguitch Lake,Southwest Garfield,,Garfield,Rainbows,RAINBOW,10403,9.57,2010-05-12,2010,1,1,
PANGUITCH L,Panguitch Lake,Southwest Garfield,,Garfield,Rainbows,RAINBOW,10071,9.75,2010-05-15,2010,1,1,
PANGUITCH L,Panguitch Lake,Southwest Garfield,,Garfield,Tigers,TIGER TROUT,10032,4.1,2010-07-12,2010,1,2,
PANGUITCH L,Panguitch Lake,Southwest Garfield,,Garfield,Tigers,TIGER TROUT,10032,4.1,2010-07-12,2010,2,2,
PANGUITCH L,Panguitch Lake,Southwest Garfield,,Garfield,Rainbows,RAINBOW,10664,6.82,2010-09-27,2010,1,1,
PANGUITCH L,Panguitch Lake,Southwest Garfield,,Garfield,Rainbows,RAINBOW,5424,7.02,2010-09-27,2010,1,4,
PANGUITCH L,Panguitch Lake,Southwest Garfield,,Garfield,Rainbows,RAINBOW,5424,7.02,2010-09-27,2010,2,4,
PANGUITCH L,Panguitch Lake,Southwest Garfield,,Garfield,Rainbows,RAINBOW,5424,7.02,2010-09-27,2010,3,4,
PANGUITCH L,Panguitch Lake,Southwest Garfield,,Garfield,Rainbows,RAINBOW,5424,7.02,2010-09-27,2010,4,4,
PANGUITCH L,Panguitch Lake,Southwest Garfield,,Garfield,Rainbows,RAINBOW,4029,7.11,2010-09-28,2010,1,1,
PANGUITCH L,Panguitch Lake,Southwest Garfield,,Garfield,Rainbows,RAINBOW,4585,7.11,2010-09-28,2010,1,3,
PANGUITCH L,Panguitch Lake,Southwest Garfield,,Garfield,Rainbows,RAINBOW,4585,7.11,2010-09-28,2010,2,3,
PANGUITCH L,Panguitch Lake,Southwest Garfield,,Garfield,Rainbows,RAINBOW,4585,7.11,2010-09-28,2010,3,3,
PANGUITCH L,Panguitch Lake,Southwest Garfield,,Garfield,Rainbows,RAINBOW,52140,4.54,2010-11-08,2010,1,1,
PANGUITCH L,Panguitch Lake,Southwest Garfield,,Garfield,Rainbows,RAINBOW,3499,10.22,2011-05-04,2011,1,1,
PANGUITCH L,Panguitch Lake,Southwest Garfield,,Garfield,Rainbows,RAINBOW,3509,10.06,2011-05-04,2011,1,1,
PANGUITCH L,Panguitch Lake,Southwest Garfield,,Garfield,Rainbows,RAINBOW,3000,10.03,2011-05-11,2011,1,1,
PANGUITCH L,Panguitch Lake,Southwest Garfield,,Garfield,Cutthroats,CUTTHROAT,5760,7.31,2011-05-17,2011,1,2,
PANGUITCH L,Panguitch Lake,Southwest Garfield,,Garfield,Cutthroats,CUTTHROAT,5760,7.31,2011-05-17,2011,2,2,
PANGUITCH L,Panguitch Lake,Southwest Garfield,,Garfield,Cutthroats,CUTTHROAT,2151,7.31,2011-05-17,2011,1,1,
PANGUITCH L,Panguitch Lake,Southwest Garfield,,Garfield,Cutthroats,CUTTHROAT,2805,7.34,2011-05-17,2011,1,1,
PANGUITCH L,Panguitch Lake,Southwest Garfield,,Garfield,Cutthroats,CUTTHROAT,6064,7.34,2011-05-17,2011,1,1,
PANGUITCH L,Panguitch Lake,Southwest Garfield,,Garfield,Cutthroats,CUTTHROAT,5306,7.34,2011-05-17,2011,1,1,
PANGUITCH L,Panguitch Lake,Southwest Garfield,,Garfield,Cutthroats,CUTTHROAT,731,7.43,2011-05-17,2011,1,1,
PANGUITCH L,Panguitch Lake,Southwest Garfield,,Garfield,Cutthroats,CUTTHROAT,5848,7.43,2011-05-17,2011,1,2,
PANGUITCH L,Panguitch Lake,Southwest Garfield,,Garfield,Cutthroats,CUTTHROAT,5848,7.43,2011-05-17,2011,2,2,
PANGUITCH L,Panguitch Lake,Southwest Garfield,,Garfield,Tigers,TIGER TROUT,20001,3.64,2011-06-08,2011,1,1,
PANGUITCH L,Panguitch Lake,Southwest Garfield,,Garfield,Rainbows,RAINBOW,4998,7.26,2011-06-22,2011,1,4,
PANGUITCH L,Panguitch Lake,Southwest Garfield,,Garfield,Rainbows,RAINBOW,4998,7.26,2011-06-22,2011,2,4,
PANGUITCH L,Panguitch Lake,Southwest Garfield,,Garfield,Rainbows,RAINBOW,4998,7.26,2011-06-22,2011,3,4,
PANGUITCH L,Panguitch Lake,Southwest Garfield,,Garfield,Rainbows,RAINBOW,4998,7.26,2011-06-22,2011,4,4,
PANGUITCH L,Panguitch Lake,Southwest Garfield,,Garfield,Rainbows,RAINBOW,4998,7.26,2011-06-23,2011,1,4,
PANGUITCH L,Panguitch Lake,Southwest Garfield,,Garfield,Rainbows,RAINBOW,4998,7.26,2011-06-23,2011,2,4,
PANGUITCH L,Panguitch Lake,Southwest Garfield,,Garfield,Rainbows,RAINBOW,4998,7.26,2011-06-23,2011,3,4,
PANGUITCH L,Panguitch Lake,Southwest Garfield,,Garfield,Rainbows,RAINBOW,4998,7.26,2011-06-23,2011,4,4,
PANGUITCH L,Panguitch Lake,Southwest Garfield,,Garfield,Rainbows,RAINBOW,10096,7.14,2011-10-05,2011,1,1,
PANGUITCH L,Panguitch Lake,Southwest Garfield,,Garfield,Rainbows,RAINBOW,24736,7.11,2011-10-05,2011,1,1,
PANGUITCH L,Panguitch Lake,Southwest Garfield,,Garfield,Rainbows,RAINBOW,16154,7.14,2011-10-05,2011,1,1,
PANGUITCH L,Panguitch Lake,Southwest Garfield,,Garfield,Cutthroats,CUTTHROAT,3675,6.75,2012-05-08,2012,1,2,
PANGUITCH L,Panguitch Lake,Southwest Garfield,,Garfield,Cutthroats,CUTTHROAT,3675,6.75,2012-05-08,2012,2,2,
PANGUITCH L,Panguitch Lake,Southwest Garfield,,Garfield,Cutthroats,CUTTHROAT,7560,6.75,2012-05-08,2012,1,1,
PANGUITCH L,Panguitch Lake,Southwest Garfield,,Garfield,Cutthroats,CUTTHROAT,7029,6.88,2012-05-09,2012,1,1,
PANGUITCH L,Panguitch Lake,Southwest Garfield,,Garfield,Cutthroats,CUTTHROAT,3960,6.88,2012-05-09,2012,1,2,
PANGUITCH L,Panguitch Lake,Southwest Garfield,,Garfield,Cutthroats,CUTTHROAT,3960,6.88,2012-05-09,2012,2,2,
PANGUITCH L,Panguitch Lake,Southwest Garfield,,Garfield,Cutthroats,CUTTHROAT,3960,7.16,2012-05-10,2012,1,2,
PANGUITCH L,Panguitch Lake,Southwest Garfield,,Garfield,Cutthroats,CUTTHROAT,3960,7.16,2012-05-10,2012,2,2,
PANGUITCH L,Panguitch Lake,Southwest Garfield,,Garfield,Cutthroats,CUTTHROAT,3080,7.16,2012-05-10,2012,1,1,
PANGUITCH L,Panguitch Lake,Southwest Garfield,,Garfield,Rainbows,RAINBOW,4101,7.63,2012-05-14,2012,1,3,
PANGUITCH L,Panguitch Lake,Southwest Garfield,,Garfield,Rainbows,RAINBOW,4101,7.63,2012-05-14,2012,2,3,
PANGUITCH L,Panguitch Lake,Southwest Garfield,,Garfield,Rainbows,RAINBOW,4101,7.63,2012-05-14,2012,3,3,
PANGUITCH L,Panguitch Lake,Southwest Garfield,,Garfield,Rainbows,RAINBOW,4200,7.63,2012-05-14,2012,1,1,
PANGUITCH L,Panguitch Lake,Southwest Garfield,,Garfield,Rainbows,RAINBOW,3712,7.81,2012-05-14,2012,1,3,
PANGUITCH L,Panguitch Lake,Southwest Garfield,,Garfield,Rainbows,RAINBOW,3712,7.81,2012-05-14,2012,2,3,
PANGUITCH L,Panguitch Lake,Southwest Garfield,,Garfield,Rainbows,RAINBOW,3712,7.81,2012-05-14,2012,3,3,
PANGUITCH L,Panguitch Lake,Southwest Garfield,,Garfield,Rainbows,RAINBOW,2854,7.81,2012-05-14,2012,1,1,
PANGUITCH L,Panguitch Lake,Southwest Garfield,,Garfield,Rainbows,RAINBOW,988,7.65,2012-05-14,2012,1,1,
PANGUITCH L,Panguitch Lake,Southwest Garfield,,Garfield,Rainbows,RAINBOW,3422,7.76,2012-05-16,2012,1,1,
PANGUITCH L,Panguitch Lake,Southwest Garfield,,Garfield,Rainbows,RAINBOW,2832,7.76,2012-05-16,2012,1,3,
PANGUITCH L,Panguitch Lake,Southwest Garfield,,Garfield,Rainbows,RAINBOW,2832,7.76,2012-05-16,2012,2,3,
PANGUITCH L,Panguitch Lake,Southwest Garfield,,Garfield,Rainbows,RAINBOW,3847,7.76,2012-05-16,2012,1,1,
PANGUITCH L,Panguitch Lake,Southwest Garfield,,Garfield,Rainbows,RAINBOW,2832,7.76,2012-05-16,2012,3,3,
PANGUITCH L,Panguitch Lake,Southwest Garfield,,Garfield,Rainbows,RAINBOW,2809,7.76,2012-05-16,2012,1,1,
PANGUITCH L,Panguitch Lake,Southwest Garfield,,Garfield,Rainbows,RAINBOW,5015,9.05,2012-07-17,2012,1,1,
PANGUITCH L,Panguitch Lake,Southwest Garfield,,Garfield,Rainbows,RAINBOW,7479,9.05,2012-07-17,2012,1,1,
PANGUITCH L,Panguitch Lake,Southwest Garfield,,Garfield,Tigers,TIGER TROUT,20025,4.88,2012-07-17,2012,1,1,
PANGUITCH L,Panguitch Lake,Southwest Garfield,,Garfield,Rainbows,RAINBOW,22306,7.55,2012-09-12,2012,1,1,
PANGUITCH L,Panguitch Lake,Southwest Garfield,,Garfield,Rainbows,RAINBOW,10877,7.52,2012-09-12,2012,1,1,
PANGUITCH L,Panguitch Lake,Southwest Garfield,,Garfield,Rainbows,RAINBOW,18939,7.54,2012-09-13,2012,1,1,
PANGUITCH L,Panguitch Lake,Southwest Garfield,,Garfield,Cutthroats,CUTTHROAT,13260,7.78,2013-05-08,2013,1,1,
PANGUITCH L,Panguitch Lake,Southwest Garfield,,Garfield,Cutthroats,CUTTHROAT,6700,7.82,2013-05-14,2013,1,1,
PANGUITCH L,Panguitch Lake,Southwest Garfield,,Garfield,Cutthroats,CUTTHROAT,5360,7.82,2013-05-14,2013,1,1,
PANGUITCH L,Panguitch Lake,Southwest Garfield,,Garfield,Rainbows,RAINBOW,2365,7.96,2013-07-15,2013,1,1,
PANGUITCH L,Panguitch Lake,Southwest Garfield,,Garfield,Rainbows,RAINBOW,2838,7.96,2013-07-15,2013,1,1,
PANGUITCH L,Panguitch Lake,Southwest Garfield,,Garfield,Rainbows,RAINBOW,1703,7.96,2013-07-15,2013,1,1,
PANGUITCH L,Panguitch Lake,Southwest Garfield,,Garfield,Rainbows,RAINBOW,4940,7.22,2013-07-18,2013,1,2,
PANGUITCH L,Panguitch Lake,Southwest Garfield,,Garfield,Rainbows,RAINBOW,4940,7.22,2013-07-18,2013,2,2,
PANGUITCH L,Panguitch Lake,Southwest Garfield,,Garfield,Rainbows,RAINBOW,4940,7.22,2013-07-22,2013,1,2,
PANGUITCH L,Panguitch Lake,Southwest Garfield,,Garfield,Rainbows,RAINBOW,4940,7.22,2013-07-22,2013,2,2,
PANGUITCH L,Panguitch Lake,Southwest Garfield,,Garfield,Rainbows,RAINBOW,4560,6.9,2013-07-23,2013,1,4,
PANGUITCH L,Panguitch Lake,Southwest Garfield,,Garfield,Rainbows,RAINBOW,4560,6.9,2013-07-23,2013,2,4,
PANGUITCH L,Panguitch Lake,Southwest Garfield,,Garfield,Rainbows,RAINBOW,4560,6.9,2013-07-23,2013,3,4,
PANGUITCH L,Panguitch Lake,Southwest Garfield,,Garfield,Rainbows,RAINBOW,4560,6.9,2013-07-23,2013,4,4,
PANGUITCH L,Panguitch Lake,Southwest Garfield,,Garfield,Rainbows,RAINBOW,4560,6.9,2013-07-25,2013,1,4,
PANGUITCH L,Panguitch Lake,Southwest Garfield,,Garfield,Rainbows,RAINBOW,4560,6.9,2013-07-25,2013,2,4,
PANGUITCH L,Panguitch Lake,Southwest Garfield,,Garfield,Rainbows,RAINBOW,4560,6.9,2013-07-25,2013,3,4,
PANGUITCH L,Panguitch Lake,Southwest Garfield,,Garfield,Rainbows,RAINBOW,4560,6.9,2013-07-25,2013,4,4,
PANGUITCH L,Panguitch Lake,Southwest Garfield,,Garfield,Brookies,BROOK TROUT,8315,2.74,2013-07-29,2013,1,1,
PANGUITCH L,Panguitch Lake,Southwest Garfield,,Garfield,Rainbows,RAINBOW,3755,6.9,2013-08-05,2013,1,1,
PANGUITCH L,Panguitch Lake,Southwest Garfield,,Garfield,Brookies,BROOK TROUT,7489,2.79,2013-08-06,2013,1,1,
PANGUITCH L,Panguitch Lake,Southwest Garfield,,Garfield,Rainbows,RAINBOW,7350,7.09,2013-08-06,2013,1,1,
PANGUITCH L,Panguitch Lake,Southwest Garfield,,Garfield,Rainbows,RAINBOW,15109,6.89,2013-08-06,2013,1,1,
PANGUITCH L,Panguitch Lake,Southwest Garfield,,Garfield,Rainbows,RAINBOW,23180,6.89,2013-08-07,2013,1,1,
PANGUITCH L,Panguitch Lake,Southwest Garfield,,Garfield,Tigers,TIGER TROUT,14500,4.54,2013-08-14,2013,1,1,
PANGUITCH L,Panguitch Lake,Southwest Garfield,,Garfield,Rainbows,RAINBOW,16179,7.25,2013-08-27,2013,1,1,
PANGUITCH L,Panguitch Lake,Southwest Garfield,,Garfield,Rainbows,RAINBOW,4282,7.96,2014-03-17,2014,1,2,
PANGUITCH L,Panguitch Lake,Southwest Garfield,,Garfield,Rainbows,RAINBOW,4282,7.96,2014-03-17,2014,2,2,
PANGUITCH L,Panguitch Lake,Southwest Garfield,,Garfield,Rainbows,RAINBOW,17216,7.88,2014-03-19,2014,1,2,
PANGUITCH L,Panguitch Lake,Southwest Garfield,,Garfield,Rainbows,RAINBOW,17216,7.88,2014-03-19,2014,2,2,
PANGUITCH L,Panguitch Lake,Southwest Garfield,,Garfield,Rainbows,RAINBOW,17032,7.88,2014-03-20,2014,1,1,
PANGUITCH L,Panguitch Lake,Southwest Garfield,,Garfield,Cutthroats,CUTTHROAT,3952,8.19,2014-04-14,2014,1,1,
PANGUITCH L,Panguitch Lake,Southwest Garfield,,Garfield,Cutthroats,CUTTHROAT,25120,7.15,2014-05-12,2014,1,1,
PANGUITCH L,Panguitch Lake,Southwest Garfield,,Garfield,Tigers,TIGER TROUT,20130,3.49,2014-05-14,2014,1,1,
PANGUITCH L,Panguitch Lake,Southwest Garfield,,Garfield,Rainbows,RAINBOW,16660,8.05,2014-10-03,2014,1,1,
PANGUITCH L,Panguitch Lake,Southwest Garfield,,Garfield,Rainbows,RAINBOW,16660,8.05,2014-10-07,2014,1,1,
PANGUITCH L,Panguitch Lake,Southwest Garfield,,Garfield,Rainbows,RAINBOW,11760,8.05,2014-10-07,2014,1,1,
PANGUITCH L,Panguitch Lake,Southwest Garfield,,Garfield,Rainbows,RAINBOW,11760,8.05,2014-10-08,2014,1,1,
PANGUITCH L,Panguitch Lake,Southwest Garfield,,Garfield,Rainbows,RAINBOW,3173,12.13,2014-10-28,2014,1,1,
PANGUITCH L,Panguitch Lake,Southwest Garfield,,Garfield,Rainbows,RAINBOW,6050,4.81,2014-11-10,2014,1,1,
PANGUITCH L,Panguitch Lake,Southwest Garfield,,Garfield,Rainbows,RAINBOW,3592,8.31,2015-04-14,2015,1,2,
PANGUITCH L,Panguitch Lake,Southwest Garfield,,Garfield,Rainbows,RAINBOW,3592,8.31,2015-04-14,2015,2,2,
PANGUITCH L,Panguitch Lake,Southwest Garfield,,Garfield,Rainbows,RAINBOW,3640,8.27,2015-04-14,2015,1,2,
PANGUITCH L,Panguitch Lake,Southwest Garfield,,Garfield,Rainbows,RAINBOW,3640,8.27,2015-04-14,2015,2,2,
PANGUITCH L,Panguitch Lake,Southwest Garfield,,Garfield,Rainbows,RAINBOW,4428,7.65,2015-04-16,2015,1,4,
PANGUITCH L,Panguitch Lake,Southwest Garfield,,Garfield,Rainbows,RAINBOW,3767,8.09,2015-04-16,2015,1,2,
PANGUITCH L,Panguitch Lake,Southwest Garfield,,Garfield,Rainbows,RAINBOW,3767,8.09,2015-04-16,2015,2,2,
PANGUITCH L,Panguitch Lake,Southwest Garfield,,Garfield,Rainbows,RAINBOW,4428,7.65,2015-04-16,2015,2,4,
PANGUITCH L,Panguitch Lake,Southwest Garfield,,Garfield,Rainbows,RAINBOW,4428,7.65,2015-04-16,2015,3,4,
PANGUITCH L,Panguitch Lake,Southwest Garfield,,Garfield,Rainbows,RAINBOW,4428,7.65,2015-04-16,2015,4,4,
PANGUITCH L,Panguitch Lake,Southwest Garfield,,Garfield,Rainbows,RAINBOW,3367,8.12,2015-04-24,2015,1,2,
PANGUITCH L,Panguitch Lake,Southwest Garfield,,Garfield,Rainbows,RAINBOW,3367,8.12,2015-04-24,2015,2,2,
PANGUITCH L,Panguitch Lake,Southwest Garfield,,Garfield,Cutthroats,CUTTHROAT,24344,8.39,2015-04-30,2015,1,1,
PANGUITCH L,Panguitch Lake,Southwest Garfield,,Garfield,Rainbows,RAINBOW,3389,7.71,2015-04-30,2015,1,4,
PANGUITCH L,Panguitch Lake,Southwest Garfield,,Garfield,Rainbows,RAINBOW,3389,7.71,2015-04-30,2015,2,4,
PANGUITCH L,Panguitch Lake,Southwest Garfield,,Garfield,Rainbows,RAINBOW,3389,7.71,2015-04-30,2015,3,4,
PANGUITCH L,Panguitch Lake,Southwest Garfield,,Garfield,Rainbows,RAINBOW,3389,7.71,2015-04-30,2015,4,4,
PANGUITCH L,Panguitch Lake,Southwest Garfield,,Garfield,Tigers,TIGER TROUT,20160,5.29,2015-08-25,2015,1,1,
PANGUITCH L,Panguitch Lake,Southwest Garfield,,Garfield,Rainbows,RAINBOW,13240,8.25,2015-11-02,2015,1,1,
PANGUITCH L,Panguitch Lake,Southwest Garfield,,Garfield,Rainbows,RAINBOW,13600,8.25,2015-11-03,2015,1,1,
PANGUITCH L,Panguitch Lake,Southwest Garfield,,Garfield,Rainbows,RAINBOW,7000,8.25,2015-11-04,2015,1,1,
PANGUITCH L,Panguitch Lake,Southwest Garfield,,Garfield,Rainbows,RAINBOW,6815,7.89,2015-11-04,2015,1,1,
PANGUITCH L,Panguitch Lake,Southwest Garfield,,Garfield,Rainbows,RAINBOW,12800,8.25,2015-11-05,2015,1,1,
PANGUITCH L,Panguitch Lake,Southwest Garfield,,Garfield,Rainbows,RAINBOW,6560,8.25,2015-11-10,2015,1,1,
PANGUITCH L,Panguitch Lake,Southwest Garfield,,Garfield,Rainbows,RAINBOW,5304,7.3,2016-05-03,2016,1,2,
PANGUITCH L,Panguitch Lake,Southwest Garfield,,Garfield,Rainbows,RAINBOW,5304,7.3,2016-05-03,2016,2,2,
PANGUITCH L,Panguitch Lake,Southwest Garfield,,Garfield,Rainbows,RAINBOW,5304,7.3,2016-05-04,2016,1,2,
PANGUITCH L,Panguitch Lake,Southwest Garfield,,Garfield,Rainbows,RAINBOW,5304,7.3,2016-05-04,2016,2,2,
PANGUITCH L,Panguitch Lake,Southwest Garfield,,Garfield,Cutthroats,CUTTHROAT,22369,8.2,2016-05-05,2016,1,1,
PANGUITCH L,Panguitch Lake,Southwest Garfield,,Garfield,Rainbows,RAINBOW,4517,7.49,2016-05-05,2016,1,4,
PANGUITCH L,Panguitch Lake,Southwest Garfield,,Garfield,Rainbows,RAINBOW,4517,7.49,2016-05-05,2016,2,4,
PANGUITCH L,Panguitch Lake,Southwest Garfield,,Garfield,Rainbows,RAINBOW,4517,7.49,2016-05-05,2016,3,4,
PANGUITCH L,Panguitch Lake,Southwest Garfield,,Garfield,Rainbows,RAINBOW,4517,7.49,2016-05-05,2016,4,4,
PANGUITCH L,Panguitch Lake,Southwest Garfield,,Garfield,Rainbows,RAINBOW,4212,7.16,2016-05-06,2016,1,1,
PANGUITCH L,Panguitch Lake,Southwest Garfield,,Garfield,Rainbows,RAINBOW,4236,7.15,2016-05-06,2016,1,1,
PANGUITCH L,Panguitch Lake,Southwest Garfield,,Garfield,Rainbows,RAINBOW,4284,7.49,2016-05-06,2016,1,2,
PANGUITCH L,Panguitch Lake,Southwest Garfield,,Garfield,Rainbows,RAINBOW,4284,7.49,2016-05-06,2016,2,2,
PANGUITCH L,Panguitch Lake,Southwest Garfield,,Garfield,Cutthroats,CUTTHROAT,2583,7.94,2016-05-23,2016,1,1,
PANGUITCH L,Panguitch Lake,Southwest Garfield,,Garfield,Tigers,TIGER TROUT,10050,4.45,2016-07-20,2016,1,1,
PANGUITCH L,Panguitch Lake,Southwest Garfield,,Garfield,Tigers,TIGER TROUT,9990,4.45,2016-07-20,2016,1,1,
PANGUITCH L,Panguitch Lake,Southwest Garfield,,Garfield,Rainbows,RAINBOW,1134,10.83,2016-08-10,2016,1,1,
PANGUITCH L,Panguitch Lake,Southwest Garfield,,Garfield,Rainbows,RAINBOW,3906,10.83,2016-08-10,2016,1,1,
PANGUITCH L,Panguitch Lake,Southwest Garfield,,Garfield,Rainbows,RAINBOW,2000,11.26,2016-08-29,2016,1,1,
PANGUITCH L,Panguitch Lake,Southwest Garfield,,Garfield,Rainbows,RAINBOW,2000,11.26,2016-08-31,2016,1,1,
PANGUITCH L,Panguitch Lake,Southwest Garfield,,Garfield,Rainbows,RAINBOW,13692,8.35,2016-10-25,2016,1,1,
PANGUITCH L,Panguitch Lake,Southwest Garfield,,Garfield,Rainbows,RAINBOW,3570,8.35,2016-10-26,2016,1,1,
PANGUITCH L,Panguitch Lake,Southwest Garfield,,Garfield,Rainbows,RAINBOW,13608,8.35,2016-10-26,2016,1,1,
PANGUITCH L,Panguitch Lake,Southwest Garfield,,Garfield,Rainbows,RAINBOW,12800,8.49,2016-11-03,2016,1,1,
PANGUITCH L,Panguitch Lake,Southwest Garfield,,Garfield,Rainbows,RAINBOW,13600,8.49,2016-11-04,2016,1,1,
PANGUITCH L,Panguitch Lake,Southwest Garfield,,Garfield,Rainbows,RAINBOW,3200,8.49,2016-11-04,2016,1,1,
PANGUITCH L,Panguitch Lake,Southwest Garfield,,Garfield,Rainbows,RAINBOW,3480,8.49,2016-11-07,2016,1,1,
PANGUITCH L,Panguitch Lake,Southwest Garfield,,Garfield,Cutthroats,CUTTHROAT,25000,8.24,2017-04-11,2017,1,1,
PANGUITCH L,Panguitch Lake,Southwest Garfield,,Garfield,Tigers,TIGER TROUT,19996,3.55,2017-04-25,2017,1,1,
PANGUITCH L,Panguitch Lake,Southwest Garfield,,Garfield,Rainbows,RAINBOW,1750,10.43,2017-07-21,2017,1,1,
PANGUITCH L,Panguitch Lake,Southwest Garfield,,Garfield,Rainbows,RAINBOW,45344,7.07,2017-10-16,2017,1,1,
PANGUITCH L,Panguitch Lake,Southwest Garfield,,Garfield,Rainbows,RAINBOW,18784,7.52,2017-10-17,2017,1,1,
PANGUITCH L,Panguitch Lake,Southwest Garfield,,Garfield,Rainbows,RAINBOW,60341,6.07,2017-10-18,2017,1,1,
PANGUITCH L,Panguitch Lake,Southwest Garfield,,Garfield,Cutthroats,CUTTHROAT,24990,7.0,2018-04-04,2018,1,1,
PANGUITCH L,Panguitch Lake,Southwest Garfield,,Garfield,Rainbows,RAINBOW,2509,10.15,2018-04-17,2018,1,1,
PANGUITCH L,Panguitch Lake,Southwest Garfield,,Garfield,Brookies,BROOK TROUT,6690,2.24,2018-05-09,2018,1,1,
PANGUITCH L,Panguitch Lake,Southwest Garfield,,Garfield,Tigers,TIGER TROUT,8265,2.09,2018-05-09,2018,1,1,
PANGUITCH L,Panguitch Lake,Southwest Garfield,,Garfield,Cutthroats,CUTTHROAT,5001,7.22,2018-05-14,2018,1,1,
PANGUITCH L,Panguitch Lake,Southwest Garfield,,Garfield,Rainbows,RAINBOW,29064,8.31,2018-05-24,2018,1,1,
PANGUITCH L,Panguitch Lake,Southwest Garfield,,Garfield,Rainbows,RAINBOW,792,8.73,2018-06-11,2018,1,1,
PANGUITCH L,Panguitch Lake,Southwest Garfield,,Garfield,Rainbows,RAINBOW,5813,9.79,2018-06-11,2018,1,1,
PANGUITCH L,Panguitch Lake,Southwest Garfield,,Garfield,Rainbows,RAINBOW,6375,9.79,2018-06-12,2018,1,1,
PANGUITCH L,Panguitch Lake,Southwest Garfield,,Garfield,Rainbows,RAINBOW,2813,9.79,2018-06-14,2018,1,1,
PANGUITCH L,Panguitch Lake,Southwest Garfield,,Garfield,Rainbows,RAINBOW,1648,10.67,2018-06-28,2018,1,1,
PANGUITCH L,Panguitch Lake,Southwest Garfield,,Garfield,Tigers,TIGER TROUT,19353,2.86,2018-07-16,2018,1,1,
PANGUITCH L,Panguitch Lake,Southwest Garfield,,Garfield,Rainbows,RAINBOW,29525,6.97,2018-10-15,2018,1,1,
PANGUITCH L,Panguitch Lake,Southwest Garfield,,Garfield,Rainbows,RAINBOW,11820,7.02,2018-10-15,2018,1,1,
PANGUITCH L,Panguitch Lake,Southwest Garfield,,Garfield,Rainbows,RAINBOW,9968,7.02,2018-10-17,2018,1,1,
PANGUITCH L,Panguitch Lake,Southwest Garfield,,Garfield,Rainbows,RAINBOW,24320,8.26,2018-10-25,2018,1,1,
PANGUITCH L,Panguitch Lake,Southwest Garfield,,Garfield,Rainbows,RAINBOW,24320,8.26,2018-10-26,2018,1,1,
PANGUITCH L,Panguitch Lake,Southwest Garfield,,Garfield,Rainbows,RAINBOW,16625,8.26,2018-10-29,2018,1,1,
PANGUITCH L,Panguitch Lake,Southwest Garfield,,Garfield,Tigers,TIGER TROUT,10005,7.0,2018-10-29,2018,1,1,
PANGUITCH L,Panguitch Lake,Southwest Garfield,,Garfield,Rainbows,RAINBOW,52,20.27,2018-11-29,2018,1,1,
PANGUITCH L,Panguitch Lake,Southwest Garfield,,Garfield,Rainbows,RAINBOW,70,12.13,2018-11-29,2018,1,1,
PANGUITCH L,Panguitch Lake,Southwest Garfield,,Garfield,Rainbows,RAINBOW,20480,9.21,2019-05-07,2019,1,1,
PANGUITCH L,Panguitch Lake,Southwest Garfield,,Garfield,Rainbows,RAINBOW,8960,9.63,2019-05-07,2019,1,1,
PANGUITCH L,Panguitch Lake,Southwest Garfield,,Garfield,Rainbows,RAINBOW,17920,9.63,2019-05-08,2019,1,1,
PANGUITCH L,Panguitch Lake,Southwest Garfield,,Garfield,Rainbows,RAINBOW,11392,8.89,2019-05-08,2019,1,1,
PANGUITCH L,Panguitch Lake,Southwest Garfield,,Garfield,Cutthroats,CUTTHROAT,26445,6.05,2019-05-09,2019,1,1,
PANGUITCH L,Panguitch Lake,Southwest Garfield,,Garfield,Tigers,TIGER TROUT,17010,2.81,2019-06-26,2019,1,1,
PANGUITCH L,Panguitch Lake,Southwest Garfield,,Garfield,Brookies,BROOK TROUT,3787,3.96,2019-09-04,2019,1,1,
PANGUITCH L,Panguitch Lake,Southwest Garfield,,Garfield,Rainbows,RAINBOW,24948,8.27,2019-10-21,2019,1,1,
PANGUITCH L,Panguitch Lake,Southwest Garfield,,Garfield,Rainbows,RAINBOW,25389,8.27,2019-10-22,2019,1,1,
PANGUITCH L,Panguitch Lake,Southwest Garfield,,Garfield,Rainbows,RAINBOW,11466,8.27,2019-10-23,2019,1,1,
PANGUITCH L,Panguitch Lake,Southwest Garfield,,Garfield,Rainbows,RAINBOW,36,13.33,2019-12-11,2019,1,1,
PANGUITCH L,Panguitch Lake,Southwest Garfield,,Garfield,Cutthroats,CUTTHROAT,16950,8.6,2020-04-13,2020,1,1,
PANGUITCH L,Panguitch Lake,Southwest Garfield,,Garfield,Cutthroats,CUTTHROAT,10440,8.53,2020-04-13,2020,1,1,
PANGUITCH L,Panguitch Lake,Southwest Garfield,,Garfield,Rainbows,RAINBOW,17547,9.07,2020-04-20,2020,1,1,
PANGUITCH L,Panguitch Lake,Southwest Garfield,,Garfield,Rainbows,RAINBOW,21167,8.93,2020-04-21,2020,1,1,
PANGUITCH L,Panguitch Lake,Southwest Garfield,,Garfield,Rainbows,RAINBOW,21286,8.89,2020-04-22,2020,1,1,
PANGUITCH L,Panguitch Lake,Southwest Garfield,,Garfield,Tigers,TIGER TROUT,20106,2.3,2020-05-14,2020,1,1,
PANGUITCH L,Panguitch Lake,Southwest Garfield,,Garfield,Rainbows,RAINBOW,3096,8.74,2020-10-19,2020,1,1,
PANGUITCH L,Panguitch Lake,Southwest Garfield,,Garfield,Rainbows,RAINBOW,2880,8.74,2020-10-19,2020,1,6,
PANGUITCH L,Panguitch Lake,Southwest Garfield,,Garfield,Rainbows,RAINBOW,2880,8.74,2020-10-19,2020,2,6,
PANGUITCH L,Panguitch Lake,Southwest Garfield,,Garfield,Rainbows,RAINBOW,2880,8.74,2020-10-19,2020,3,6,
PANGUITCH L,Panguitch Lake,Southwest Garfield,,Garfield,Rainbows,RAINBOW,2934,8.74,2020-10-19,2020,1,1,
PANGUITCH L,Panguitch Lake,Southwest Garfield,,Garfield,Rainbows,RAINBOW,2880,8.74,2020-10-19,2020,4,6,
PANGUITCH L,Panguitch Lake,Southwest Garfield,,Garfield,Rainbows,RAINBOW,2880,8.74,2020-10-19,2020,5,6,
PANGUITCH L,Panguitch Lake,Southwest Garfield,,Garfield,Rainbows,RAINBOW,2880,8.74,2020-10-19,2020,6,6,
PANGUITCH L,Panguitch Lake,Southwest Garfield,,Garfield,Rainbows,RAINBOW,2898,8.74,2020-10-20,2020,1,1,
PANGUITCH L,Panguitch Lake,Southwest Garfield,,Garfield,Rainbows,RAINBOW,2916,8.74,2020-10-20,2020,1,1,
PANGUITCH L,Panguitch Lake,Southwest Garfield,,Garfield,Rainbows,RAINBOW,2880,8.74,2020-10-20,2020,1,4,
PANGUITCH L,Panguitch Lake,Southwest Garfield,,Garfield,Rainbows,RAINBOW,2880,8.74,2020-10-20,2020,2,4,
PANGUITCH L,Panguitch Lake,Southwest Garfield,,Garfield,Rainbows,RAINBOW,2952,8.74,2020-10-20,2020,1,1,
PANGUITCH L,Panguitch Lake,Southwest Garfield,,Garfield,Rainbows,RAINBOW,2880,8.74,2020-10-20,2020,3,4,
PANGUITCH L,Panguitch Lake,Southwest Garfield,,Garfield,Rainbows,RAINBOW,3006,8.74,2020-10-20,2020,1,1,
PANGUITCH L,Panguitch Lake,Southwest Garfield,,Garfield,Rainbows,RAINBOW,2880,8.74,2020-10-20,2020,4,4,
PANGUITCH L,Panguitch Lake,Southwest Garfield,,Garfield,Rainbows,RAINBOW,1620,8.74,2020-10-21,2020,1,1,
PANGUITCH L,Panguitch Lake,Southwest Garfield,,Garfield,Rainbows,RAINBOW,2916,8.74,2020-10-21,2020,1,1,
PANGUITCH L,Panguitch Lake,Southwest Garfield,,Garfield,Rainbows,RAINBOW,2880,8.74,2020-10-21,2020,1,4,
PANGUITCH L,Panguitch Lake,Southwest Garfield,,Garfield,Rainbows,RAINBOW,2880,8.74,2020-10-21,2020,2,4,
PANGUITCH L,Panguitch Lake,Southwest Garfield,,Garfield,Rainbows,RAINBOW,2880,8.74,2020-10-21,2020,3,4,
PANGUITCH L,Panguitch Lake,Southwest Garfield,,Garfield,Rainbows,RAINBOW,2880,8.74,2020-10-21,2020,4,4,
PANGUITCH L,Panguitch Lake,Southwest Garfield,,Garfield,Cutthroats,CUTTHROAT,6213,8.62,2021-05-04,2021,1,1,
PANGUITCH L,Panguitch Lake,Southwest Garfield,,Garfield,Cutthroats,CUTTHROAT,6649,8.62,2021-05-05,2021,1,1,
PANGUITCH L,Panguitch Lake,Southwest Garfield,,Garfield,Cutthroats,CUTTHROAT,6540,8.62,2021-05-05,2021,1,1,
PANGUITCH L,Panguitch Lake,Southwest Garfield,,Garfield,Rainbows,RAINBOW,44557,7.13,2021-05-05,2021,1,1,
PANGUITCH L,Panguitch Lake,Southwest Garfield,,Garfield,Rainbows,RAINBOW,20096,7.36,2021-05-05,2021,1,1,
PANGUITCH L,Panguitch Lake,Southwest Garfield,,Garfield,Cutthroats,CUTTHROAT,6213,8.62,2021-05-06,2021,1,1,
PANGUITCH L,Panguitch Lake,Southwest Garfield,,Garfield,Tigers,TIGER TROUT,15000,3.29,2021-06-01,2021,1,1,
PANGUITCH L,Panguitch Lake,Southwest Garfield,,Garfield,Cutthroats,CUTTHROAT,625,10.38,2021-06-16,2021,1,1,
PANGUITCH L,Panguitch Lake,Southwest Garfield,,Garfield,Rainbows,RAINBOW,8705,3.2,2021-06-18,2021,1,1,
PANGUITCH L,Panguitch Lake,Southwest Garfield,,Garfield,Tigers,TIGER TROUT,11010,2.64,2021-06-18,2021,1,1,
PANGUITCH L,Panguitch Lake,Southwest Garfield,,Garfield,Brookies,BROOK TROUT,5100,3.22,2021-07-26,2021,1,1,
PANGUITCH L,Panguitch Lake,Southwest Garfield,,Garfield,Rainbows,RAINBOW,2944,8.79,2021-10-13,2021,1,8,
PANGUITCH L,Panguitch Lake,Southwest Garfield,,Garfield,Rainbows,RAINBOW,2944,8.79,2021-10-13,2021,2,8,
PANGUITCH L,Panguitch Lake,Southwest Garfield,,Garfield,Rainbows,RAINBOW,2944,8.79,2021-10-13,2021,3,8,
PANGUITCH L,Panguitch Lake,Southwest Garfield,,Garfield,Rainbows,RAINBOW,2944,8.79,2021-10-13,2021,4,8,
PANGUITCH L,Panguitch Lake,Southwest Garfield,,Garfield,Rainbows,RAINBOW,2944,8.79,2021-10-13,2021,5,8,
PANGUITCH L,Panguitch Lake,Southwest Garfield,,Garfield,Rainbows,RAINBOW,2944,8.79,2021-10-13,2021,6,8,
PANGUITCH L,Panguitch Lake,Southwest Garfield,,Garfield,Rainbows,RAINBOW,2944,8.79,2021-10-13,2021,7,8,
PANGUITCH L,Panguitch Lake,Southwest Garfield,,Garfield,Rainbows,RAINBOW,2944,8.79,2021-10-13,2021,8,8,
PANGUITCH L,Panguitch Lake,Southwest Garfield,,Garfield,Rainbows,RAINBOW,2944,8.79,2021-10-14,2021,1,7,
PANGUITCH L,Panguitch Lake,Southwest Garfield,,Garfield,Rainbows,RAINBOW,2760,8.79,2021-10-14,2021,1,1,
PANGUITCH L,Panguitch Lake,Southwest Garfield,,Garfield,Rainbows,RAINBOW,2944,8.79,2021-10-14,2021,2,7,
PANGUITCH L,Panguitch Lake,Southwest Garfield,,Garfield,Rainbows,RAINBOW,2944,8.79,2021-10-14,2021,3,7,
PANGUITCH L,Panguitch Lake,Southwest Garfield,,Garfield,Rainbows,RAINBOW,2944,8.79,2021-10-14,2021,4,7,
PANGUITCH L,Panguitch Lake,Southwest Garfield,,Garfield,Rainbows,RAINBOW,2944,8.79,2021-10-14,2021,5,7,
PANGUITCH L,Panguitch Lake,Southwest Garfield,,Garfield,Rainbows,RAINBOW,2944,8.79,2021-10-14,2021,6,7,
PANGUITCH L,Panguitch Lake,Southwest Garfield,,Garfield,Rainbows,RAINBOW,2944,8.79,2021-10-14,2021,7,7,
PANGUITCH L,Panguitch Lake,Southwest Garfield,,Garfield,Rainbows,RAINBOW,1280,11.6,2021-10-18,2021,1,5,
PANGUITCH L,Panguitch Lake,Southwest Garfield,,Garfield,Rainbows,RAINBOW,1280,11.6,2021-10-18,2021,2,5,
PANGUITCH L,Panguitch Lake,Southwest Garfield,,Garfield,Rainbows,RAINBOW,1280,11.6,2021-10-18,2021,3,5,
PANGUITCH L,Panguitch Lake,Southwest Garfield,,Garfield,Rainbows,RAINBOW,96,11.6,2021-10-18,2021,1,1,
PANGUITCH L,Panguitch Lake,Southwest Garfield,,Garfield,Rainbows,RAINBOW,1280,11.6,2021-10-18,2021,4,5,
PANGUITCH L,Panguitch Lake,Southwest Garfield,,Garfield,Rainbows,RAINBOW,1360,11.6,2021-10-18,2021,1,1,
PANGUITCH L,Panguitch Lake,Southwest Garfield,,Garfield,Rainbows,RAINBOW,1280,11.6,2021-10-18,2021,5,5,
PANGUITCH L,Panguitch Lake,Southwest Garfield,,Garfield,Rainbows,RAINBOW,2724,8.79,2021-10-18,2021,1,1,
PANGUITCH L,Panguitch Lake,Southwest Garfield,,Garfield,Rainbows,RAINBOW,2981,8.79,2021-10-18,2021,1,1,
PANGUITCH L,Panguitch Lake,Southwest Garfield,,Garfield,Cutthroats,CUTTHROAT,6945,8.51,2022-05-03,2022,1,2,
PANGUITCH L,Panguitch Lake,Southwest Garfield,,Garfield,Cutthroats,CUTTHROAT,6945,8.51,2022-05-03,2022,2,2,
PANGUITCH L,Panguitch Lake,Southwest Garfield,,Garfield,Cutthroats,CUTTHROAT,7177,8.51,2022-05-03,2022,1,1,
PANGUITCH L,Panguitch Lake,Southwest Garfield,,Garfield,Cutthroats,CUTTHROAT,6019,8.51,2022-05-04,2022,1,1,
PANGUITCH L,Panguitch Lake,Southwest Garfield,,Garfield,Cutthroats,CUTTHROAT,10864,6.65,2022-05-12,2022,1,1,
PANGUITCH L,Panguitch Lake,Southwest Garfield,,Garfield,Rainbows,RAINBOW,5029,2.78,2022-06-02,2022,1,1,
PANGUITCH L,Panguitch Lake,Southwest Garfield,,Garfield,Tigers,TIGER TROUT,1004,2.95,2022-06-02,2022,1,1,
PANGUITCH L,Panguitch Lake,Southwest Garfield,,Garfield,Rainbows,RAINBOW,28224,8.28,2022-06-06,2022,1,1,
PANGUITCH L,Panguitch Lake,Southwest Garfield,,Garfield,Brookies,BROOK TROUT,3243,2.54,2022-06-07,2022,1,1,
PANGUITCH L,Panguitch Lake,Southwest Garfield,,Garfield,Brookies,BROOK TROUT,977,2.65,2022-06-07,2022,1,1,
PANGUITCH L,Panguitch Lake,Southwest Garfield,,Garfield,Brookies,BROOK TROUT,8271,2.67,2022-06-07,2022,1,1,
PANGUITCH L,Panguitch Lake,Southwest Garfield,,Garfield,Rainbows,RAINBOW,32817,7.9,2022-06-07,2022,1,1,
PANGUITCH L,Panguitch Lake,Southwest Garfield,,Garfield,Tigers,TIGER TROUT,10027,4.26,2022-06-23,2022,1,2,
PANGUITCH L,Panguitch Lake,Southwest Garfield,,Garfield,Tigers,TIGER TROUT,10027,4.26,2022-06-23,2022,2,2,
PANGUITCH L,Panguitch Lake,Southwest Garfield,,Garfield,Rainbows,RAINBOW,3750,7.94,2022-10-11,2022,1,5,
PANGUITCH L,Panguitch Lake,Southwest Garfield,,Garfield,Rainbows,RAINBOW,3750,7.94,2022-10-11,2022,2,5,
PANGUITCH L,Panguitch Lake,Southwest Garfield,,Garfield,Rainbows,RAINBOW,2000,7.94,2022-10-11,2022,1,1,
PANGUITCH L,Panguitch Lake,Southwest Garfield,,Garfield,Rainbows,RAINBOW,4050,7.94,2022-10-11,2022,1,1,
PANGUITCH L,Panguitch Lake,Southwest Garfield,,Garfield,Rainbows,RAINBOW,4000,7.94,2022-10-11,2022,1,1,
PANGUITCH L,Panguitch Lake,Southwest Garfield,,Garfield,Rainbows,RAINBOW,3750,7.94,2022-10-11,2022,3,5,
PANGUITCH L,Panguitch Lake,Southwest Garfield,,Garfield,Rainbows,RAINBOW,3750,7.94,2022-10-11,2022,4,5,
PANGUITCH L,Panguitch Lake,Southwest Garfield,,Garfield,Rainbows,RAINBOW,3750,7.94,2022-10-11,2022,5,5,
PANGUITCH L,Panguitch Lake,Southwest Garfield,,Garfield,Rainbows,RAINBOW,3875,7.94,2022-10-12,2022,1,2,
PANGUITCH L,Panguitch Lake,Southwest Garfield,,Garfield,Rainbows,RAINBOW,4150,7.94,2022-10-12,2022,1,1,
PANGUITCH L,Panguitch Lake,Southwest Garfield,,Garfield,Rainbows,RAINBOW,4000,7.94,2022-10-12,2022,1,4,
PANGUITCH L,Panguitch Lake,Southwest Garfield,,Garfield,Rainbows,RAINBOW,4000,7.94,2022-10-12,2022,2,4,
PANGUITCH L,Panguitch Lake,Southwest Garfield,,Garfield,Rainbows,RAINBOW,4000,7.94,2022-10-12,2022,3,4,
PANGUITCH L,Panguitch Lake,Southwest Garfield,,Garfield,Rainbows,RAINBOW,3875,7.94,2022-10-12,2022,2,2,
PANGUITCH L,Panguitch Lake,Southwest Garfield,,Garfield,Rainbows,RAINBOW,4000,7.94,2022-10-12,2022,4,4,
PANGUITCH L,Panguitch Lake,Southwest Garfield,,Garfield,Rainbows,RAINBOW,3750,7.94,2022-10-12,2022,1,1,
PANGUITCH L,Panguitch Lake,Southwest Garfield,,Garfield,Cutthroats,CUTTHROAT,5535,9.13,2023-05-08,2023,1,1,
PANGUITCH L,Panguitch Lake,Southwest Garfield,,Garfield,Cutthroats,CUTTHROAT,5310,9.13,2023-05-08,2023,1,1,
PANGUITCH L,Panguitch Lake,Southwest Garfield,,Garfield,Cutthroats,CUTTHROAT,5658,9.13,2023-05-08,2023,1,1,
PANGUITCH L,Panguitch Lake,Southwest Garfield,,Garfield,Cutthroats,CUTTHROAT,5248,9.13,2023-05-08,2023,1,1,
PANGUITCH L,Panguitch Lake,Southwest Garfield,,Garfield,Cutthroats,CUTTHROAT,1535,10.02,2023-05-09,2023,1,1,
PANGUITCH L,Panguitch Lake,Southwest Garfield,,Garfield,Cutthroats,CUTTHROAT,2235,9.13,2023-05-09,2023,1,1,
PANGUITCH L,Panguitch Lake,Southwest Garfield,,Garfield,Cutthroats,CUTTHROAT,4247,10.02,2023-05-15,2023,1,1,
PANGUITCH L,Panguitch Lake,Southwest Garfield,,Garfield,Splake,SPLAKE,2037,2.77,2023-05-19,2023,1,1,
PANGUITCH L,Panguitch Lake,Southwest Garfield,,Garfield,Splake,SPLAKE,10053,2.97,2023-06-02,2023,1,1,
PANGUITCH L,Panguitch Lake,Southwest Garfield,,Garfield,Rainbows,RAINBOW,32250,7.73,2023-06-05,2023,1,1,
PANGUITCH L,Panguitch Lake,Southwest Garfield,,Garfield,Rainbows,RAINBOW,36782,7.5,2023-06-06,2023,1,1,
PANGUITCH L,Panguitch Lake,Southwest Garfield,,Garfield,Wiper,WIPER,2025,7.74,2023-06-08,2023,1,1,
PANGUITCH L,Panguitch Lake,Southwest Garfield,,Garfield,Wiper,WIPER,0,9.75,2023-06-08,2023,1,1,zero-quantity
PANGUITCH L,Panguitch Lake,Southwest Garfield,,Garfield,Wiper,WIPER,3323,8.26,2023-08-17,2023,1,1,
PANGUITCH L,Panguitch Lake,Southwest Garfield,,Garfield,Rainbows,RAINBOW,3713,8.22,2023-10-18,2023,1,1,
PANGUITCH L,Panguitch Lake,Southwest Garfield,,Garfield,Rainbows,RAINBOW,3825,8.22,2023-10-18,2023,1,3,
PANGUITCH L,Panguitch Lake,Southwest Garfield,,Garfield,Rainbows,RAINBOW,3825,8.22,2023-10-18,2023,2,3,
PANGUITCH L,Panguitch Lake,Southwest Garfield,,Garfield,Rainbows,RAINBOW,3825,8.22,2023-10-18,2023,3,3,
PANGUITCH L,Panguitch Lake,Southwest Garfield,,Garfield,Rainbows,RAINBOW,3600,8.22,2023-10-18,2023,1,3,
PANGUITCH L,Panguitch Lake,Southwest Garfield,,Garfield,Rainbows,RAINBOW,3600,8.22,2023-10-18,2023,2,3,
PANGUITCH L,Panguitch Lake,Southwest Garfield,,Garfield,Rainbows,RAINBOW,3600,8.22,2023-10-18,2023,3,3,
PANGUITCH L,Panguitch Lake,Southwest Garfield,,Garfield,Rainbows,RAINBOW,3645,8.22,2023-10-18,2023,1,1,
PANGUITCH L,Panguitch Lake,Southwest Garfield,,Garfield,Rainbows,RAINBOW,3870,8.22,2023-10-19,2023,1,2,
PANGUITCH L,Panguitch Lake,Southwest Garfield,,Garfield,Rainbows,RAINBOW,3870,8.22,2023-10-19,2023,2,2,
PANGUITCH L,Panguitch Lake,Southwest Garfield,,Garfield,Rainbows,RAINBOW,3825,8.22,2023-10-19,2023,1,6,
PANGUITCH L,Panguitch Lake,Southwest Garfield,,Garfield,Rainbows,RAINBOW,3825,8.22,2023-10-19,2023,2,6,
PANGUITCH L,Panguitch Lake,Southwest Garfield,,Garfield,Rainbows,RAINBOW,3825,8.22,2023-10-19,2023,3,6,
PANGUITCH L,Panguitch Lake,Southwest Garfield,,Garfield,Rainbows,RAINBOW,3825,8.22,2023-10-19,2023,4,6,
PANGUITCH L,Panguitch Lake,Southwest Garfield,,Garfield,Rainbows,RAINBOW,3825,8.22,2023-10-19,2023,5,6,
PANGUITCH L,Panguitch Lake,Southwest Garfield,,Garfield,Rainbows,RAINBOW,3825,8.22,2023-10-19,2023,6,6,
PANGUITCH L,Panguitch Lake,Southwest Garfield,,Garfield,Tigers,TIGER TROUT,8000,5.63,2023-10-23,2023,1,1,
PANGUITCH L,Panguitch Lake,Southwest Garfield,,Garfield,Tigers,TIGER TROUT,7600,5.63,2023-10-23,2023,1,1,
PANGUITCH L,Panguitch Lake,Southwest Garfield,,Garfield,Cutthroats,CUTTHROAT,28860,4.18,2023-11-06,2023,1,1,
PANGUITCH L,Panguitch Lake,Southwest Garfield,,Garfield,Cutthroats,CUTTHROAT,50000,3.22,2023-11-14,2023,1,1,
PANGUITCH L,Panguitch Lake,Southwest Garfield,,Garfield,Rainbows,RAINBOW,4246,3.99,2023-12-04,2023,1,1,
PANGUITCH L,Panguitch Lake,Southwest Garfield,,Garfield,Cutthroats,CUTTHROAT,4715,8.72,2024-04-24,2024,1,1,
PANGUITCH L,Panguitch Lake,Southwest Garfield,,Garfield,Cutthroats,CUTTHROAT,6417,8.72,2024-04-29,2024,1,1,
PANGUITCH L,Panguitch Lake,Southwest Garfield,,Garfield,Cutthroats,CUTTHROAT,6509,8.72,2024-04-29,2024,1,1,
PANGUITCH L,Panguitch Lake,Southwest Garfield,,Garfield,Cutthroats,CUTTHROAT,6716,8.72,2024-04-30,2024,1,1,
PANGUITCH L,Panguitch Lake,Southwest Garfield,,Garfield,Cutthroats,CUTTHROAT,676,9.98,2024-05-08,2024,1,1,
PANGUITCH L,Panguitch Lake,Southwest Garfield,,Garfield,Rainbows,RAINBOW,40163,7.17,2024-06-11,2024,1,1,
PANGUITCH L,Panguitch Lake,Southwest Garfield,,Garfield,Tigers,TIGER TROUT,20002,3.4,2024-06-27,2024,1,1,
PANGUITCH L,Panguitch Lake,Southwest Garfield,,Garfield,Tigers,TIGER TROUT,3311,3.2,2024-06-27,2024,1,1,
PANGUITCH L,Panguitch Lake,Southwest Garfield,,Garfield,Wiper,WIPER,5130,2.04,2024-07-17,2024,1,1,
PANGUITCH L,Panguitch Lake,Southwest Garfield,,Garfield,Tiger muskie,MUSKIE TIGER,340,9.03,2024-09-19,2024,1,1,
PANGUITCH L,Panguitch Lake,Southwest Garfield,,Garfield,Rainbows,RAINBOW,4733,6.12,2024-10-02,2024,1,1,
PANGUITCH L,Panguitch Lake,Southwest Garfield,,Garfield,Rainbows,RAINBOW,1199,5.0,2024-10-02,2024,1,1,
PANGUITCH L,Panguitch Lake,Southwest Garfield,,Garfield,Rainbows,RAINBOW,1335,3.45,2024-10-02,2024,1,1,
PANGUITCH L,Panguitch Lake,Southwest Garfield,,Garfield,Rainbows,RAINBOW,3450,8.16,2024-10-07,2024,1,8,
PANGUITCH L,Panguitch Lake,Southwest Garfield,,Garfield,Rainbows,RAINBOW,3450,8.16,2024-10-07,2024,2,8,
PANGUITCH L,Panguitch Lake,Southwest Garfield,,Garfield,Rainbows,RAINBOW,3450,8.16,2024-10-07,2024,3,8,
PANGUITCH L,Panguitch Lake,Southwest Garfield,,Garfield,Rainbows,RAINBOW,3450,8.16,2024-10-07,2024,4,8,
PANGUITCH L,Panguitch Lake,Southwest Garfield,,Garfield,Rainbows,RAINBOW,3450,8.16,2024-10-07,2024,5,8,
PANGUITCH L,Panguitch Lake,Southwest Garfield,,Garfield,Rainbows,RAINBOW,3450,8.16,2024-10-07,2024,6,8,
PANGUITCH L,Panguitch Lake,Southwest Garfield,,Garfield,Rainbows,RAINBOW,3450,8.16,2024-10-07,2024,7,8,
PANGUITCH L,Panguitch Lake,Southwest Garfield,,Garfield,Rainbows,RAINBOW,3450,8.16,2024-10-07,2024,8,8,
PANGUITCH L,Panguitch Lake,Southwest Garfield,,Garfield,Rainbows,RAINBOW,3520,8.28,2024-10-08,2024,1,4,
PANGUITCH L,Panguitch Lake,Southwest Garfield,,Garfield,Rainbows,RAINBOW,3520,8.28,2024-10-08,2024,2,4,
PANGUITCH L,Panguitch Lake,Southwest Garfield,,Garfield,Rainbows,RAINBOW,3520,8.28,2024-10-08,2024,3,4,
PANGUITCH L,Panguitch Lake,Southwest Garfield,,Garfield,Rainbows,RAINBOW,3520,8.28,2024-10-08,2024,4,4,
PANGUITCH L,Panguitch Lake,Southwest Garfield,,Garfield,Rainbows,RAINBOW,3680,8.16,2024-10-08,2024,1,4,
PANGUITCH L,Panguitch Lake,Southwest Garfield,,Garfield,Rainbows,RAINBOW,3680,8.16,2024-10-08,2024,2,4,
PANGUITCH L,Panguitch Lake,Southwest Garfield,,Garfield,Rainbows,RAINBOW,3680,8.16,2024-10-08,2024,3,4,
PANGUITCH L,Panguitch Lake,Southwest Garfield,,Garfield,Rainbows,RAINBOW,3680,8.16,2024-10-08,2024,4,4,
PANGUITCH L,Panguitch Lake,Southwest Garfield,,Garfield,Rainbows,RAINBOW,3520,8.28,2024-10-09,2024,1,8,
PANGUITCH L,Panguitch Lake,Southwest Garfield,,Garfield,Rainbows,RAINBOW,3520,8.28,2024-10-09,2024,2,8,
PANGUITCH L,Panguitch Lake,Southwest Garfield,,Garfield,Rainbows,RAINBOW,3520,8.28,2024-10-09,2024,3,8,
PANGUITCH L,Panguitch Lake,Southwest Garfield,,Garfield,Rainbows,RAINBOW,3520,8.28,2024-10-09,2024,4,8,
PANGUITCH L,Panguitch Lake,Southwest Garfield,,Garfield,Rainbows,RAINBOW,3520,8.28,2024-10-09,2024,5,8,
PANGUITCH L,Panguitch Lake,Southwest Garfield,,Garfield,Rainbows,RAINBOW,3520,8.28,2024-10-09,2024,6,8,
PANGUITCH L,Panguitch Lake,Southwest Garfield,,Garfield,Rainbows,RAINBOW,3520,8.28,2024-10-09,2024,7,8,
PANGUITCH L,Panguitch Lake,Southwest Garfield,,Garfield,Rainbows,RAINBOW,3520,8.28,2024-10-09,2024,8,8,
PANGUITCH L,Panguitch Lake,Southwest Garfield,,Garfield,Cutthroats,CUTTHROAT,27495,4.07,2024-11-04,2024,1,1,
PANGUITCH L,Panguitch Lake,Southwest Garfield,,Garfield,Cutthroats,CUTTHROAT,5499,4.07,2024-11-05,2024,1,1,
PANGUITCH L,Panguitch Lake,Southwest Garfield,,Garfield,Rainbows,RAINBOW,14528,10.33,2025-03-19,2025,1,1,
PANGUITCH L,Panguitch Lake,Southwest Garfield,,Garfield,Rainbows,RAINBOW,14118,10.62,2025-03-20,2025,1,1,
PANGUITCH L,Panguitch Lake,Southwest Garfield,,Garfield,Rainbows,RAINBOW,11367,9.92,2025-03-24,2025,1,1,
PANGUITCH L,Panguitch Lake,Southwest Garfield,,Garfield,Cutthroats,CUTTHROAT,3025,8.04,2025-03-26,2025,1,1,
PANGUITCH L,Panguitch Lake,Southwest Garfield,,Garfield,Cutthroats,CUTTHROAT,22110,8.04,2025-03-26,2025,1,1,
PANGUITCH L,Panguitch Lake,Southwest Garfield,,Garfield,Wiper,WIPER,1681,7.77,2025-05-12,2025,1,1,
PANGUITCH L,Panguitch Lake,Southwest Garfield,,Garfield,Wiper,WIPER,328,7.77,2025-05-12,2025,1,1,
PANGUITCH L,Panguitch Lake,Southwest Garfield,,Garfield,Tiger muskie,MUSKIE TIGER,3511,3.46,2025-05-19,2025,1,1,
PANGUITCH L,Panguitch Lake,Southwest Garfield,,Garfield,Tigers,TIGER TROUT,20017,3.02,2025-05-23,2025,1,1,
PANGUITCH L,Panguitch Lake,Southwest Garfield,,Garfield,Rainbows,RAINBOW,29928,7.82,2025-09-29,2025,1,1,
PANGUITCH L,Panguitch Lake,Southwest Garfield,,Garfield,Rainbows,RAINBOW,30024,8.05,2025-09-30,2025,1,1,
PANGUITCH L,Panguitch Lake,Southwest Garfield,,Garfield,Cutthroats,CUTTHROAT,27405,4.13,2025-11-03,2025,1,1,
PANGUITCH L,Panguitch Lake,Southwest Garfield,,Garfield,Rainbows,RAINBOW,5120,11.3,2025-11-06,2025,1,1,
PANGUITCH L,Panguitch Lake,Southwest Garfield,,Garfield,Rainbows,RAINBOW,4784,11.3,2025-11-06,2025,1,1,
PANGUITCH L,Panguitch Lake,Southwest Garfield,,Garfield,Rainbows,RAINBOW,16284,10.19,2026-03-03,2026,1,1,
PANGUITCH L,Panguitch Lake,Southwest Garfield,,Garfield,Rainbows,RAINBOW,23432,10.36,2026-03-04,2026,1,1,
PANGUITCH L,Panguitch Lake,Southwest Garfield,,Garfield,Cutthroats,CUTTHROAT,6000,8.36,2026-03-09,2026,1,1,
PANGUITCH L,Panguitch Lake,Southwest Garfield,,Garfield,Cutthroats,CUTTHROAT,22075,8.36,2026-03-16,2026,1,1,
PANGUITCH L,Panguitch Lake,Southwest Garfield,,Garfield,Cutthroats,CUTTHROAT,3300,8.36,2026-03-16,2026,1,1,
PANGUITCH L,Panguitch Lake,Southwest Garfield,,Garfield,Tiger muskie,MUSKIE TIGER,5000,1.98,2026-04-22,2026,1,1,
PANGUITCH L,Panguitch Lake,Southwest Garfield,,Garfield,Tigers,TIGER TROUT,10081,3.18,2026-05-26,2026,1,1,
PANGUITCH L,Panguitch Lake,Southwest Garfield,,Garfield,Tigers,TIGER TROUT,10002,3.25,2026-05-26,2026,1,1,
PEAR L NBS,Pear Lake,Boulder Mountain,North Boulder Slope,Wayne,Brookies,BROOK TROUT,504,2.88,2002-07-08,2002,1,1,
PEAR L NBS,Pear Lake,Boulder Mountain,North Boulder Slope,Wayne,Brookies,BROOK TROUT,500,2.62,2003-07-06,2003,1,1,
PEAR L NBS,Pear Lake,Boulder Mountain,North Boulder Slope,Wayne,Brookies,BROOK TROUT,507,2.34,2004-07-12,2004,1,1,
PEAR L NBS,Pear Lake,Boulder Mountain,North Boulder Slope,Wayne,Brookies,BROOK TROUT,485,2.34,2005-07-10,2005,1,1,
PEAR L NBS,Pear Lake,Boulder Mountain,North Boulder Slope,Wayne,Brookies,BROOK TROUT,504,2.88,2006-07-10,2006,1,1,
PEAR L NBS,Pear Lake,Boulder Mountain,North Boulder Slope,Wayne,Grayling,GRAYLING ARCTIC,502,1.66,2006-08-04,2006,1,1,
PEAR L NBS,Pear Lake,Boulder Mountain,North Boulder Slope,Wayne,Brookies,BROOK TROUT,503,3.22,2007-07-12,2007,1,1,
PEAR L NBS,Pear Lake,Boulder Mountain,North Boulder Slope,Wayne,Grayling,GRAYLING ARCTIC,499,1.5,2007-07-31,2007,1,1,
PEAR L NBS,Pear Lake,Boulder Mountain,North Boulder Slope,Wayne,Brookies,BROOK TROUT,510,3.2,2008-07-07,2008,1,1,
PEAR L NBS,Pear Lake,Boulder Mountain,North Boulder Slope,Wayne,Brookies,BROOK TROUT,519,2.89,2009-07-15,2009,1,1,
PEAR L NBS,Pear Lake,Boulder Mountain,North Boulder Slope,Wayne,Grayling,GRAYLING ARCTIC,507,1.4,2009-08-04,2009,1,1,
PEAR L NBS,Pear Lake,Boulder Mountain,North Boulder Slope,Wayne,Brookies,BROOK TROUT,514,2.71,2010-07-07,2010,1,1,
PEAR L NBS,Pear Lake,Boulder Mountain,North Boulder Slope,Wayne,Grayling,GRAYLING ARCTIC,488,2.02,2010-09-13,2010,1,1,
PEAR L NBS,Pear Lake,Boulder Mountain,North Boulder Slope,Wayne,Brookies,BROOK TROUT,515,3.27,2011-07-26,2011,1,1,
PEAR L NBS,Pear Lake,Boulder Mountain,North Boulder Slope,Wayne,Brookies,BROOK TROUT,498,2.47,2012-07-06,2012,1,1,
PEAR L NBS,Pear Lake,Boulder Mountain,North Boulder Slope,Wayne,Brookies,BROOK TROUT,502,2.55,2013-07-01,2013,1,1,
PEAR L NBS,Pear Lake,Boulder Mountain,North Boulder Slope,Wayne,Grayling,GRAYLING ARCTIC,494,3.13,2013-09-16,2013,1,1,
PEAR L NBS,Pear Lake,Boulder Mountain,North Boulder Slope,Wayne,Brookies,BROOK TROUT,513,1.9,2014-06-11,2014,1,1,
PEAR L NBS,Pear Lake,Boulder Mountain,North Boulder Slope,Wayne,Grayling,GRAYLING ARCTIC,510,2.27,2014-08-27,2014,1,1,
PEAR L NBS,Pear Lake,Boulder Mountain,North Boulder Slope,Wayne,Brookies,BROOK TROUT,505,2.97,2015-06-29,2015,1,1,
PEAR L NBS,Pear Lake,Boulder Mountain,North Boulder Slope,Wayne,Grayling,GRAYLING ARCTIC,493,2.4,2015-08-24,2015,1,1,
PEAR L NBS,Pear Lake,Boulder Mountain,North Boulder Slope,Wayne,Brookies,BROOK TROUT,537,2.27,2016-06-27,2016,1,1,
PEAR L NBS,Pear Lake,Boulder Mountain,North Boulder Slope,Wayne,Brookies,BROOK TROUT,511,2.55,2017-06-26,2017,1,1,
PEAR L NBS,Pear Lake,Boulder Mountain,North Boulder Slope,Wayne,Grayling,GRAYLING ARCTIC,500,2.79,2017-09-18,2017,1,1,
PEAR L NBS,Pear Lake,Boulder Mountain,North Boulder Slope,Wayne,Brookies,BROOK TROUT,501,2.84,2018-06-25,2018,1,1,
PEAR L NBS,Pear Lake,Boulder Mountain,North Boulder Slope,Wayne,Grayling,GRAYLING ARCTIC,510,3.25,2018-10-09,2018,1,1,
PEAR L NBS,Pear Lake,Boulder Mountain,North Boulder Slope,Wayne,Brookies,BROOK TROUT,500,2.88,2019-07-03,2019,1,1,
PEAR L NBS,Pear Lake,Boulder Mountain,North Boulder Slope,Wayne,Grayling,GRAYLING ARCTIC,250,2.29,2019-09-24,2019,1,1,
PEAR L NBS,Pear Lake,Boulder Mountain,North Boulder Slope,Wayne,Brookies,BROOK TROUT,512,2.55,2020-07-01,2020,1,1,
PEAR L NBS,Pear Lake,Boulder Mountain,North Boulder Slope,Wayne,Grayling,GRAYLING ARCTIC,252,2.81,2020-09-28,2020,1,1,
PEAR L NBS,Pear Lake,Boulder Mountain,North Boulder Slope,Wayne,Brookies,BROOK TROUT,504,2.71,2021-07-06,2021,1,1,
PEAR L NBS,Pear Lake,Boulder Mountain,North Boulder Slope,Wayne,Grayling,GRAYLING ARCTIC,258,2.65,2021-09-23,2021,1,1,
PEAR L NBS,Pear Lake,Boulder Mountain,North Boulder Slope,Wayne,Brookies,BROOK TROUT,498,2.97,2022-07-07,2022,1,1,
PEAR L NBS,Pear Lake,Boulder Mountain,North Boulder Slope,Wayne,Brookies,BROOK TROUT,622,2.63,2023-07-10,2023,1,1,
PEAR L NBS,Pear Lake,Boulder Mountain,North Boulder Slope,Wayne,Brookies,BROOK TROUT,506,2.63,2024-06-24,2024,1,1,
PEAR L NBS,Pear Lake,Boulder Mountain,North Boulder Slope,Wayne,Brookies,BROOK TROUT,502,2.92,2025-06-23,2025,1,1,
PEAR L NBS,Pear Lake,Boulder Mountain,North Boulder Slope,Wayne,Brookies,BROOK TROUT,505,2.77,2026-07-13,2026,1,1,
PERRYS POND TLM,Perrys Pond,Thousand Lake Mountain,Thousand Lake Mountain,Wayne,Brookies,BROOK TROUT,100,2.92,2003-07-31,2003,1,1,
PERRYS POND TLM,Perrys Pond,Thousand Lake Mountain,Thousand Lake Mountain,Wayne,Brookies,BROOK TROUT,98,3.04,2005-08-02,2005,1,1,
PINE CR,Pine Creek,Boulder Mountain,,Wayne,Browns,BROWN TROUT,999,7.72,2002-06-05,2002,1,1,
PINE CR,Pine Creek,Boulder Mountain,,Garfield,Cutthroats,CUTTHROAT,1062,1.69,2003-10-15,2003,1,1,
PINE CR,Pine Creek,Boulder Mountain,,Wayne,Cutthroats,CUTTHROAT,3001,1.7,2003-10-15,2003,1,1,
PINE CR,Pine Creek,Boulder Mountain,,Wayne,Browns,BROWN TROUT,1236,4.85,2004-06-24,2004,1,1,
PINE CR,Pine Creek,Boulder Mountain,,Wayne,Cutthroats,CUTTHROAT,801,1.97,2004-10-06,2004,1,1,
PINE CR,Pine Creek,Boulder Mountain,,Wayne,Browns,BROWN TROUT,994,4.65,2005-05-27,2005,1,1,
PINE CR,Pine Creek,Boulder Mountain,,Wayne,Cutthroats,CUTTHROAT,3554,1.94,2005-10-04,2005,1,1,
PINE CR,Pine Creek,Boulder Mountain,,Wayne,Browns,BROWN TROUT,1007,5.24,2006-06-15,2006,1,1,
PINE CR,Pine Creek,Boulder Mountain,,Wayne,Cutthroats,CUTTHROAT,2000,2.35,2006-10-03,2006,1,1,
PINE CR,Pine Creek,Boulder Mountain,,Wayne,Browns,BROWN TROUT,973,4.56,2007-05-31,2007,1,1,
PINE CR,Pine Creek,Boulder Mountain,,Wayne,Browns,BROWN TROUT,925,4.87,2008-06-24,2008,1,1,
PINE CR,Pine Creek,Boulder Mountain,,Wayne,Browns,BROWN TROUT,1017,4.16,2009-06-11,2009,1,1,
PINE CR,Pine Creek,Boulder Mountain,,Wayne,Browns,BROWN TROUT,997,3.55,2010-05-18,2010,1,1,
PINE CR,Pine Creek,Boulder Mountain,,Wayne,Browns,BROWN TROUT,3260,4.05,2011-05-25,2011,1,1,
PINE CR,Pine Creek,Boulder Mountain,,Wayne,Browns,BROWN TROUT,3112,3.46,2012-05-21,2012,1,1,
PINE CR,Pine Creek,Boulder Mountain,,Wayne,Browns,BROWN TROUT,3152,3.22,2013-05-20,2013,1,1,
PINE CR,Pine Creek,Boulder Mountain,,Wayne,Browns,BROWN TROUT,3045,3.93,2014-04-23,2014,1,1,
PINE CR,Pine Creek,Boulder Mountain,,Wayne,Browns,BROWN TROUT,3077,4.17,2015-04-23,2015,1,1,
PINE CR,Pine Creek,Boulder Mountain,,Wayne,Browns,BROWN TROUT,3011,4.07,2016-04-11,2016,1,1,
PINE CR,Pine Creek,Boulder Mountain,,Wayne,Browns,BROWN TROUT,3173,3.34,2017-05-25,2017,1,1,
PINE CR,Pine Creek,Boulder Mountain,,Wayne,Browns,BROWN TROUT,3202,3.77,2018-05-22,2018,1,1,
PINE CR,Pine Creek,Boulder Mountain,,Wayne,Browns,BROWN TROUT,3306,3.41,2019-05-06,2019,1,1,
PINE CR,Pine Creek,Boulder Mountain,,Wayne,Browns,BROWN TROUT,3040,3.26,2020-04-30,2020,1,1,
PINE CR,Pine Creek,Boulder Mountain,,Wayne,Browns,BROWN TROUT,3296,2.95,2021-04-21,2021,1,1,
PINE CR,Pine Creek,Boulder Mountain,,Wayne,Browns,BROWN TROUT,2987,2.95,2022-04-18,2022,1,1,
PINE CR,Pine Creek,Boulder Mountain,,Wayne,Browns,BROWN TROUT,3023,2.81,2023-04-23,2023,1,1,
PINE CR,Pine Creek,Boulder Mountain,,Wayne,Browns,BROWN TROUT,3000,2.59,2024-04-17,2024,1,1,
PINE CR,Pine Creek,Boulder Mountain,,Wayne,Browns,BROWN TROUT,3024,2.66,2025-04-15,2025,1,1,
PINE CR,Pine Creek,Boulder Mountain,,Wayne,Browns,BROWN TROUT,3000,2.97,2026-04-22,2026,1,1,
PINE CR RES BTN,Pine Creek Reservoir,Boulder Mountain,Boulder Top (north),Wayne,Cutthroats,CUTTHROAT,831,2.08,2003-10-07,2003,1,1,
PINE CR RES BTN,Pine Creek Reservoir,Boulder Mountain,Boulder Top (north),Wayne,Cutthroats,CUTTHROAT,200,1.97,2004-10-06,2004,1,1,
PINE CR RES BTN,Pine Creek Reservoir,Boulder Mountain,Boulder Top (north),Wayne,Cutthroats,CUTTHROAT,1000,1.94,2005-10-04,2005,1,1,
PINE CR RES BTN,Pine Creek Reservoir,Boulder Mountain,Boulder Top (north),Wayne,Cutthroats,CUTTHROAT,600,2.32,2006-10-04,2006,1,1,
PINE CR RES BTN,Pine Creek Reservoir,Boulder Mountain,Boulder Top (north),Wayne,Cutthroats,CUTTHROAT,301,2.2,2007-09-18,2007,1,1,
PINE CR RES BTN,Pine Creek Reservoir,Boulder Mountain,Boulder Top (north),Wayne,Cutthroats,CUTTHROAT,502,2.13,2008-09-22,2008,1,1,
PINE CR RES BTN,Pine Creek Reservoir,Boulder Mountain,Boulder Top (north),Wayne,Cutthroats,CUTTHROAT,498,2.09,2009-09-16,2009,1,1,
PINE CR RES BTN,Pine Creek Reservoir,Boulder Mountain,Boulder Top (north),Wayne,Cutthroats,CUTTHROAT,1001,1.52,2010-09-13,2010,1,1,
PINE CR RES BTN,Pine Creek Reservoir,Boulder Mountain,Boulder Top (north),Wayne,Cutthroats,CUTTHROAT,509,1.99,2011-09-20,2011,1,1,
PINE CR RES BTN,Pine Creek Reservoir,Boulder Mountain,Boulder Top (north),Wayne,Cutthroats,CUTTHROAT,400,2.14,2012-09-19,2012,1,1,
PINE CR RES BTN,Pine Creek Reservoir,Boulder Mountain,Boulder Top (north),Wayne,Cutthroats,CUTTHROAT,528,2.05,2013-09-16,2013,1,1,
PINE CR RES BTN,Pine Creek Reservoir,Boulder Mountain,Boulder Top (north),Wayne,Cutthroats,CUTTHROAT,498,1.85,2014-09-10,2014,1,1,
PINE CR RES BTN,Pine Creek Reservoir,Boulder Mountain,Boulder Top (north),Wayne,Cutthroats,CUTTHROAT,508,1.92,2015-09-18,2015,1,1,
PINE CR RES BTN,Pine Creek Reservoir,Boulder Mountain,Boulder Top (north),Wayne,Cutthroats,CUTTHROAT,404,1.82,2016-09-19,2016,1,1,
PINE CR RES BTN,Pine Creek Reservoir,Boulder Mountain,Boulder Top (north),Wayne,Tigers,TIGER TROUT,51,2.71,2018-06-25,2018,1,1,
PINE CR RES BTN,Pine Creek Reservoir,Boulder Mountain,Boulder Top (north),Wayne,Cutthroats,CUTTHROAT,500,1.6,2018-09-20,2018,1,1,
PINE CR RES BTN,Pine Creek Reservoir,Boulder Mountain,Boulder Top (north),Wayne,Cutthroats,CUTTHROAT,274,1.73,2019-09-25,2019,1,1,
PINE CR RES BTN,Pine Creek Reservoir,Boulder Mountain,Boulder Top (north),Wayne,Cutthroats,CUTTHROAT,299,2.12,2020-09-23,2020,1,1,
PINE CR RES BTN,Pine Creek Reservoir,Boulder Mountain,Boulder Top (north),Wayne,Cutthroats,CUTTHROAT,300,2.32,2021-09-23,2021,1,1,
PINE CR RES BTN,Pine Creek Reservoir,Boulder Mountain,Boulder Top (north),Wayne,Cutthroats,CUTTHROAT,320,2.07,2022-09-26,2022,1,1,
PINE CR RES BTN,Pine Creek Reservoir,Boulder Mountain,Boulder Top (north),Wayne,Cutthroats,CUTTHROAT,300,1.79,2023-09-18,2023,1,1,
PINE CR RES BTN,Pine Creek Reservoir,Boulder Mountain,Boulder Top (north),Wayne,Tigers,TIGER TROUT,52,2.68,2024-06-24,2024,1,1,
PINE CR RES BTN,Pine Creek Reservoir,Boulder Mountain,Boulder Top (north),Wayne,Cutthroats,CUTTHROAT,300,1.69,2024-09-26,2024,1,1,
PINE CR RES BTN,Pine Creek Reservoir,Boulder Mountain,Boulder Top (north),Wayne,Tigers,TIGER TROUT,45,2.81,2025-06-23,2025,1,1,
PINE CR RES BTN,Pine Creek Reservoir,Boulder Mountain,Boulder Top (north),Wayne,Cutthroats,CUTTHROAT,302,2.33,2025-08-07,2025,1,1,
PINE CR RES BTN,Pine Creek Reservoir,Boulder Mountain,Boulder Top (north),Wayne,Cutthroats,CUTTHROAT,300,2.6,2026-07-16,2026,1,1,
PINE L,Pine Lake,Southwest Garfield,,Garfield,Rainbows,RAINBOW,2667,8.55,2002-04-17,2002,1,2,
PINE L,Pine Lake,Southwest Garfield,,Garfield,Rainbows,RAINBOW,2667,8.55,2002-04-17,2002,2,2,
PINE L,Pine Lake,Southwest Garfield,,Garfield,Rainbows,RAINBOW,2686,8.55,2002-04-18,2002,1,1,
PINE L,Pine Lake,Southwest Garfield,,Garfield,Cutthroats,CUTTHROAT,2005,7.15,2002-05-29,2002,1,1,
PINE L,Pine Lake,Southwest Garfield,,Garfield,Rainbows,RAINBOW,1450,9.28,2003-05-06,2003,1,2,
PINE L,Pine Lake,Southwest Garfield,,Garfield,Rainbows,RAINBOW,1450,9.28,2003-05-06,2003,2,2,
PINE L,Pine Lake,Southwest Garfield,,Garfield,Rainbows,RAINBOW,1665,8.86,2003-05-07,2003,1,2,
PINE L,Pine Lake,Southwest Garfield,,Garfield,Rainbows,RAINBOW,1665,8.86,2003-05-07,2003,2,2,
PINE L,Pine Lake,Southwest Garfield,,Garfield,Rainbows,RAINBOW,1769,9.28,2003-05-28,2003,1,1,
PINE L,Pine Lake,Southwest Garfield,,Garfield,Cutthroats,CUTTHROAT,2002,7.35,2003-05-29,2003,1,1,
PINE L,Pine Lake,Southwest Garfield,,Garfield,Cutthroats,CUTTHROAT,2007,6.24,2004-04-28,2004,1,1,
PINE L,Pine Lake,Southwest Garfield,,Garfield,Rainbows,RAINBOW,2175,9.39,2004-05-05,2004,1,1,
PINE L,Pine Lake,Southwest Garfield,,Garfield,Rainbows,RAINBOW,2175,9.39,2004-05-06,2004,1,1,
PINE L,Pine Lake,Southwest Garfield,,Garfield,Rainbows,RAINBOW,2175,9.39,2004-05-07,2004,1,1,
PINE L,Pine Lake,Southwest Garfield,,Garfield,Rainbows,RAINBOW,740,9.39,2004-05-11,2004,1,2,
PINE L,Pine Lake,Southwest Garfield,,Garfield,Rainbows,RAINBOW,740,9.39,2004-05-11,2004,2,2,
PINE L,Pine Lake,Southwest Garfield,,Garfield,Rainbows,RAINBOW,1001,10.28,2005-05-24,2005,1,2,
PINE L,Pine Lake,Southwest Garfield,,Garfield,Rainbows,RAINBOW,1001,10.28,2005-05-24,2005,2,2,
PINE L,Pine Lake,Southwest Garfield,,Garfield,Rainbows,RAINBOW,1150,10.28,2005-05-26,2005,1,2,
PINE L,Pine Lake,Southwest Garfield,,Garfield,Rainbows,RAINBOW,1150,10.28,2005-05-26,2005,2,2,
PINE L,Pine Lake,Southwest Garfield,,Garfield,Cutthroats,CUTTHROAT,2003,6.98,2005-05-31,2005,1,1,
PINE L,Pine Lake,Southwest Garfield,,Garfield,Rainbows,RAINBOW,2100,9.01,2006-04-27,2006,1,1,
PINE L,Pine Lake,Southwest Garfield,,Garfield,Rainbows,RAINBOW,2100,9.01,2006-04-28,2006,1,1,
PINE L,Pine Lake,Southwest Garfield,,Garfield,Rainbows,RAINBOW,1791,8.85,2006-05-01,2006,1,1,
PINE L,Pine Lake,Southwest Garfield,,Garfield,Cutthroats,CUTTHROAT,2000,6.61,2006-05-09,2006,1,1,
PINE L,Pine Lake,Southwest Garfield,,Garfield,Brookies,BROOK TROUT,2300,6.01,2007-03-26,2007,1,1,
PINE L,Pine Lake,Southwest Garfield,,Garfield,Rainbows,RAINBOW,2340,8.86,2007-04-09,2007,1,2,
PINE L,Pine Lake,Southwest Garfield,,Garfield,Rainbows,RAINBOW,2340,8.86,2007-04-09,2007,2,2,
PINE L,Pine Lake,Southwest Garfield,,Garfield,Rainbows,RAINBOW,2382,8.69,2007-04-11,2007,1,1,
PINE L,Pine Lake,Southwest Garfield,,Garfield,Rainbows,RAINBOW,2349,8.96,2007-04-11,2007,1,1,
PINE L,Pine Lake,Southwest Garfield,,Garfield,Rainbows,RAINBOW,2406,9.45,2008-04-29,2008,1,2,
PINE L,Pine Lake,Southwest Garfield,,Garfield,Rainbows,RAINBOW,2335,9.45,2008-04-29,2008,1,1,
PINE L,Pine Lake,Southwest Garfield,,Garfield,Rainbows,RAINBOW,2264,9.45,2008-04-29,2008,1,1,
PINE L,Pine Lake,Southwest Garfield,,Garfield,Rainbows,RAINBOW,2406,9.45,2008-04-29,2008,2,2,
PINE L,Pine Lake,Southwest Garfield,,Garfield,Cutthroats,CUTTHROAT,2026,6.8,2008-05-01,2008,1,1,
PINE L,Pine Lake,Southwest Garfield,,Garfield,Cutthroats,CUTTHROAT,2233,6.71,2009-04-27,2009,1,1,
PINE L,Pine Lake,Southwest Garfield,,Garfield,Rainbows,RAINBOW,454,10.6,2009-05-04,2009,1,1,
PINE L,Pine Lake,Southwest Garfield,,Garfield,Rainbows,RAINBOW,1930,10.6,2009-05-04,2009,1,1,
PINE L,Pine Lake,Southwest Garfield,,Garfield,Rainbows,RAINBOW,1921,10.62,2009-05-04,2009,1,2,
PINE L,Pine Lake,Southwest Garfield,,Garfield,Rainbows,RAINBOW,1921,10.62,2009-05-04,2009,2,2,
PINE L,Pine Lake,Southwest Garfield,,Garfield,Rainbows,RAINBOW,1469,10.62,2009-05-04,2009,1,1,
PINE L,Pine Lake,Southwest Garfield,,Garfield,Rainbows,RAINBOW,622,10.62,2009-05-06,2009,1,1,
PINE L,Pine Lake,Southwest Garfield,,Garfield,Rainbows,RAINBOW,687,10.57,2009-05-06,2009,1,1,
PINE L,Pine Lake,Southwest Garfield,,Garfield,Brookies,BROOK TROUT,2015,2.89,2009-07-15,2009,1,1,
PINE L,Pine Lake,Southwest Garfield,,Garfield,Rainbows,RAINBOW,2370,9.04,2010-05-05,2010,1,1,
PINE L,Pine Lake,Southwest Garfield,,Garfield,Cutthroats,CUTTHROAT,2001,6.65,2010-05-06,2010,1,1,
PINE L,Pine Lake,Southwest Garfield,,Garfield,Rainbows,RAINBOW,2142,9.75,2010-05-07,2010,1,2,
PINE L,Pine Lake,Southwest Garfield,,Garfield,Rainbows,RAINBOW,2142,9.75,2010-05-07,2010,2,2,
PINE L,Pine Lake,Southwest Garfield,,Garfield,Rainbows,RAINBOW,2348,9.07,2010-05-10,2010,1,1,
PINE L,Pine Lake,Southwest Garfield,,Garfield,Rainbows,RAINBOW,2080,9.75,2011-05-17,2011,1,2,
PINE L,Pine Lake,Southwest Garfield,,Garfield,Rainbows,RAINBOW,1430,9.75,2011-05-17,2011,1,1,
PINE L,Pine Lake,Southwest Garfield,,Garfield,Rainbows,RAINBOW,520,9.75,2011-05-17,2011,1,1,
PINE L,Pine Lake,Southwest Garfield,,Garfield,Rainbows,RAINBOW,910,9.75,2011-05-17,2011,1,1,
PINE L,Pine Lake,Southwest Garfield,,Garfield,Rainbows,RAINBOW,2080,9.75,2011-05-17,2011,2,2,
PINE L,Pine Lake,Southwest Garfield,,Garfield,Cutthroats,CUTTHROAT,2095,6.83,2011-05-19,2011,1,1,
PINE L,Pine Lake,Southwest Garfield,,Garfield,Brookies,BROOK TROUT,2161,3.26,2011-07-20,2011,1,1,
PINE L,Pine Lake,Southwest Garfield,,Garfield,Rainbows,RAINBOW,1610,9.95,2012-04-10,2012,1,1,
PINE L,Pine Lake,Southwest Garfield,,Garfield,Rainbows,RAINBOW,1029,9.78,2012-04-10,2012,1,2,
PINE L,Pine Lake,Southwest Garfield,,Garfield,Rainbows,RAINBOW,1029,9.78,2012-04-10,2012,2,2,
PINE L,Pine Lake,Southwest Garfield,,Garfield,Rainbows,RAINBOW,1380,9.95,2012-04-10,2012,1,1,
PINE L,Pine Lake,Southwest Garfield,,Garfield,Rainbows,RAINBOW,978,9.95,2012-04-10,2012,1,2,
PINE L,Pine Lake,Southwest Garfield,,Garfield,Rainbows,RAINBOW,978,9.95,2012-04-10,2012,2,2,
PINE L,Pine Lake,Southwest Garfield,,Garfield,Cutthroats,CUTTHROAT,1656,7.11,2012-05-29,2012,1,1,
PINE L,Pine Lake,Southwest Garfield,,Garfield,Rainbows,RAINBOW,4000,9.95,2013-04-23,2013,1,1,
PINE L,Pine Lake,Southwest Garfield,,Garfield,Cutthroats,CUTTHROAT,2244,7.58,2013-06-20,2013,1,1,
PINE L,Pine Lake,Southwest Garfield,,Garfield,Rainbows,RAINBOW,2996,8.85,2013-06-25,2013,1,1,
PINE L,Pine Lake,Southwest Garfield,,Garfield,Brookies,BROOK TROUT,2040,2.55,2013-07-01,2013,1,1,
PINE L,Pine Lake,Southwest Garfield,,Garfield,Rainbows,RAINBOW,7035,6.87,2014-03-27,2014,1,1,
PINE L,Pine Lake,Southwest Garfield,,Garfield,Cutthroats,CUTTHROAT,2000,6.76,2014-05-22,2014,1,1,
PINE L,Pine Lake,Southwest Garfield,,Garfield,Rainbows,RAINBOW,5511,9.21,2015-04-23,2015,1,1,
PINE L,Pine Lake,Southwest Garfield,,Garfield,Cutthroats,CUTTHROAT,2450,7.26,2015-05-12,2015,1,1,
PINE L,Pine Lake,Southwest Garfield,,Garfield,Rainbows,RAINBOW,1536,9.13,2015-05-12,2015,1,1,
PINE L,Pine Lake,Southwest Garfield,,Garfield,Brookies,BROOK TROUT,1300,2.97,2015-06-29,2015,1,1,
PINE L,Pine Lake,Southwest Garfield,,Garfield,Rainbows,RAINBOW,1965,9.58,2016-05-03,2016,1,1,
PINE L,Pine Lake,Southwest Garfield,,Garfield,Rainbows,RAINBOW,2560,8.97,2016-05-03,2016,1,1,
PINE L,Pine Lake,Southwest Garfield,,Garfield,Cutthroats,CUTTHROAT,2006,7.03,2016-06-01,2016,1,1,
PINE L,Pine Lake,Southwest Garfield,,Garfield,Rainbows,RAINBOW,2473,9.55,2016-06-01,2016,1,1,
PINE L,Pine Lake,Southwest Garfield,,Garfield,Brookies,BROOK TROUT,1533,2.9,2016-08-10,2016,1,1,
PINE L,Pine Lake,Southwest Garfield,,Garfield,Rainbows,RAINBOW,3984,9.95,2017-05-03,2017,1,1,
PINE L,Pine Lake,Southwest Garfield,,Garfield,Cutthroats,CUTTHROAT,2151,7.49,2017-06-20,2017,1,1,
PINE L,Pine Lake,Southwest Garfield,,Garfield,Rainbows,RAINBOW,2540,10.28,2017-06-20,2017,1,1,
PINE L,Pine Lake,Southwest Garfield,,Garfield,Brookies,BROOK TROUT,1007,2.55,2017-06-26,2017,1,1,
PINE L,Pine Lake,Southwest Garfield,,Garfield,Rainbows,RAINBOW,497,10.17,2017-07-27,2017,1,1,
PINE L,Pine Lake,Southwest Garfield,,Garfield,Cutthroats,CUTTHROAT,3880,1.81,2017-09-10,2017,1,1,
PINE L,Pine Lake,Southwest Garfield,,Garfield,Tigers,TIGER TROUT,1444,9.85,2018-04-27,2018,1,1,
PINE L,Pine Lake,Southwest Garfield,,Garfield,Rainbows,RAINBOW,1230,9.89,2018-05-01,2018,1,1,
PINE L,Pine Lake,Southwest Garfield,,Garfield,Rainbows,RAINBOW,2530,10.2,2018-05-01,2018,1,1,
PINE L,Pine Lake,Southwest Garfield,,Garfield,Rainbows,RAINBOW,1110,10.3,2018-06-06,2018,1,1,
PINE L,Pine Lake,Southwest Garfield,,Garfield,Rainbows,RAINBOW,2132,10.38,2018-06-06,2018,1,1,
PINE L,Pine Lake,Southwest Garfield,,Garfield,Brookies,BROOK TROUT,1001,2.84,2018-06-25,2018,1,1,
PINE L,Pine Lake,Southwest Garfield,,Garfield,Brookies,BROOK TROUT,2018,3.76,2018-08-20,2018,1,1,
PINE L,Pine Lake,Southwest Garfield,,Garfield,Cutthroats,CUTTHROAT,2429,2.07,2018-09-11,2018,1,1,
PINE L,Pine Lake,Southwest Garfield,,Garfield,Rainbows,RAINBOW,3558,9.93,2019-05-01,2019,1,1,
PINE L,Pine Lake,Southwest Garfield,,Garfield,Tigers,TIGER TROUT,1500,10.6,2019-05-09,2019,1,1,
PINE L,Pine Lake,Southwest Garfield,,Garfield,Rainbows,RAINBOW,1461,9.77,2019-06-04,2019,1,1,
PINE L,Pine Lake,Southwest Garfield,,Garfield,Brookies,BROOK TROUT,1003,2.84,2019-06-26,2019,1,1,
PINE L,Pine Lake,Southwest Garfield,,Garfield,Tigers,TIGER TROUT,1501,11.25,2019-07-08,2019,1,1,
PINE L,Pine Lake,Southwest Garfield,,Garfield,Cutthroats,CUTTHROAT,3452,1.55,2019-09-11,2019,1,1,
PINE L,Pine Lake,Southwest Garfield,,Garfield,Rainbows,RAINBOW,3630,10.28,2020-05-07,2020,1,1,
PINE L,Pine Lake,Southwest Garfield,,Garfield,Tigers,TIGER TROUT,1530,10.16,2020-05-07,2020,1,1,
PINE L,Pine Lake,Southwest Garfield,,Garfield,Rainbows,RAINBOW,3372,9.98,2020-06-18,2020,1,1,
PINE L,Pine Lake,Southwest Garfield,,Garfield,Brookies,BROOK TROUT,1009,2.55,2020-07-01,2020,1,1,
PINE L,Pine Lake,Southwest Garfield,,Garfield,Cutthroats,CUTTHROAT,3123,2.02,2020-09-08,2020,1,1,
PINE L,Pine Lake,Southwest Garfield,,Garfield,Rainbows,RAINBOW,2123,11.8,2021-04-28,2021,1,1,
PINE L,Pine Lake,Southwest Garfield,,Garfield,Rainbows,RAINBOW,1900,10.75,2021-05-25,2021,1,1,
PINE L,Pine Lake,Southwest Garfield,,Garfield,Rainbows,RAINBOW,1995,10.75,2021-05-26,2021,1,1,
PINE L,Pine Lake,Southwest Garfield,,Garfield,Tigers,TIGER TROUT,1530,9.88,2021-06-18,2021,1,1,
PINE L,Pine Lake,Southwest Garfield,,Garfield,Cutthroats,CUTTHROAT,2020,2.13,2021-09-09,2021,1,1,
PINE L,Pine Lake,Southwest Garfield,,Garfield,Rainbows,RAINBOW,3002,10.01,2022-04-19,2022,1,1,
PINE L,Pine Lake,Southwest Garfield,,Garfield,Rainbows,RAINBOW,2023,11.74,2022-05-24,2022,1,1,
PINE L,Pine Lake,Southwest Garfield,,Garfield,Tigers,TIGER TROUT,954,8.56,2022-06-06,2022,1,1,
PINE L,Pine Lake,Southwest Garfield,,Garfield,Rainbows,RAINBOW,1004,10.07,2022-06-22,2022,1,1,
PINE L,Pine Lake,Southwest Garfield,,Garfield,Cutthroats,CUTTHROAT,2034,2.04,2022-09-13,2022,1,1,
PINE L,Pine Lake,Southwest Garfield,,Garfield,Rainbows,RAINBOW,3010,10.85,2023-05-11,2023,1,1,
PINE L,Pine Lake,Southwest Garfield,,Garfield,Tigers,TIGER TROUT,886,9.47,2023-05-25,2023,1,1,
PINE L,Pine Lake,Southwest Garfield,,Garfield,Tigers,TIGER TROUT,623,8.7,2023-05-25,2023,1,1,
PINE L,Pine Lake,Southwest Garfield,,Garfield,Rainbows,RAINBOW,1820,9.94,2023-06-06,2023,1,1,
PINE L,Pine Lake,Southwest Garfield,,Garfield,Rainbows,RAINBOW,1200,12.24,2023-06-06,2023,1,1,
PINE L,Pine Lake,Southwest Garfield,,Garfield,Cutthroats,CUTTHROAT,2068,1.97,2023-09-14,2023,1,1,
PINE L,Pine Lake,Southwest Garfield,,Garfield,Rainbows,RAINBOW,3120,10.09,2024-04-25,2024,1,1,
PINE L,Pine Lake,Southwest Garfield,,Garfield,Tigers,TIGER TROUT,1512,8.99,2024-06-12,2024,1,1,
PINE L,Pine Lake,Southwest Garfield,,Garfield,Rainbows,RAINBOW,3200,9.7,2024-06-19,2024,1,1,
PINE L,Pine Lake,Southwest Garfield,,Garfield,Cutthroats,CUTTHROAT,2015,1.64,2024-09-18,2024,1,1,
PINE L,Pine Lake,Southwest Garfield,,Garfield,Rainbows,RAINBOW,1690,9.34,2025-04-30,2025,1,1,
PINE L,Pine Lake,Southwest Garfield,,Garfield,Rainbows,RAINBOW,1687,9.38,2025-04-30,2025,1,1,
PINE L,Pine Lake,Southwest Garfield,,Garfield,Rainbows,RAINBOW,1617,12.01,2025-04-30,2025,1,1,
PINE L,Pine Lake,Southwest Garfield,,Garfield,Tigers,TIGER TROUT,1515,9.38,2025-04-30,2025,1,1,
PINE L,Pine Lake,Southwest Garfield,,Garfield,Rainbows,RAINBOW,1035,10.18,2025-06-11,2025,1,1,
PINE L,Pine Lake,Southwest Garfield,,Garfield,Cutthroats,CUTTHROAT,4007,1.96,2025-09-09,2025,1,1,
PINE L,Pine Lake,Southwest Garfield,,Garfield,Rainbows,RAINBOW,3510,9.83,2026-04-15,2026,1,1,
PINE L,Pine Lake,Southwest Garfield,,Garfield,Tigers,TIGER TROUT,1501,9.67,2026-05-06,2026,1,1,
PINE L,Pine Lake,Southwest Garfield,,Garfield,Rainbows,RAINBOW,2494,9.47,2026-06-10,2026,1,1,
PLEASANT CR,Pleasant Creek,Boulder Mountain,,Garfield,Rainbows,RAINBOW,525,9.05,2007-05-15,2007,1,1,
PLEASANT CR,Pleasant Creek,Boulder Mountain,,Garfield,Rainbows,RAINBOW,502,10.11,2008-05-27,2008,1,1,
PLEASANT CR,Pleasant Creek,Boulder Mountain,,Garfield,Rainbows,RAINBOW,500,10.6,2009-06-05,2009,1,1,
PLEASANT CR,Pleasant Creek,Boulder Mountain,,Garfield,Rainbows,RAINBOW,508,9.72,2010-06-03,2010,1,1,
PLEASANT CR,Pleasant Creek,Boulder Mountain,,Garfield,Rainbows,RAINBOW,501,9.96,2011-06-01,2011,1,1,
PLEASANT CR,Pleasant Creek,Boulder Mountain,,Garfield,Rainbows,RAINBOW,149,10.49,2012-06-12,2012,1,1,
PLEASANT CR,Pleasant Creek,Boulder Mountain,,Garfield,Rainbows,RAINBOW,368,9.81,2012-06-12,2012,1,1,
PLEASANT CR,Pleasant Creek,Boulder Mountain,,Garfield,Rainbows,RAINBOW,252,8.85,2013-06-26,2013,1,1,
PLEASANT CR,Pleasant Creek,Boulder Mountain,,Garfield,Rainbows,RAINBOW,239,9.91,2013-07-30,2013,1,1,
PLEASANT CR,Pleasant Creek,Boulder Mountain,,Garfield,Rainbows,RAINBOW,248,8.45,2014-05-12,2014,1,1,
PLEASANT CR,Pleasant Creek,Boulder Mountain,,Garfield,Rainbows,RAINBOW,263,8.65,2014-07-21,2014,1,1,
PLEASANT CR,Pleasant Creek,Boulder Mountain,,Garfield,Rainbows,RAINBOW,504,9.54,2015-06-29,2015,1,1,
PLEASANT CR,Pleasant Creek,Boulder Mountain,,Garfield,Rainbows,RAINBOW,251,10.15,2016-07-06,2016,1,1,
PLEASANT CR,Pleasant Creek,Boulder Mountain,,Garfield,Rainbows,RAINBOW,206,10.37,2016-08-03,2016,1,1,
PLEASANT CR,Pleasant Creek,Boulder Mountain,,Garfield,Rainbows,RAINBOW,251,9.8,2017-07-05,2017,1,1,
PLEASANT CR,Pleasant Creek,Boulder Mountain,,Garfield,Rainbows,RAINBOW,251,10.47,2017-08-08,2017,1,1,
PLEASANT CR,Pleasant Creek,Boulder Mountain,,Garfield,Rainbows,RAINBOW,303,9.88,2018-06-07,2018,1,1,
PLEASANT CR,Pleasant Creek,Boulder Mountain,,Garfield,Rainbows,RAINBOW,200,9.93,2018-07-05,2018,1,1,
PLEASANT CR,Pleasant Creek,Boulder Mountain,,Garfield,Tigers,TIGER TROUT,501,5.63,2018-08-21,2018,1,1,
PLEASANT CR L-BTS,Pleasant Creek Lake,Boulder Mountain,Boulder Top (south),Garfield,Brookies,BROOK TROUT,252,2.88,2002-07-08,2002,1,1,
PLEASANT CR L-BTS,Pleasant Creek Lake,Boulder Mountain,Boulder Top (south),Garfield,Brookies,BROOK TROUT,250,2.62,2003-07-06,2003,1,1,
PLEASANT CR L-BTS,Pleasant Creek Lake,Boulder Mountain,Boulder Top (south),Garfield,Brookies,BROOK TROUT,254,2.34,2004-07-12,2004,1,1,
PLEASANT CR L-BTS,Pleasant Creek Lake,Boulder Mountain,Boulder Top (south),Garfield,Brookies,BROOK TROUT,256,2.33,2005-07-10,2005,1,1,
PLEASANT CR L-BTS,Pleasant Creek Lake,Boulder Mountain,Boulder Top (south),Garfield,Brookies,BROOK TROUT,252,2.88,2006-07-10,2006,1,1,
PLEASANT CR L-BTS,Pleasant Creek Lake,Boulder Mountain,Boulder Top (south),Garfield,Brookies,BROOK TROUT,248,3.22,2007-07-12,2007,1,1,
PLEASANT CR L-BTS,Pleasant Creek Lake,Boulder Mountain,Boulder Top (south),Garfield,Brookies,BROOK TROUT,255,3.2,2008-07-07,2008,1,1,
PLEASANT CR L-BTS,Pleasant Creek Lake,Boulder Mountain,Boulder Top (south),Garfield,Brookies,BROOK TROUT,260,2.89,2009-07-15,2009,1,1,
PLEASANT CR L-BTS,Pleasant Creek Lake,Boulder Mountain,Boulder Top (south),Garfield,Brookies,BROOK TROUT,263,2.71,2010-07-07,2010,1,1,
PLEASANT CR L-BTS,Pleasant Creek Lake,Boulder Mountain,Boulder Top (south),Garfield,Brookies,BROOK TROUT,257,3.27,2011-07-28,2011,1,1,
PLEASANT CR L-BTS,Pleasant Creek Lake,Boulder Mountain,Boulder Top (south),Garfield,Brookies,BROOK TROUT,247,2.63,2012-07-13,2012,1,1,
PLEASANT CR L-BTS,Pleasant Creek Lake,Boulder Mountain,Boulder Top (south),Garfield,Brookies,BROOK TROUT,260,2.55,2013-07-01,2013,1,1,
PLEASANT CR L-BTS,Pleasant Creek Lake,Boulder Mountain,Boulder Top (south),Garfield,Grayling,GRAYLING ARCTIC,299,3.13,2013-09-16,2013,1,1,
PLEASANT CR L-BTS,Pleasant Creek Lake,Boulder Mountain,Boulder Top (south),Garfield,Brookies,BROOK TROUT,110,1.9,2014-06-11,2014,1,1,
PLEASANT CR L-BTS,Pleasant Creek Lake,Boulder Mountain,Boulder Top (south),Garfield,Grayling,GRAYLING ARCTIC,510,2.27,2014-08-27,2014,1,1,
PLEASANT CR L-BTS,Pleasant Creek Lake,Boulder Mountain,Boulder Top (south),Garfield,Brookies,BROOK TROUT,105,2.97,2015-06-29,2015,1,1,
PLEASANT CR L-BTS,Pleasant Creek Lake,Boulder Mountain,Boulder Top (south),Garfield,Grayling,GRAYLING ARCTIC,232,2.4,2015-08-24,2015,1,1,
PLEASANT CR L-BTS,Pleasant Creek Lake,Boulder Mountain,Boulder Top (south),Garfield,Brookies,BROOK TROUT,150,2.27,2016-06-27,2016,1,1,
PLEASANT CR L-BTS,Pleasant Creek Lake,Boulder Mountain,Boulder Top (south),Garfield,Brookies,BROOK TROUT,105,2.55,2017-06-26,2017,1,1,
PLEASANT CR L-BTS,Pleasant Creek Lake,Boulder Mountain,Boulder Top (south),Garfield,Grayling,GRAYLING ARCTIC,250,2.79,2017-09-18,2017,1,1,
PLEASANT CR L-BTS,Pleasant Creek Lake,Boulder Mountain,Boulder Top (south),Garfield,Brookies,BROOK TROUT,98,2.84,2018-06-25,2018,1,1,
PLEASANT CR L-BTS,Pleasant Creek Lake,Boulder Mountain,Boulder Top (south),Garfield,Grayling,GRAYLING ARCTIC,255,3.25,2018-10-09,2018,1,1,
PLEASANT CR L-BTS,Pleasant Creek Lake,Boulder Mountain,Boulder Top (south),Garfield,Grayling,GRAYLING ARCTIC,250,2.29,2019-09-24,2019,1,1,
PLEASANT CR L-BTS,Pleasant Creek Lake,Boulder Mountain,Boulder Top (south),Garfield,Brookies,BROOK TROUT,106,2.55,2020-07-01,2020,1,1,
PLEASANT CR L-BTS,Pleasant Creek Lake,Boulder Mountain,Boulder Top (south),Garfield,Grayling,GRAYLING ARCTIC,252,2.81,2020-09-28,2020,1,1,
PLEASANT CR L-BTS,Pleasant Creek Lake,Boulder Mountain,Boulder Top (south),Garfield,Brookies,BROOK TROUT,101,2.71,2021-07-06,2021,1,1,
PLEASANT CR L-BTS,Pleasant Creek Lake,Boulder Mountain,Boulder Top (south),Garfield,Grayling,GRAYLING ARCTIC,258,2.65,2021-09-23,2021,1,1,
PLEASANT CR L-BTS,Pleasant Creek Lake,Boulder Mountain,Boulder Top (south),Garfield,Brookies,BROOK TROUT,97,2.96,2022-07-07,2022,1,1,
PLEASANT CR L-BTS,Pleasant Creek Lake,Boulder Mountain,Boulder Top (south),Garfield,Brookies,BROOK TROUT,104,2.57,2023-07-10,2023,1,1,
PLEASANT CR L-BTS,Pleasant Creek Lake,Boulder Mountain,Boulder Top (south),Garfield,Brookies,BROOK TROUT,96,2.63,2024-06-24,2024,1,1,
PLEASANT CR L-BTS,Pleasant Creek Lake,Boulder Mountain,Boulder Top (south),Garfield,Grayling,GRAYLING ARCTIC,398,2.47,2024-09-25,2024,1,1,
PLEASANT CR L-BTS,Pleasant Creek Lake,Boulder Mountain,Boulder Top (south),Garfield,Brookies,BROOK TROUT,96,2.97,2025-06-23,2025,1,1,
PLEASANT CR L-BTS,Pleasant Creek Lake,Boulder Mountain,Boulder Top (south),Garfield,Brookies,BROOK TROUT,80,2.93,2026-07-14,2026,1,1,
POSEY L,Posey Lake,Boulder Mountain,,Garfield,Rainbows,RAINBOW,1120,9.17,2002-05-14,2002,1,1,
POSEY L,Posey Lake,Boulder Mountain,,Garfield,Brookies,BROOK TROUT,2499,2.88,2002-07-08,2002,1,1,
POSEY L,Posey Lake,Boulder Mountain,,Garfield,Rainbows,RAINBOW,1501,9.87,2002-08-02,2002,1,1,
POSEY L,Posey Lake,Boulder Mountain,,Garfield,Rainbows,RAINBOW,501,9.69,2002-08-06,2002,1,1,
POSEY L,Posey Lake,Boulder Mountain,,Garfield,Rainbows,RAINBOW,1502,9.29,2003-06-25,2003,1,1,
POSEY L,Posey Lake,Boulder Mountain,,Garfield,Brookies,BROOK TROUT,1807,2.62,2003-07-06,2003,1,1,
POSEY L,Posey Lake,Boulder Mountain,,Garfield,Rainbows,RAINBOW,77,10.43,2003-07-21,2003,1,1,
POSEY L,Posey Lake,Boulder Mountain,,Garfield,Rainbows,RAINBOW,1428,10.88,2003-07-24,2003,1,1,
POSEY L,Posey Lake,Boulder Mountain,,Garfield,Rainbows,RAINBOW,1495,10.69,2003-08-04,2003,1,1,
POSEY L,Posey Lake,Boulder Mountain,,Garfield,Rainbows,RAINBOW,1308,8.71,2004-06-17,2004,1,1,
POSEY L,Posey Lake,Boulder Mountain,,Garfield,Rainbows,RAINBOW,1350,9.56,2004-07-02,2004,1,1,
POSEY L,Posey Lake,Boulder Mountain,,Garfield,Brookies,BROOK TROUT,2496,2.32,2004-07-15,2004,1,1,
POSEY L,Posey Lake,Boulder Mountain,,Garfield,Rainbows,RAINBOW,1344,9.8,2004-07-20,2004,1,1,
POSEY L,Posey Lake,Boulder Mountain,,Garfield,Rainbows,RAINBOW,1070,10.22,2005-06-15,2005,1,1,
POSEY L,Posey Lake,Boulder Mountain,,Garfield,Brookies,BROOK TROUT,2910,2.34,2005-07-10,2005,1,1,
POSEY L,Posey Lake,Boulder Mountain,,Garfield,Rainbows,RAINBOW,1034,9.94,2005-07-15,2005,1,1,
POSEY L,Posey Lake,Boulder Mountain,,Garfield,Rainbows,RAINBOW,1016,11.01,2005-08-18,2005,1,1,
POSEY L,Posey Lake,Boulder Mountain,,Garfield,All Trout,ALL TROUT,1036,10.67,2006-06-05,2006,1,1,unknown-species
POSEY L,Posey Lake,Boulder Mountain,,Garfield,Rainbows,RAINBOW,1012,10.52,2006-06-26,2006,1,1,
POSEY L,Posey Lake,Boulder Mountain,,Garfield,Brookies,BROOK TROUT,2499,2.88,2006-07-10,2006,1,1,
POSEY L,Posey Lake,Boulder Mountain,,Garfield,Rainbows,RAINBOW,1087,9.93,2006-07-20,2006,1,1,
POSEY L,Posey Lake,Boulder Mountain,,Garfield,Grayling,GRAYLING ARCTIC,2499,1.66,2006-08-07,2006,1,1,
POSEY L,Posey Lake,Boulder Mountain,,Garfield,Rainbows,RAINBOW,1701,10.71,2007-05-25,2007,1,1,
POSEY L,Posey Lake,Boulder Mountain,,Garfield,Rainbows,RAINBOW,1512,10.62,2007-06-21,2007,1,1,
POSEY L,Posey Lake,Boulder Mountain,,Garfield,Brookies,BROOK TROUT,2498,3.22,2007-07-12,2007,1,1,
POSEY L,Posey Lake,Boulder Mountain,,Garfield,Rainbows,RAINBOW,1407,10.42,2007-07-17,2007,1,1,
POSEY L,Posey Lake,Boulder Mountain,,Garfield,Grayling,GRAYLING ARCTIC,2501,1.5,2007-07-31,2007,1,1,
POSEY L,Posey Lake,Boulder Mountain,,Garfield,Rainbows,RAINBOW,2025,9.6,2008-05-20,2008,1,1,
POSEY L,Posey Lake,Boulder Mountain,,Garfield,Rainbows,RAINBOW,1973,9.68,2008-06-16,2008,1,1,
POSEY L,Posey Lake,Boulder Mountain,,Garfield,Brookies,BROOK TROUT,1569,3.35,2008-07-14,2008,1,1,
POSEY L,Posey Lake,Boulder Mountain,,Garfield,Brookies,BROOK TROUT,948,4.14,2008-07-14,2008,1,1,
POSEY L,Posey Lake,Boulder Mountain,,Garfield,Rainbows,RAINBOW,1221,10.18,2008-07-14,2008,1,1,
POSEY L,Posey Lake,Boulder Mountain,,Garfield,Rainbows,RAINBOW,779,10.06,2008-07-14,2008,1,1,
POSEY L,Posey Lake,Boulder Mountain,,Garfield,Rainbows,RAINBOW,1506,10.67,2009-05-19,2009,1,1,
POSEY L,Posey Lake,Boulder Mountain,,Garfield,Brookies,BROOK TROUT,2703,3.03,2009-06-08,2009,1,1,
POSEY L,Posey Lake,Boulder Mountain,,Garfield,Rainbows,RAINBOW,1463,10.63,2009-06-08,2009,1,1,
POSEY L,Posey Lake,Boulder Mountain,,Garfield,Rainbows,RAINBOW,1512,10.78,2009-06-29,2009,1,1,
POSEY L,Posey Lake,Boulder Mountain,,Garfield,Rainbows,RAINBOW,1502,11.41,2009-07-20,2009,1,1,
POSEY L,Posey Lake,Boulder Mountain,,Garfield,Brookies,BROOK TROUT,2520,2.4,2010-05-24,2010,1,1,
POSEY L,Posey Lake,Boulder Mountain,,Garfield,Rainbows,RAINBOW,1501,9.64,2010-05-24,2010,1,1,
POSEY L,Posey Lake,Boulder Mountain,,Garfield,Rainbows,RAINBOW,1512,9.33,2010-06-14,2010,1,1,
POSEY L,Posey Lake,Boulder Mountain,,Garfield,Rainbows,RAINBOW,1465,9.42,2010-07-02,2010,1,1,
POSEY L,Posey Lake,Boulder Mountain,,Garfield,Rainbows,RAINBOW,1524,9.27,2010-07-22,2010,1,1,
POSEY L,Posey Lake,Boulder Mountain,,Garfield,Brookies,BROOK TROUT,2510,2.31,2011-05-24,2011,1,1,
POSEY L,Posey Lake,Boulder Mountain,,Garfield,Rainbows,RAINBOW,760,10.36,2011-05-24,2011,1,2,
POSEY L,Posey Lake,Boulder Mountain,,Garfield,Rainbows,RAINBOW,760,10.36,2011-05-24,2011,2,2,
POSEY L,Posey Lake,Boulder Mountain,,Garfield,Rainbows,RAINBOW,1488,10.04,2011-06-07,2011,1,1,
POSEY L,Posey Lake,Boulder Mountain,,Garfield,Rainbows,RAINBOW,1528,10.09,2011-06-20,2011,1,1,
POSEY L,Posey Lake,Boulder Mountain,,Garfield,Brookies,BROOK TROUT,2506,2.43,2012-05-21,2012,1,1,
POSEY L,Posey Lake,Boulder Mountain,,Garfield,Rainbows,RAINBOW,1784,10.08,2012-05-21,2012,1,1,
POSEY L,Posey Lake,Boulder Mountain,,Garfield,Rainbows,RAINBOW,891,10.49,2012-06-12,2012,1,1,
POSEY L,Posey Lake,Boulder Mountain,,Garfield,Rainbows,RAINBOW,370,9.81,2012-06-12,2012,1,1,
POSEY L,Posey Lake,Boulder Mountain,,Garfield,Rainbows,RAINBOW,1505,10.99,2012-06-26,2012,1,1,
POSEY L,Posey Lake,Boulder Mountain,,Garfield,Rainbows,RAINBOW,1491,7.93,2013-05-28,2013,1,1,
POSEY L,Posey Lake,Boulder Mountain,,Garfield,Rainbows,RAINBOW,1502,8.85,2013-06-25,2013,1,1,
POSEY L,Posey Lake,Boulder Mountain,,Garfield,Brookies,BROOK TROUT,2558,2.55,2013-07-01,2013,1,1,
POSEY L,Posey Lake,Boulder Mountain,,Garfield,Rainbows,RAINBOW,1424,9.91,2013-07-30,2013,1,1,
POSEY L,Posey Lake,Boulder Mountain,,Garfield,Rainbows,RAINBOW,1512,8.32,2014-06-02,2014,1,1,
POSEY L,Posey Lake,Boulder Mountain,,Garfield,Brookies,BROOK TROUT,513,1.9,2014-06-11,2014,1,1,
POSEY L,Posey Lake,Boulder Mountain,,Garfield,Rainbows,RAINBOW,1499,8.61,2014-06-26,2014,1,1,
POSEY L,Posey Lake,Boulder Mountain,,Garfield,Rainbows,RAINBOW,1500,8.65,2014-07-21,2014,1,1,
POSEY L,Posey Lake,Boulder Mountain,,Garfield,Rainbows,RAINBOW,1997,8.98,2015-06-11,2015,1,1,
POSEY L,Posey Lake,Boulder Mountain,,Garfield,Brookies,BROOK TROUT,505,2.97,2015-06-29,2015,1,1,
POSEY L,Posey Lake,Boulder Mountain,,Garfield,Rainbows,RAINBOW,1012,9.54,2015-06-29,2015,1,1,
POSEY L,Posey Lake,Boulder Mountain,,Garfield,Tigers,TIGER TROUT,146,3.5,2015-06-30,2015,1,1,
POSEY L,Posey Lake,Boulder Mountain,,Garfield,Rainbows,RAINBOW,1499,9.38,2015-07-20,2015,1,1,
POSEY L,Posey Lake,Boulder Mountain,,Garfield,Rainbows,RAINBOW,1524,9.55,2016-06-02,2016,1,1,
POSEY L,Posey Lake,Boulder Mountain,,Garfield,Brookies,BROOK TROUT,537,2.27,2016-06-27,2016,1,1,
POSEY L,Posey Lake,Boulder Mountain,,Garfield,Tigers,TIGER TROUT,98,3.55,2016-06-27,2016,1,1,
POSEY L,Posey Lake,Boulder Mountain,,Garfield,Rainbows,RAINBOW,1499,10.05,2016-07-06,2016,1,1,
POSEY L,Posey Lake,Boulder Mountain,,Garfield,Rainbows,RAINBOW,1474,10.16,2016-08-03,2016,1,1,
POSEY L,Posey Lake,Boulder Mountain,,Garfield,Rainbows,RAINBOW,1617,10.1,2017-06-05,2017,1,1,
POSEY L,Posey Lake,Boulder Mountain,,Garfield,Brookies,BROOK TROUT,105,2.55,2017-06-26,2017,1,1,
POSEY L,Posey Lake,Boulder Mountain,,Garfield,Splake,SPLAKE,99,3.12,2017-06-26,2017,1,1,
POSEY L,Posey Lake,Boulder Mountain,,Garfield,Tigers,TIGER TROUT,100,2.71,2017-06-26,2017,1,1,
POSEY L,Posey Lake,Boulder Mountain,,Garfield,Rainbows,RAINBOW,1494,10.78,2017-07-11,2017,1,1,
POSEY L,Posey Lake,Boulder Mountain,,Garfield,Rainbows,RAINBOW,1392,10.47,2017-08-08,2017,1,1,
POSEY L,Posey Lake,Boulder Mountain,,Garfield,Rainbows,RAINBOW,1501,9.88,2018-06-07,2018,1,1,
POSEY L,Posey Lake,Boulder Mountain,,Garfield,Brookies,BROOK TROUT,98,2.84,2018-06-25,2018,1,1,
POSEY L,Posey Lake,Boulder Mountain,,Garfield,Splake,SPLAKE,104,3.2,2018-06-25,2018,1,1,
POSEY L,Posey Lake,Boulder Mountain,,Garfield,Tigers,TIGER TROUT,11,2.83,2018-06-25,2018,1,1,
POSEY L,Posey Lake,Boulder Mountain,,Garfield,Rainbows,RAINBOW,1001,10.31,2018-06-28,2018,1,1,
POSEY L,Posey Lake,Boulder Mountain,,Garfield,Rainbows,RAINBOW,1040,10.36,2018-07-04,2018,1,1,
POSEY L,Posey Lake,Boulder Mountain,,Garfield,Rainbows,RAINBOW,960,9.95,2018-07-23,2018,1,1,
POSEY L,Posey Lake,Boulder Mountain,,Garfield,Rainbows,RAINBOW,1961,9.79,2019-06-26,2019,1,1,
POSEY L,Posey Lake,Boulder Mountain,,Garfield,Brookies,BROOK TROUT,108,2.85,2019-07-03,2019,1,1,
POSEY L,Posey Lake,Boulder Mountain,,Garfield,Tigers,TIGER TROUT,208,2.89,2019-07-03,2019,1,1,
POSEY L,Posey Lake,Boulder Mountain,,Garfield,Rainbows,RAINBOW,1075,10.45,2019-07-10,2019,1,1,
POSEY L,Posey Lake,Boulder Mountain,,Garfield,Rainbows,RAINBOW,968,12.43,2019-08-01,2019,1,1,
POSEY L,Posey Lake,Boulder Mountain,,Garfield,Rainbows,RAINBOW,1498,10.54,2020-06-03,2020,1,1,
POSEY L,Posey Lake,Boulder Mountain,,Garfield,Rainbows,RAINBOW,1069,9.7,2020-06-17,2020,1,1,
POSEY L,Posey Lake,Boulder Mountain,,Garfield,Brookies,BROOK TROUT,409,2.69,2020-07-01,2020,1,1,
POSEY L,Posey Lake,Boulder Mountain,,Garfield,Splake,SPLAKE,106,3.25,2020-07-01,2020,1,1,
POSEY L,Posey Lake,Boulder Mountain,,Garfield,Tigers,TIGER TROUT,110,2.84,2020-07-01,2020,1,1,
POSEY L,Posey Lake,Boulder Mountain,,Garfield,Rainbows,RAINBOW,1008,10.3,2020-07-13,2020,1,1,
POSEY L,Posey Lake,Boulder Mountain,,Garfield,Rainbows,RAINBOW,1004,9.99,2020-07-27,2020,1,1,
POSEY L,Posey Lake,Boulder Mountain,,Garfield,Rainbows,RAINBOW,515,10.0,2021-06-02,2021,1,1,
POSEY L,Posey Lake,Boulder Mountain,,Garfield,Rainbows,RAINBOW,528,10.45,2021-06-21,2021,1,1,
POSEY L,Posey Lake,Boulder Mountain,,Garfield,Brookies,BROOK TROUT,406,2.76,2021-07-06,2021,1,1,
POSEY L,Posey Lake,Boulder Mountain,,Garfield,Splake,SPLAKE,90,3.33,2021-07-06,2021,1,1,
POSEY L,Posey Lake,Boulder Mountain,,Garfield,Tigers,TIGER TROUT,98,2.95,2021-07-06,2021,1,1,
POSEY L,Posey Lake,Boulder Mountain,,Garfield,Rainbows,RAINBOW,545,10.48,2021-07-07,2021,1,1,
POSEY L,Posey Lake,Boulder Mountain,,Garfield,Rainbows,RAINBOW,510,10.64,2021-07-20,2021,1,1,
POSEY L,Posey Lake,Boulder Mountain,,Garfield,Rainbows,RAINBOW,680,10.84,2021-08-04,2021,1,1,
POSEY L,Posey Lake,Boulder Mountain,,Garfield,Rainbows,RAINBOW,571,10.03,2022-06-15,2022,1,1,
POSEY L,Posey Lake,Boulder Mountain,,Garfield,Brookies,BROOK TROUT,299,2.96,2022-07-07,2022,1,1,
POSEY L,Posey Lake,Boulder Mountain,,Garfield,Tigers,TIGER TROUT,101,2.82,2022-07-07,2022,1,1,
POSEY L,Posey Lake,Boulder Mountain,,Garfield,Rainbows,RAINBOW,808,10.65,2022-07-11,2022,1,1,
POSEY L,Posey Lake,Boulder Mountain,,Garfield,Rainbows,RAINBOW,787,10.59,2022-07-27,2022,1,1,
POSEY L,Posey Lake,Boulder Mountain,,Garfield,Rainbows,RAINBOW,516,10.03,2023-06-15,2023,1,1,
POSEY L,Posey Lake,Boulder Mountain,,Garfield,Rainbows,RAINBOW,662,10.45,2023-07-03,2023,1,1,
POSEY L,Posey Lake,Boulder Mountain,,Garfield,Brookies,BROOK TROUT,296,2.57,2023-07-10,2023,1,1,
POSEY L,Posey Lake,Boulder Mountain,,Garfield,Splake,SPLAKE,104,2.44,2023-07-10,2023,1,1,
POSEY L,Posey Lake,Boulder Mountain,,Garfield,Tigers,TIGER TROUT,96,2.87,2023-07-10,2023,1,1,
POSEY L,Posey Lake,Boulder Mountain,,Garfield,Rainbows,RAINBOW,674,10.75,2023-08-01,2023,1,1,
POSEY L,Posey Lake,Boulder Mountain,,Garfield,Rainbows,RAINBOW,639,7.88,2024-06-19,2024,1,1,
POSEY L,Posey Lake,Boulder Mountain,,Garfield,Brookies,BROOK TROUT,305,2.62,2024-06-25,2024,1,1,
POSEY L,Posey Lake,Boulder Mountain,,Garfield,Splake,SPLAKE,95,2.65,2024-06-25,2024,1,1,
POSEY L,Posey Lake,Boulder Mountain,,Garfield,Tigers,TIGER TROUT,104,2.68,2024-06-25,2024,1,1,
POSEY L,Posey Lake,Boulder Mountain,,Garfield,Rainbows,RAINBOW,602,8.54,2024-07-08,2024,1,1,
POSEY L,Posey Lake,Boulder Mountain,,Garfield,Rainbows,RAINBOW,629,9.11,2024-08-07,2024,1,1,
POSEY L,Posey Lake,Boulder Mountain,,Garfield,Brookies,BROOK TROUT,300,2.86,2025-06-12,2025,1,1,
POSEY L,Posey Lake,Boulder Mountain,,Garfield,Rainbows,RAINBOW,653,9.44,2025-06-12,2025,1,1,
POSEY L,Posey Lake,Boulder Mountain,,Garfield,Splake,SPLAKE,100,3.51,2025-06-12,2025,1,1,
POSEY L,Posey Lake,Boulder Mountain,,Garfield,Tigers,TIGER TROUT,101,2.77,2025-06-12,2025,1,1,
POSEY L,Posey Lake,Boulder Mountain,,Garfield,Rainbows,RAINBOW,202,9.73,2025-07-09,2025,1,1,
POSEY L,Posey Lake,Boulder Mountain,,Garfield,Rainbows,RAINBOW,946,10.33,2025-07-09,2025,1,1,
POSEY L,Posey Lake,Boulder Mountain,,Garfield,Rainbows,RAINBOW,1001,9.83,2026-04-23,2026,1,1,
POSEY L,Posey Lake,Boulder Mountain,,Garfield,Rainbows,RAINBOW,798,9.59,2026-06-17,2026,1,1,
POSEY L,Posey Lake,Boulder Mountain,,Garfield,Brookies,BROOK TROUT,299,2.93,2026-07-13,2026,1,1,
POSEY L,Posey Lake,Boulder Mountain,,Garfield,Splake,SPLAKE,104,2.82,2026-07-13,2026,1,1,
POSEY L,Posey Lake,Boulder Mountain,,Garfield,Tigers,TIGER TROUT,96,2.87,2026-07-13,2026,1,1,
PURPLE L GT,Purple Lake,Griffin Top,Griffin Top,Garfield,Brookies,BROOK TROUT,504,2.88,2002-07-08,2002,1,1,
PURPLE L GT,Purple Lake,Griffin Top,Griffin Top,Garfield,Brookies,BROOK TROUT,500,2.62,2003-07-06,2003,1,1,
PURPLE L GT,Purple Lake,Griffin Top,Griffin Top,Garfield,Brookies,BROOK TROUT,507,2.34,2004-07-12,2004,1,1,
PURPLE L GT,Purple Lake,Griffin Top,Griffin Top,Garfield,Brookies,BROOK TROUT,504,2.34,2005-07-10,2005,1,1,
PURPLE L GT,Purple Lake,Griffin Top,Griffin Top,Garfield,Brookies,BROOK TROUT,504,2.88,2006-07-10,2006,1,1,
PURPLE L GT,Purple Lake,Griffin Top,Griffin Top,Garfield,Brookies,BROOK TROUT,503,3.22,2007-07-12,2007,1,1,
PURPLE L GT,Purple Lake,Griffin Top,Griffin Top,Garfield,Brookies,BROOK TROUT,510,3.2,2008-07-07,2008,1,1,
PURPLE L GT,Purple Lake,Griffin Top,Griffin Top,Garfield,Brookies,BROOK TROUT,519,2.89,2009-07-15,2009,1,1,
PURPLE L GT,Purple Lake,Griffin Top,Griffin Top,Garfield,Brookies,BROOK TROUT,514,2.71,2010-07-07,2010,1,1,
PURPLE L GT,Purple Lake,Griffin Top,Griffin Top,Garfield,Brookies,BROOK TROUT,501,3.27,2011-07-28,2011,1,1,
PURPLE L GT,Purple Lake,Griffin Top,Griffin Top,Garfield,Brookies,BROOK TROUT,502,2.55,2013-07-01,2013,1,1,
PURPLE L GT,Purple Lake,Griffin Top,Griffin Top,Garfield,Grayling,GRAYLING ARCTIC,988,3.13,2013-09-16,2013,1,1,
PURPLE L GT,Purple Lake,Griffin Top,Griffin Top,Garfield,Brookies,BROOK TROUT,293,1.9,2014-06-11,2014,1,1,
PURPLE L GT,Purple Lake,Griffin Top,Griffin Top,Garfield,Brookies,BROOK TROUT,305,2.97,2015-06-29,2015,1,1,
PURPLE L GT,Purple Lake,Griffin Top,Griffin Top,Garfield,Brookies,BROOK TROUT,343,2.27,2016-06-27,2016,1,1,
PURPLE L GT,Purple Lake,Griffin Top,Griffin Top,Garfield,Brookies,BROOK TROUT,300,2.55,2017-06-26,2017,1,1,
PURPLE L GT,Purple Lake,Griffin Top,Griffin Top,Garfield,Brookies,BROOK TROUT,305,2.84,2018-06-25,2018,1,1,
PURPLE L GT,Purple Lake,Griffin Top,Griffin Top,Garfield,Brookies,BROOK TROUT,302,2.55,2020-07-01,2020,1,1,
PURPLE L GT,Purple Lake,Griffin Top,Griffin Top,Garfield,Brookies,BROOK TROUT,191,2.76,2021-07-06,2021,1,1,
PURPLE L GT,Purple Lake,Griffin Top,Griffin Top,Garfield,Brookies,BROOK TROUT,201,2.97,2022-07-07,2022,1,1,
PURPLE L GT,Purple Lake,Griffin Top,Griffin Top,Garfield,Brookies,BROOK TROUT,235,2.63,2023-07-11,2023,1,1,
PURPLE L GT,Purple Lake,Griffin Top,Griffin Top,Garfield,Brookies,BROOK TROUT,205,2.63,2024-06-24,2024,1,1,
PURPLE L GT,Purple Lake,Griffin Top,Griffin Top,Garfield,Brookies,BROOK TROUT,201,2.92,2025-06-23,2025,1,1,
PURPLE L GT,Purple Lake,Griffin Top,Griffin Top,Garfield,Brookies,BROOK TROUT,200,2.77,2026-07-13,2026,1,1,
RAFT L BTN,Raft Lake,Boulder Mountain,Boulder Top (north),Wayne,Brookies,BROOK TROUT,504,2.88,2002-07-08,2002,1,1,
RAFT L BTN,Raft Lake,Boulder Mountain,Boulder Top (north),Wayne,Brookies,BROOK TROUT,500,2.62,2003-07-06,2003,1,1,
RAFT L BTN,Raft Lake,Boulder Mountain,Boulder Top (north),Wayne,Grayling,GRAYLING ARCTIC,492,0.89,2003-08-05,2003,1,1,
RAFT L BTN,Raft Lake,Boulder Mountain,Boulder Top (north),Wayne,Brookies,BROOK TROUT,507,2.34,2004-07-12,2004,1,1,
RAFT L BTN,Raft Lake,Boulder Mountain,Boulder Top (north),Wayne,Brookies,BROOK TROUT,493,2.33,2005-07-10,2005,1,1,
RAFT L BTN,Raft Lake,Boulder Mountain,Boulder Top (north),Wayne,Grayling,GRAYLING ARCTIC,990,0.76,2005-07-18,2005,1,1,
RAFT L BTN,Raft Lake,Boulder Mountain,Boulder Top (north),Wayne,Brookies,BROOK TROUT,504,2.88,2006-07-10,2006,1,1,
RAFT L BTN,Raft Lake,Boulder Mountain,Boulder Top (north),Wayne,Grayling,GRAYLING ARCTIC,1003,1.66,2006-08-07,2006,1,1,
RAFT L BTN,Raft Lake,Boulder Mountain,Boulder Top (north),Wayne,Brookies,BROOK TROUT,503,3.22,2007-07-12,2007,1,1,
RAFT L BTN,Raft Lake,Boulder Mountain,Boulder Top (north),Wayne,Grayling,GRAYLING ARCTIC,997,1.5,2007-07-31,2007,1,1,
RAFT L BTN,Raft Lake,Boulder Mountain,Boulder Top (north),Wayne,Brookies,BROOK TROUT,510,3.2,2008-07-07,2008,1,1,
RAFT L BTN,Raft Lake,Boulder Mountain,Boulder Top (north),Wayne,Grayling,GRAYLING ARCTIC,1000,1.17,2008-07-28,2008,1,1,
RAFT L BTN,Raft Lake,Boulder Mountain,Boulder Top (north),Wayne,Brookies,BROOK TROUT,519,2.89,2009-07-15,2009,1,1,
RAFT L BTN,Raft Lake,Boulder Mountain,Boulder Top (north),Wayne,Grayling,GRAYLING ARCTIC,1015,1.4,2009-08-04,2009,1,1,
RAFT L BTN,Raft Lake,Boulder Mountain,Boulder Top (north),Wayne,Brookies,BROOK TROUT,512,2.62,2010-07-12,2010,1,1,
RAFT L BTN,Raft Lake,Boulder Mountain,Boulder Top (north),Wayne,Grayling,GRAYLING ARCTIC,1007,2.02,2010-09-13,2010,1,1,
RAFT L BTN,Raft Lake,Boulder Mountain,Boulder Top (north),Wayne,Brookies,BROOK TROUT,508,3.27,2011-07-28,2011,1,1,
RAFT L BTN,Raft Lake,Boulder Mountain,Boulder Top (north),Wayne,Brookies,BROOK TROUT,498,2.47,2012-07-06,2012,1,1,
RAFT L BTN,Raft Lake,Boulder Mountain,Boulder Top (north),Wayne,Brookies,BROOK TROUT,502,2.55,2013-07-01,2013,1,1,
RAFT L BTN,Raft Lake,Boulder Mountain,Boulder Top (north),Wayne,Grayling,GRAYLING ARCTIC,494,3.13,2013-09-24,2013,1,1,
RAFT L BTN,Raft Lake,Boulder Mountain,Boulder Top (north),Wayne,Brookies,BROOK TROUT,513,1.9,2014-06-11,2014,1,1,
RAFT L BTN,Raft Lake,Boulder Mountain,Boulder Top (north),Wayne,Grayling,GRAYLING ARCTIC,510,2.27,2014-08-27,2014,1,1,
RAFT L BTN,Raft Lake,Boulder Mountain,Boulder Top (north),Wayne,Brookies,BROOK TROUT,505,2.97,2015-06-29,2015,1,1,
RAFT L BTN,Raft Lake,Boulder Mountain,Boulder Top (north),Wayne,Grayling,GRAYLING ARCTIC,493,2.4,2015-08-24,2015,1,1,
RAFT L BTN,Raft Lake,Boulder Mountain,Boulder Top (north),Wayne,Brookies,BROOK TROUT,537,2.27,2016-06-27,2016,1,1,
RAFT L BTN,Raft Lake,Boulder Mountain,Boulder Top (north),Wayne,Brookies,BROOK TROUT,511,2.55,2017-06-26,2017,1,1,
RAFT L BTN,Raft Lake,Boulder Mountain,Boulder Top (north),Wayne,Grayling,GRAYLING ARCTIC,500,2.79,2017-09-18,2017,1,1,
RAFT L BTN,Raft Lake,Boulder Mountain,Boulder Top (north),Wayne,Brookies,BROOK TROUT,501,2.84,2018-06-25,2018,1,1,
RAFT L BTN,Raft Lake,Boulder Mountain,Boulder Top (north),Wayne,Splake,SPLAKE,104,3.2,2018-06-25,2018,1,1,
RAFT L BTN,Raft Lake,Boulder Mountain,Boulder Top (north),Wayne,Brookies,BROOK TROUT,500,2.88,2019-07-03,2019,1,1,
RAFT L BTN,Raft Lake,Boulder Mountain,Boulder Top (north),Wayne,Grayling,GRAYLING ARCTIC,500,2.29,2019-09-24,2019,1,1,
RAFT L BTN,Raft Lake,Boulder Mountain,Boulder Top (north),Wayne,Brookies,BROOK TROUT,512,2.55,2020-07-01,2020,1,1,
RAFT L BTN,Raft Lake,Boulder Mountain,Boulder Top (north),Wayne,Grayling,GRAYLING ARCTIC,504,2.81,2020-09-28,2020,1,1,
RAFT L BTN,Raft Lake,Boulder Mountain,Boulder Top (north),Wayne,Brookies,BROOK TROUT,404,2.71,2021-07-06,2021,1,1,
RAFT L BTN,Raft Lake,Boulder Mountain,Boulder Top (north),Wayne,Splake,SPLAKE,90,3.33,2021-07-06,2021,1,1,
RAFT L BTN,Raft Lake,Boulder Mountain,Boulder Top (north),Wayne,Grayling,GRAYLING ARCTIC,494,2.65,2021-09-23,2021,1,1,
RAFT L BTN,Raft Lake,Boulder Mountain,Boulder Top (north),Wayne,Brookies,BROOK TROUT,402,2.97,2022-07-07,2022,1,1,
RAFT L BTN,Raft Lake,Boulder Mountain,Boulder Top (north),Wayne,Brookies,BROOK TROUT,401,2.63,2023-07-11,2023,1,1,
RAFT L BTN,Raft Lake,Boulder Mountain,Boulder Top (north),Wayne,Brookies,BROOK TROUT,396,2.63,2024-06-24,2024,1,1,
RAFT L BTN,Raft Lake,Boulder Mountain,Boulder Top (north),Wayne,Grayling,GRAYLING ARCTIC,249,2.47,2024-09-25,2024,1,1,
RAFT L BTN,Raft Lake,Boulder Mountain,Boulder Top (north),Wayne,Brookies,BROOK TROUT,401,2.92,2025-06-23,2025,1,1,
RAFT L BTN,Raft Lake,Boulder Mountain,Boulder Top (north),Wayne,Brookies,BROOK TROUT,399,2.77,2026-07-13,2026,1,1,
RIDGE L BTN,Ridge Lake,Boulder Mountain,Boulder Top (north),Garfield,Brookies,BROOK TROUT,105,2.88,2002-07-08,2002,1,1,
RIDGE L BTN,Ridge Lake,Boulder Mountain,Boulder Top (north),Garfield,Brookies,BROOK TROUT,97,2.62,2003-07-06,2003,1,1,
RIDGE L BTN,Ridge Lake,Boulder Mountain,Boulder Top (north),Garfield,Brookies,BROOK TROUT,98,2.34,2004-07-12,2004,1,1,
RIDGE L BTN,Ridge Lake,Boulder Mountain,Boulder Top (north),Garfield,Brookies,BROOK TROUT,99,2.33,2005-07-10,2005,1,1,
RIDGE L BTN,Ridge Lake,Boulder Mountain,Boulder Top (north),Garfield,Brookies,BROOK TROUT,105,2.88,2006-07-10,2006,1,1,
RIDGE L BTN,Ridge Lake,Boulder Mountain,Boulder Top (north),Garfield,Brookies,BROOK TROUT,98,3.22,2007-07-12,2007,1,1,
RIDGE L BTN,Ridge Lake,Boulder Mountain,Boulder Top (north),Garfield,Brookies,BROOK TROUT,111,3.2,2008-07-07,2008,1,1,
RIDGE L BTN,Ridge Lake,Boulder Mountain,Boulder Top (north),Garfield,Brookies,BROOK TROUT,104,2.89,2009-07-15,2009,1,1,
RIDGE L BTN,Ridge Lake,Boulder Mountain,Boulder Top (north),Garfield,Brookies,BROOK TROUT,111,2.62,2010-07-12,2010,1,1,
RIDGE L BTN,Ridge Lake,Boulder Mountain,Boulder Top (north),Garfield,Brookies,BROOK TROUT,107,3.27,2011-07-28,2011,1,1,
RIDGE L BTN,Ridge Lake,Boulder Mountain,Boulder Top (north),Garfield,Brookies,BROOK TROUT,100,2.47,2012-07-06,2012,1,1,
RIDGE L BTN,Ridge Lake,Boulder Mountain,Boulder Top (north),Garfield,Brookies,BROOK TROUT,104,2.55,2013-07-01,2013,1,1,
RIDGE L BTN,Ridge Lake,Boulder Mountain,Boulder Top (north),Garfield,Brookies,BROOK TROUT,110,1.9,2014-06-11,2014,1,1,
RIDGE L BTN,Ridge Lake,Boulder Mountain,Boulder Top (north),Garfield,Brookies,BROOK TROUT,105,2.97,2015-06-29,2015,1,1,
RIDGE L BTN,Ridge Lake,Boulder Mountain,Boulder Top (north),Garfield,Brookies,BROOK TROUT,150,2.27,2016-06-27,2016,1,1,
RIDGE L BTN,Ridge Lake,Boulder Mountain,Boulder Top (north),Garfield,Brookies,BROOK TROUT,105,2.55,2017-06-26,2017,1,1,
RIDGE L BTN,Ridge Lake,Boulder Mountain,Boulder Top (north),Garfield,Brookies,BROOK TROUT,55,2.84,2018-06-25,2018,1,1,
RIDGE L BTN,Ridge Lake,Boulder Mountain,Boulder Top (north),Garfield,Brookies,BROOK TROUT,61,2.55,2020-07-01,2020,1,1,
RIDGE L BTN,Ridge Lake,Boulder Mountain,Boulder Top (north),Garfield,Brookies,BROOK TROUT,51,2.71,2021-07-06,2021,1,1,
RIDGE L BTN,Ridge Lake,Boulder Mountain,Boulder Top (north),Garfield,Brookies,BROOK TROUT,48,2.97,2022-07-07,2022,1,1,
RIDGE L BTN,Ridge Lake,Boulder Mountain,Boulder Top (north),Garfield,Brookies,BROOK TROUT,55,2.63,2023-07-10,2023,1,1,
RIDGE L BTN,Ridge Lake,Boulder Mountain,Boulder Top (north),Garfield,Brookies,BROOK TROUT,55,2.63,2024-06-24,2024,1,1,
RIDGE L BTN,Ridge Lake,Boulder Mountain,Boulder Top (north),Garfield,Brookies,BROOK TROUT,50,2.92,2025-06-23,2025,1,1,
RIDGE L BTN,Ridge Lake,Boulder Mountain,Boulder Top (north),Garfield,Brookies,BROOK TROUT,47,2.77,2026-07-14,2026,1,1,
RIM L BTS,Rim Lake,Boulder Mountain,Boulder Top (south),Garfield,Brookies,BROOK TROUT,305,2.88,2002-07-08,2002,1,1,
RIM L BTS,Rim Lake,Boulder Mountain,Boulder Top (south),Garfield,Brookies,BROOK TROUT,306,2.62,2003-07-06,2003,1,1,
RIM L BTS,Rim Lake,Boulder Mountain,Boulder Top (south),Garfield,Brookies,BROOK TROUT,293,2.34,2004-07-12,2004,1,1,
RIM L BTS,Rim Lake,Boulder Mountain,Boulder Top (south),Garfield,Brookies,BROOK TROUT,296,2.33,2005-07-10,2005,1,1,
RIM L BTS,Rim Lake,Boulder Mountain,Boulder Top (south),Garfield,Brookies,BROOK TROUT,305,2.88,2006-07-10,2006,1,1,
RIM L BTS,Rim Lake,Boulder Mountain,Boulder Top (south),Garfield,Brookies,BROOK TROUT,300,3.22,2007-07-12,2007,1,1,
RIM L BTS,Rim Lake,Boulder Mountain,Boulder Top (south),Garfield,Brookies,BROOK TROUT,298,3.2,2008-07-07,2008,1,1,
RIM L BTS,Rim Lake,Boulder Mountain,Boulder Top (south),Garfield,Brookies,BROOK TROUT,312,2.89,2009-07-15,2009,1,1,
RIM L BTS,Rim Lake,Boulder Mountain,Boulder Top (south),Garfield,Brookies,BROOK TROUT,161,3.34,2010-07-07,2010,1,1,
RIM L BTS,Rim Lake,Boulder Mountain,Boulder Top (south),Garfield,Brookies,BROOK TROUT,308,3.48,2011-07-28,2011,1,1,
RIM L BTS,Rim Lake,Boulder Mountain,Boulder Top (south),Garfield,Brookies,BROOK TROUT,305,2.41,2012-07-06,2012,1,1,
RIM L BTS,Rim Lake,Boulder Mountain,Boulder Top (south),Garfield,Brookies,BROOK TROUT,302,2.57,2013-07-01,2013,1,1,
RIM L BTS,Rim Lake,Boulder Mountain,Boulder Top (south),Garfield,Brookies,BROOK TROUT,309,2.35,2014-06-11,2014,1,1,
RIM L BTS,Rim Lake,Boulder Mountain,Boulder Top (south),Garfield,Grayling,GRAYLING ARCTIC,510,2.27,2014-08-27,2014,1,1,
RIM L BTS,Rim Lake,Boulder Mountain,Boulder Top (south),Garfield,Brookies,BROOK TROUT,303,2.85,2015-06-29,2015,1,1,
RIM L BTS,Rim Lake,Boulder Mountain,Boulder Top (south),Garfield,Grayling,GRAYLING ARCTIC,493,2.4,2015-08-24,2015,1,1,
RIM L BTS,Rim Lake,Boulder Mountain,Boulder Top (south),Garfield,Brookies,BROOK TROUT,362,2.13,2016-06-27,2016,1,1,
RIM L BTS,Rim Lake,Boulder Mountain,Boulder Top (south),Garfield,Brookies,BROOK TROUT,310,2.39,2017-06-26,2017,1,1,
RIM L BTS,Rim Lake,Boulder Mountain,Boulder Top (south),Garfield,Grayling,GRAYLING ARCTIC,500,2.79,2017-09-18,2017,1,1,
RIM L BTS,Rim Lake,Boulder Mountain,Boulder Top (south),Garfield,Brookies,BROOK TROUT,304,2.95,2018-06-25,2018,1,1,
RIM L BTS,Rim Lake,Boulder Mountain,Boulder Top (south),Garfield,Grayling,GRAYLING ARCTIC,510,3.25,2018-10-09,2018,1,1,
RIM L BTS,Rim Lake,Boulder Mountain,Boulder Top (south),Garfield,Brookies,BROOK TROUT,302,2.85,2019-07-03,2019,1,1,
RIM L BTS,Rim Lake,Boulder Mountain,Boulder Top (south),Garfield,Grayling,GRAYLING ARCTIC,500,2.29,2019-09-24,2019,1,1,
RIM L BTS,Rim Lake,Boulder Mountain,Boulder Top (south),Garfield,Brookies,BROOK TROUT,307,2.69,2020-07-01,2020,1,1,
RIM L BTS,Rim Lake,Boulder Mountain,Boulder Top (south),Garfield,Grayling,GRAYLING ARCTIC,504,2.81,2020-09-28,2020,1,1,
RIM L BTS,Rim Lake,Boulder Mountain,Boulder Top (south),Garfield,Brookies,BROOK TROUT,299,2.76,2021-07-06,2021,1,1,
RIM L BTS,Rim Lake,Boulder Mountain,Boulder Top (south),Garfield,Grayling,GRAYLING ARCTIC,494,2.65,2021-09-23,2021,1,1,
RIM L BTS,Rim Lake,Boulder Mountain,Boulder Top (south),Garfield,Brookies,BROOK TROUT,299,2.96,2022-07-07,2022,1,1,
RIM L BTS,Rim Lake,Boulder Mountain,Boulder Top (south),Garfield,Brookies,BROOK TROUT,296,2.57,2023-07-10,2023,1,1,
RIM L BTS,Rim Lake,Boulder Mountain,Boulder Top (south),Garfield,Brookies,BROOK TROUT,305,2.62,2024-06-24,2024,1,1,
RIM L BTS,Rim Lake,Boulder Mountain,Boulder Top (south),Garfield,Brookies,BROOK TROUT,297,2.97,2025-06-23,2025,1,1,
RIM L BTS,Rim Lake,Boulder Mountain,Boulder Top (south),Garfield,Brookies,BROOK TROUT,299,2.93,2026-07-13,2026,1,1,
ROB RES EMW,Rob Reservoir,Escalante Mountains,Escalante Mountains west,Garfield,Cutthroats,CUTTHROAT,1010,1.81,2003-10-16,2003,1,1,
ROB RES EMW,Rob Reservoir,Escalante Mountains,Escalante Mountains west,Garfield,Cutthroats,CUTTHROAT,230,2.24,2004-10-18,2004,1,1,
ROB RES EMW,Rob Reservoir,Escalante Mountains,Escalante Mountains west,Garfield,Cutthroats,CUTTHROAT,506,1.89,2006-10-04,2006,1,1,
ROB RES EMW,Rob Reservoir,Escalante Mountains,Escalante Mountains west,Garfield,Cutthroats,CUTTHROAT,237,2.21,2008-09-23,2008,1,1,
ROB RES EMW,Rob Reservoir,Escalante Mountains,Escalante Mountains west,Garfield,Cutthroats,CUTTHROAT,526,2.06,2010-09-13,2010,1,1,
ROB RES EMW,Rob Reservoir,Escalante Mountains,Escalante Mountains west,Garfield,Cutthroats,CUTTHROAT,206,2.4,2012-09-18,2012,1,1,
ROB RES EMW,Rob Reservoir,Escalante Mountains,Escalante Mountains west,Garfield,Cutthroats,CUTTHROAT,222,2.34,2013-09-16,2013,1,1,
ROB RES EMW,Rob Reservoir,Escalante Mountains,Escalante Mountains west,Garfield,Cutthroats,CUTTHROAT,305,1.87,2014-09-10,2014,1,1,
ROB RES EMW,Rob Reservoir,Escalante Mountains,Escalante Mountains west,Garfield,Cutthroats,CUTTHROAT,297,2.05,2015-09-18,2015,1,1,
ROB RES EMW,Rob Reservoir,Escalante Mountains,Escalante Mountains west,Garfield,Cutthroats,CUTTHROAT,291,1.9,2016-09-19,2016,1,1,
ROB RES EMW,Rob Reservoir,Escalante Mountains,Escalante Mountains west,Garfield,Cutthroats,CUTTHROAT,275,2.11,2017-09-18,2017,1,1,
ROB RES EMW,Rob Reservoir,Escalante Mountains,Escalante Mountains west,Garfield,Cutthroats,CUTTHROAT,159,2.33,2018-10-01,2018,1,1,
ROB RES EMW,Rob Reservoir,Escalante Mountains,Escalante Mountains west,Garfield,Cutthroats,CUTTHROAT,153,2.41,2020-09-28,2020,1,1,
ROB RES EMW,Rob Reservoir,Escalante Mountains,Escalante Mountains west,Garfield,Cutthroats,CUTTHROAT,263,2.48,2021-09-23,2021,1,1,
ROB RES EMW,Rob Reservoir,Escalante Mountains,Escalante Mountains west,Garfield,Cutthroats,CUTTHROAT,286,2.41,2022-09-26,2022,1,1,
ROB RES EMW,Rob Reservoir,Escalante Mountains,Escalante Mountains west,Garfield,Cutthroats,CUTTHROAT,251,2.11,2023-09-18,2023,1,1,
ROB RES EMW,Rob Reservoir,Escalante Mountains,Escalante Mountains west,Garfield,Cutthroats,CUTTHROAT,291,1.9,2024-09-26,2024,1,1,
ROB RES EMW,Rob Reservoir,Escalante Mountains,Escalante Mountains west,Garfield,Cutthroats,CUTTHROAT,265,1.96,2025-09-09,2025,1,1,
ROUND L NBS,Round Lake,Boulder Mountain,North Boulder Slope,Wayne,Brookies,BROOK TROUT,998,2.88,2002-07-08,2002,1,1,
ROUND L TLM,Round Lake,Thousand Lake Mountain,Thousand Lake Mountain,Wayne,Brookies,BROOK TROUT,498,2.86,2002-07-23,2002,1,1,
ROUND L TLM,Round Lake,Thousand Lake Mountain,Thousand Lake Mountain,Wayne,Rainbows,RAINBOW,1517,3.5,2003-06-27,2003,1,1,
ROUND L NBS,Round Lake,Boulder Mountain,North Boulder Slope,Wayne,Brookies,BROOK TROUT,1001,2.62,2003-07-06,2003,1,1,
ROUND L NBS,Round Lake,Boulder Mountain,North Boulder Slope,Wayne,Brookies,BROOK TROUT,994,2.34,2004-07-12,2004,1,1,
ROUND L TLM,Round Lake,Thousand Lake Mountain,Thousand Lake Mountain,Wayne,Brookies,BROOK TROUT,507,2.34,2004-07-12,2004,1,1,
ROUND L TLM,Round Lake,Thousand Lake Mountain,Thousand Lake Mountain,Wayne,Rainbows,RAINBOW,1510,5.39,2005-06-10,2005,1,1,
ROUND L NBS,Round Lake,Boulder Mountain,North Boulder Slope,Wayne,Brookies,BROOK TROUT,1005,2.33,2005-07-10,2005,1,1,
ROUND L NBS,Round Lake,Boulder Mountain,North Boulder Slope,Wayne,Brookies,BROOK TROUT,998,2.88,2006-07-10,2006,1,1,
ROUND L TLM,Round Lake,Thousand Lake Mountain,Thousand Lake Mountain,Wayne,Brookies,BROOK TROUT,1500,3.22,2006-08-10,2006,1,1,
ROUND L TLM,Round Lake,Thousand Lake Mountain,Thousand Lake Mountain,Wayne,Rainbows,RAINBOW,1505,5.44,2007-05-14,2007,1,1,
ROUND L NBS,Round Lake,Boulder Mountain,North Boulder Slope,Wayne,Brookies,BROOK TROUT,998,3.22,2007-07-12,2007,1,1,
ROUND L NBS,Round Lake,Boulder Mountain,North Boulder Slope,Wayne,Brookies,BROOK TROUT,1020,3.2,2008-07-07,2008,1,1,
ROUND L TLM,Round Lake,Thousand Lake Mountain,Thousand Lake Mountain,Wayne,Brookies,BROOK TROUT,523,3.35,2008-07-09,2008,1,1,
ROUND L NBS,Round Lake,Boulder Mountain,North Boulder Slope,Wayne,Brookies,BROOK TROUT,1008,2.89,2009-07-15,2009,1,1,
ROUND L TLM,Round Lake,Thousand Lake Mountain,Thousand Lake Mountain,Wayne,Rainbows,RAINBOW,1069,3.05,2010-06-25,2010,1,1,
ROUND L NBS,Round Lake,Boulder Mountain,North Boulder Slope,Wayne,Brookies,BROOK TROUT,1016,2.71,2010-07-07,2010,1,1,
ROUND L TLM,Round Lake,Thousand Lake Mountain,Thousand Lake Mountain,Wayne,Brookies,BROOK TROUT,529,2.87,2010-07-16,2010,1,1,
ROUND L TLM,Round Lake,Thousand Lake Mountain,Thousand Lake Mountain,Wayne,Rainbows,RAINBOW,429,3.61,2010-07-16,2010,1,1,
ROUND L TLM,Round Lake,Thousand Lake Mountain,Thousand Lake Mountain,Wayne,Brookies,BROOK TROUT,266,3.26,2011-07-20,2011,1,1,
ROUND L TLM,Round Lake,Thousand Lake Mountain,Thousand Lake Mountain,Wayne,Rainbows,RAINBOW,762,3.43,2011-07-20,2011,1,1,
ROUND L NBS,Round Lake,Boulder Mountain,North Boulder Slope,Wayne,Brookies,BROOK TROUT,1001,3.27,2011-07-26,2011,1,1,
ROUND L NBS,Round Lake,Boulder Mountain,North Boulder Slope,Wayne,Brookies,BROOK TROUT,498,2.47,2012-07-06,2012,1,1,
ROUND L TLM,Round Lake,Thousand Lake Mountain,Thousand Lake Mountain,Wayne,Brookies,BROOK TROUT,252,2.52,2012-07-09,2012,1,1,
ROUND L TLM,Round Lake,Thousand Lake Mountain,Thousand Lake Mountain,Wayne,Rainbows,RAINBOW,783,3.55,2012-07-11,2012,1,1,
ROUND L NBS,Round Lake,Boulder Mountain,North Boulder Slope,Wayne,Brookies,BROOK TROUT,1020,2.55,2013-07-01,2013,1,1,
ROUND L TLM,Round Lake,Thousand Lake Mountain,Thousand Lake Mountain,Wayne,Rainbows,RAINBOW,741,4.12,2013-07-01,2013,1,1,
ROUND L TLM,Round Lake,Thousand Lake Mountain,Thousand Lake Mountain,Wayne,Brookies,BROOK TROUT,295,2.89,2013-07-30,2013,1,1,
ROUND L NBS,Round Lake,Boulder Mountain,North Boulder Slope,Wayne,Grayling,GRAYLING ARCTIC,494,3.13,2013-09-16,2013,1,1,
ROUND L TLM,Round Lake,Thousand Lake Mountain,Thousand Lake Mountain,Wayne,Rainbows,RAINBOW,801,3.59,2014-05-27,2014,1,1,
ROUND L NBS,Round Lake,Boulder Mountain,North Boulder Slope,Wayne,Brookies,BROOK TROUT,990,1.9,2014-06-11,2014,1,1,
ROUND L TLM,Round Lake,Thousand Lake Mountain,Thousand Lake Mountain,Wayne,Brookies,BROOK TROUT,257,1.9,2014-06-11,2014,1,1,
ROUND L TLM,Round Lake,Thousand Lake Mountain,Thousand Lake Mountain,Wayne,Rainbows,RAINBOW,788,3.83,2015-06-03,2015,1,1,
ROUND L NBS,Round Lake,Boulder Mountain,North Boulder Slope,Wayne,Brookies,BROOK TROUT,1000,2.97,2015-06-29,2015,1,1,
ROUND L TLM,Round Lake,Thousand Lake Mountain,Thousand Lake Mountain,Wayne,Brookies,BROOK TROUT,256,2.55,2015-07-22,2015,1,1,
ROUND L TLM,Round Lake,Thousand Lake Mountain,Thousand Lake Mountain,Wayne,Rainbows,RAINBOW,779,4.11,2016-05-18,2016,1,1,
ROUND L NBS,Round Lake,Boulder Mountain,North Boulder Slope,Wayne,Brookies,BROOK TROUT,1052,2.27,2016-06-27,2016,1,1,
ROUND L TLM,Round Lake,Thousand Lake Mountain,Thousand Lake Mountain,Wayne,Brookies,BROOK TROUT,258,2.27,2016-06-27,2016,1,1,
ROUND L TLM,Round Lake,Thousand Lake Mountain,Thousand Lake Mountain,Wayne,Rainbows,RAINBOW,811,3.32,2017-05-30,2017,1,1,
ROUND L NBS,Round Lake,Boulder Mountain,North Boulder Slope,Wayne,Brookies,BROOK TROUT,1007,2.55,2017-06-26,2017,1,1,
ROUND L TLM,Round Lake,Thousand Lake Mountain,Thousand Lake Mountain,Wayne,Brookies,BROOK TROUT,255,2.55,2017-06-26,2017,1,1,
ROUND L TLM,Round Lake,Thousand Lake Mountain,Thousand Lake Mountain,Wayne,Rainbows,RAINBOW,2365,4.83,2018-05-21,2018,1,1,
ROUND L TLM,Round Lake,Thousand Lake Mountain,Thousand Lake Mountain,Wayne,Brookies,BROOK TROUT,255,3.45,2018-06-05,2018,1,1,
ROUND L NBS,Round Lake,Boulder Mountain,North Boulder Slope,Wayne,Brookies,BROOK TROUT,1001,2.84,2018-06-25,2018,1,1,
ROUND L TLM,Round Lake,Thousand Lake Mountain,Thousand Lake Mountain,Wayne,Rainbows,RAINBOW,872,3.33,2019-06-18,2019,1,1,
ROUND L NBS,Round Lake,Boulder Mountain,North Boulder Slope,Wayne,Brookies,BROOK TROUT,1000,2.88,2019-07-03,2019,1,1,
ROUND L TLM,Round Lake,Thousand Lake Mountain,Thousand Lake Mountain,Wayne,Brookies,BROOK TROUT,252,3.03,2019-07-18,2019,1,1,
ROUND L TLM,Round Lake,Thousand Lake Mountain,Thousand Lake Mountain,Wayne,Rainbows,RAINBOW,960,3.14,2020-06-09,2020,1,1,
ROUND L TLM,Round Lake,Thousand Lake Mountain,Thousand Lake Mountain,Wayne,Brookies,BROOK TROUT,256,2.69,2020-06-23,2020,1,1,
ROUND L NBS,Round Lake,Boulder Mountain,North Boulder Slope,Wayne,Brookies,BROOK TROUT,1009,2.55,2020-07-01,2020,1,1,
ROUND L TLM,Round Lake,Thousand Lake Mountain,Thousand Lake Mountain,Wayne,Rainbows,RAINBOW,900,2.54,2021-06-28,2021,1,1,
ROUND L NBS,Round Lake,Boulder Mountain,North Boulder Slope,Wayne,Brookies,BROOK TROUT,996,2.71,2021-07-06,2021,1,1,
ROUND L TLM,Round Lake,Thousand Lake Mountain,Thousand Lake Mountain,Wayne,Brookies,BROOK TROUT,261,3.03,2021-08-03,2021,1,1,
ROUND L TLM,Round Lake,Thousand Lake Mountain,Thousand Lake Mountain,Wayne,Rainbows,RAINBOW,752,3.68,2022-06-06,2022,1,1,
ROUND L NBS,Round Lake,Boulder Mountain,North Boulder Slope,Wayne,Brookies,BROOK TROUT,1005,2.97,2022-07-07,2022,1,1,
ROUND L TLM,Round Lake,Thousand Lake Mountain,Thousand Lake Mountain,Wayne,Brookies,BROOK TROUT,250,3.18,2022-07-26,2022,1,1,
ROUND L TLM,Round Lake,Thousand Lake Mountain,Thousand Lake Mountain,Wayne,Rainbows,RAINBOW,742,4.93,2023-06-06,2023,1,1,
ROUND L NBS,Round Lake,Boulder Mountain,North Boulder Slope,Wayne,Brookies,BROOK TROUT,995,2.63,2023-07-10,2023,1,1,
ROUND L NBS,Round Lake,Boulder Mountain,North Boulder Slope,Wayne,Brookies,BROOK TROUT,257,2.9,2023-07-25,2023,1,1,
ROUND L TLM,Round Lake,Thousand Lake Mountain,Thousand Lake Mountain,Wayne,Rainbows,RAINBOW,762,3.99,2024-06-03,2024,1,1,
ROUND L NBS,Round Lake,Boulder Mountain,North Boulder Slope,Wayne,Brookies,BROOK TROUT,998,2.63,2024-06-24,2024,1,1,
ROUND L TLM,Round Lake,Thousand Lake Mountain,Thousand Lake Mountain,Wayne,Brookies,BROOK TROUT,251,2.84,2024-07-22,2024,1,1,
ROUND L NBS,Round Lake,Boulder Mountain,North Boulder Slope,Wayne,Grayling,GRAYLING ARCTIC,101,2.47,2024-09-25,2024,1,1,
ROUND L NBS,Round Lake,Boulder Mountain,North Boulder Slope,Wayne,Brookies,BROOK TROUT,1003,2.92,2025-06-23,2025,1,1,
ROUND L TLM,Round Lake,Thousand Lake Mountain,Thousand Lake Mountain,Wayne,Rainbows,RAINBOW,802,2.78,2025-07-01,2025,1,1,
ROUND L TLM,Round Lake,Thousand Lake Mountain,Thousand Lake Mountain,Wayne,Brookies,BROOK TROUT,275,3.57,2025-07-29,2025,1,1,
ROUND L TLM,Round Lake,Thousand Lake Mountain,Thousand Lake Mountain,Wayne,Rainbows,RAINBOW,768,3.72,2026-05-11,2026,1,1,
ROUND L NBS,Round Lake,Boulder Mountain,North Boulder Slope,Wayne,Brookies,BROOK TROUT,998,2.77,2026-07-13,2026,1,1,
ROUND WILLOW BOTTOM,Round Willow Bottom,Boulder Mountain,,Garfield,Cutthroats,CUTTHROAT,978,1.97,2002-10-09,2002,1,1,
ROUND WILLOW BOTTOM,Round Willow Bottom,Boulder Mountain,,Garfield,Tigers,TIGER TROUT,225,3.36,2003-08-06,2003,1,1,
ROUND WILLOW BOTTOM,Round Willow Bottom,Boulder Mountain,,Garfield,Cutthroats,CUTTHROAT,544,2.08,2003-10-07,2003,1,1,
ROUND WILLOW BOTTOM,Round Willow Bottom,Boulder Mountain,,Garfield,Tigers,TIGER TROUT,400,3.08,2004-07-09,2004,1,1,
ROUND WILLOW BOTTOM,Round Willow Bottom,Boulder Mountain,,Garfield,Cutthroats,CUTTHROAT,500,1.97,2004-10-06,2004,1,1,
ROUND WILLOW BOTTOM,Round Willow Bottom,Boulder Mountain,,Garfield,Cutthroats,CUTTHROAT,344,7.06,2005-07-18,2005,1,1,
ROUND WILLOW BOTTOM,Round Willow Bottom,Boulder Mountain,,Garfield,Tigers,TIGER TROUT,1000,3.84,2005-07-18,2005,1,1,
ROUND WILLOW BOTTOM,Round Willow Bottom,Boulder Mountain,,Garfield,Cutthroats,CUTTHROAT,1000,1.94,2005-10-04,2005,1,1,
ROUND WILLOW BOTTOM,Round Willow Bottom,Boulder Mountain,,Garfield,Cutthroats,CUTTHROAT,1000,2.36,2006-10-03,2006,1,1,
ROUND WILLOW BOTTOM,Round Willow Bottom,Boulder Mountain,,Garfield,Tigers,TIGER TROUT,500,3.84,2007-07-10,2007,1,1,
ROUND WILLOW BOTTOM,Round Willow Bottom,Boulder Mountain,,Garfield,Cutthroats,CUTTHROAT,1260,2.19,2007-09-18,2007,1,1,
ROUND WILLOW BOTTOM,Round Willow Bottom,Boulder Mountain,,Garfield,Cutthroats,CUTTHROAT,239,2.2,2007-09-18,2007,1,1,
ROUND WILLOW BOTTOM,Round Willow Bottom,Boulder Mountain,,Garfield,Cutthroats,CUTTHROAT,795,2.13,2008-09-22,2008,1,1,
ROUND WILLOW BOTTOM,Round Willow Bottom,Boulder Mountain,,Garfield,Tigers,TIGER TROUT,503,2.86,2009-07-08,2009,1,1,
ROUND WILLOW BOTTOM,Round Willow Bottom,Boulder Mountain,,Garfield,Cutthroats,CUTTHROAT,1002,2.0,2009-09-16,2009,1,1,
ROUND WILLOW BOTTOM,Round Willow Bottom,Boulder Mountain,,Garfield,Cutthroats,CUTTHROAT,40,1.52,2010-09-13,2010,1,1,
ROUND WILLOW BOTTOM,Round Willow Bottom,Boulder Mountain,,Garfield,Cutthroats,CUTTHROAT,1953,1.54,2010-09-13,2010,1,1,
ROUND WILLOW BOTTOM,Round Willow Bottom,Boulder Mountain,,Garfield,Cutthroats,CUTTHROAT,1002,1.99,2011-09-20,2011,1,1,
ROUND WILLOW BOTTOM,Round Willow Bottom,Boulder Mountain,,Garfield,Cutthroats,CUTTHROAT,846,2.14,2012-09-19,2012,1,1,
ROUND WILLOW BOTTOM,Round Willow Bottom,Boulder Mountain,,Garfield,Tigers,TIGER TROUT,507,3.04,2013-07-01,2013,1,1,
ROUND WILLOW BOTTOM,Round Willow Bottom,Boulder Mountain,,Garfield,Cutthroats,CUTTHROAT,1023,2.05,2013-09-16,2013,1,1,
ROUND WILLOW BOTTOM,Round Willow Bottom,Boulder Mountain,,Garfield,Cutthroats,CUTTHROAT,997,1.85,2014-09-10,2014,1,1,
ROUND WILLOW BOTTOM,Round Willow Bottom,Boulder Mountain,,Garfield,Tigers,TIGER TROUT,256,3.5,2015-06-30,2015,1,1,
ROUND WILLOW BOTTOM,Round Willow Bottom,Boulder Mountain,,Garfield,Cutthroats,CUTTHROAT,1015,1.92,2015-09-18,2015,1,1,
ROUND WILLOW BOTTOM,Round Willow Bottom,Boulder Mountain,,Garfield,Tigers,TIGER TROUT,252,3.55,2016-06-27,2016,1,1,
ROUND WILLOW BOTTOM,Round Willow Bottom,Boulder Mountain,,Garfield,Cutthroats,CUTTHROAT,1045,1.82,2016-09-19,2016,1,1,
ROUND WILLOW BOTTOM,Round Willow Bottom,Boulder Mountain,,Garfield,Tigers,TIGER TROUT,250,2.71,2017-06-26,2017,1,1,
ROUND WILLOW BOTTOM,Round Willow Bottom,Boulder Mountain,,Garfield,Tigers,TIGER TROUT,101,2.71,2018-06-25,2018,1,1,
ROUND WILLOW BOTTOM,Round Willow Bottom,Boulder Mountain,,Garfield,Cutthroats,CUTTHROAT,1000,2.43,2018-10-01,2018,1,1,
ROUND WILLOW BOTTOM,Round Willow Bottom,Boulder Mountain,,Garfield,Tigers,TIGER TROUT,253,2.99,2019-07-10,2019,1,1,
ROUND WILLOW BOTTOM,Round Willow Bottom,Boulder Mountain,,Garfield,Cutthroats,CUTTHROAT,986,1.73,2019-09-25,2019,1,1,
ROUND WILLOW BOTTOM,Round Willow Bottom,Boulder Mountain,,Garfield,Cutthroats,CUTTHROAT,807,2.12,2020-09-23,2020,1,1,
ROUND WILLOW BOTTOM,Round Willow Bottom,Boulder Mountain,,Garfield,Tigers,TIGER TROUT,289,3.09,2021-07-13,2021,1,1,
ROUND WILLOW BOTTOM,Round Willow Bottom,Boulder Mountain,,Garfield,Cutthroats,CUTTHROAT,1000,2.32,2021-09-23,2021,1,1,
ROUND WILLOW BOTTOM,Round Willow Bottom,Boulder Mountain,,Garfield,Cutthroats,CUTTHROAT,512,2.07,2022-09-26,2022,1,1,
ROUND WILLOW BOTTOM,Round Willow Bottom,Boulder Mountain,,Garfield,Tigers,TIGER TROUT,255,2.87,2023-07-11,2023,1,1,
ROUND WILLOW BOTTOM,Round Willow Bottom,Boulder Mountain,,Garfield,Cutthroats,CUTTHROAT,400,1.79,2023-09-18,2023,1,1,
ROUND WILLOW BOTTOM,Round Willow Bottom,Boulder Mountain,,Garfield,Cutthroats,CUTTHROAT,500,1.69,2024-09-26,2024,1,1,
ROUND WILLOW BOTTOM,Round Willow Bottom,Boulder Mountain,,Garfield,Tigers,TIGER TROUT,248,2.81,2025-06-23,2025,1,1,
ROUND WILLOW BOTTOM,Round Willow Bottom,Boulder Mountain,,Garfield,Cutthroats,CUTTHROAT,489,2.27,2025-08-05,2025,1,1,
ROUND WILLOW BOTTOM,Round Willow Bottom,Boulder Mountain,,Garfield,Tigers,TIGER TROUT,127,2.87,2026-07-13,2026,1,1,
ROUND WILLOW BOTTOM,Round Willow Bottom,Boulder Mountain,,Garfield,Cutthroats,CUTTHROAT,500,2.05,2026-07-16,2026,1,1,
ROW L 3 GT,Row Lake 3,Griffin Top,Griffin Top,Garfield,Rainbows,RAINBOW,520,9.87,2002-07-26,2002,1,1,
ROW L 3 GT,Row Lake 3,Griffin Top,Griffin Top,Garfield,Rainbows,RAINBOW,501,9.63,2003-06-17,2003,1,1,
ROW L 3 GT,Row Lake 3,Griffin Top,Griffin Top,Garfield,Rainbows,RAINBOW,500,9.75,2004-06-18,2004,1,1,
ROW L 3 GT,Row Lake 3,Griffin Top,Griffin Top,Garfield,Rainbows,RAINBOW,389,10.15,2005-07-19,2005,1,1,
ROW L 3 GT,Row Lake 3,Griffin Top,Griffin Top,Garfield,Rainbows,RAINBOW,391,10.07,2006-06-13,2006,1,1,
ROW L 3 GT,Row Lake 3,Griffin Top,Griffin Top,Garfield,Rainbows,RAINBOW,756,10.34,2007-06-26,2007,1,1,
ROW L 3 GT,Row Lake 3,Griffin Top,Griffin Top,Garfield,Rainbows,RAINBOW,940,10.28,2008-06-18,2008,1,1,
ROW L 3 GT,Row Lake 3,Griffin Top,Griffin Top,Garfield,Rainbows,RAINBOW,993,10.21,2009-06-17,2009,1,1,
ROW L 3 GT,Row Lake 3,Griffin Top,Griffin Top,Garfield,Rainbows,RAINBOW,949,8.74,2010-06-15,2010,1,1,
ROW L 3 GT,Row Lake 3,Griffin Top,Griffin Top,Garfield,Rainbows,RAINBOW,824,10.96,2011-06-29,2011,1,1,
ROW L 3 GT,Row Lake 3,Griffin Top,Griffin Top,Garfield,Rainbows,RAINBOW,747,10.48,2012-06-07,2012,1,1,
ROW L 3 GT,Row Lake 3,Griffin Top,Griffin Top,Garfield,Rainbows,RAINBOW,746,7.93,2013-05-28,2013,1,1,
ROW L 3 GT,Row Lake 3,Griffin Top,Griffin Top,Garfield,Rainbows,RAINBOW,756,8.32,2014-06-02,2014,1,1,
ROW L 3 GT,Row Lake 3,Griffin Top,Griffin Top,Garfield,Rainbows,RAINBOW,760,8.96,2015-06-18,2015,1,1,
ROW L 3 GT,Row Lake 3,Griffin Top,Griffin Top,Garfield,Tigers,TIGER TROUT,303,9.15,2016-06-13,2016,1,1,
ROW L 3 GT,Row Lake 3,Griffin Top,Griffin Top,Garfield,Rainbows,RAINBOW,764,10.46,2016-06-23,2016,1,1,
ROW L 3 GT,Row Lake 3,Griffin Top,Griffin Top,Garfield,Tigers,TIGER TROUT,202,10.14,2016-08-22,2016,1,1,
ROW L 3 GT,Row Lake 3,Griffin Top,Griffin Top,Garfield,Tigers,TIGER TROUT,251,9.31,2017-05-30,2017,1,1,
ROW L 3 GT,Row Lake 3,Griffin Top,Griffin Top,Garfield,Rainbows,RAINBOW,500,9.96,2017-06-27,2017,1,1,
ROW L 3 GT,Row Lake 3,Griffin Top,Griffin Top,Garfield,Tigers,TIGER TROUT,249,8.94,2018-05-23,2018,1,1,
ROW L 3 GT,Row Lake 3,Griffin Top,Griffin Top,Garfield,Rainbows,RAINBOW,572,8.68,2018-07-12,2018,1,1,
ROW L 3 GT,Row Lake 3,Griffin Top,Griffin Top,Garfield,Tigers,TIGER TROUT,251,11.25,2019-07-08,2019,1,1,
ROW L 3 GT,Row Lake 3,Griffin Top,Griffin Top,Garfield,Rainbows,RAINBOW,504,10.13,2019-07-23,2019,1,1,
ROW L 3 GT,Row Lake 3,Griffin Top,Griffin Top,Garfield,Tigers,TIGER TROUT,676,10.12,2020-07-08,2020,1,1,
ROW L 3 GT,Row Lake 3,Griffin Top,Griffin Top,Garfield,Rainbows,RAINBOW,506,10.06,2020-07-16,2020,1,1,
ROW L 3 GT,Row Lake 3,Griffin Top,Griffin Top,Garfield,Tigers,TIGER TROUT,133,9.89,2021-06-28,2021,1,2,
ROW L 3 GT,Row Lake 3,Griffin Top,Griffin Top,Garfield,Tigers,TIGER TROUT,133,9.89,2021-06-28,2021,2,2,
ROW L 3 GT,Row Lake 3,Griffin Top,Griffin Top,Garfield,Rainbows,RAINBOW,315,10.5,2021-07-14,2021,1,1,
ROW L 3 GT,Row Lake 3,Griffin Top,Griffin Top,Garfield,Tigers,TIGER TROUT,256,8.74,2022-06-17,2022,1,1,
ROW L 3 GT,Row Lake 3,Griffin Top,Griffin Top,Garfield,Rainbows,RAINBOW,306,10.29,2022-07-18,2022,1,1,
ROW L 3 GT,Row Lake 3,Griffin Top,Griffin Top,Garfield,Tigers,TIGER TROUT,256,9.49,2023-07-12,2023,1,1,
ROW L 3 GT,Row Lake 3,Griffin Top,Griffin Top,Garfield,Rainbows,RAINBOW,315,10.04,2023-08-07,2023,1,1,
ROW L 3 GT,Row Lake 3,Griffin Top,Griffin Top,Garfield,Tigers,TIGER TROUT,153,9.66,2024-06-24,2024,1,1,
ROW L 3 GT,Row Lake 3,Griffin Top,Griffin Top,Garfield,Rainbows,RAINBOW,203,9.7,2024-07-10,2024,1,1,
ROW L 3 GT,Row Lake 3,Griffin Top,Griffin Top,Garfield,Rainbows,RAINBOW,200,10.28,2025-06-25,2025,1,1,
ROW L 3 GT,Row Lake 3,Griffin Top,Griffin Top,Garfield,Tigers,TIGER TROUT,151,10.35,2025-06-27,2025,1,1,
ROW L 3 GT,Row Lake 3,Griffin Top,Griffin Top,Garfield,Tigers,TIGER TROUT,161,10.73,2026-06-10,2026,1,1,
ROW L 3 GT,Row Lake 3,Griffin Top,Griffin Top,Garfield,Rainbows,RAINBOW,202,10.54,2026-06-18,2026,1,1,
ROW L 7-BANANA-GT,Row Lake 7 (Banana),Griffin Top,Griffin Top,Garfield,Brookies,BROOK TROUT,504,2.88,2002-07-08,2002,1,1,
ROW L 7-BANANA-GT,Row Lake 7 (Banana),Griffin Top,Griffin Top,Garfield,Rainbows,RAINBOW,780,9.87,2002-07-26,2002,1,1,
ROW L 7-BANANA-GT,Row Lake 7 (Banana),Griffin Top,Griffin Top,Garfield,Rainbows,RAINBOW,501,9.63,2003-06-17,2003,1,1,
ROW L 7-BANANA-GT,Row Lake 7 (Banana),Griffin Top,Griffin Top,Garfield,Brookies,BROOK TROUT,500,2.62,2003-07-06,2003,1,1,
ROW L 7-BANANA-GT,Row Lake 7 (Banana),Griffin Top,Griffin Top,Garfield,Rainbows,RAINBOW,500,9.75,2004-06-18,2004,1,1,
ROW L 7-BANANA-GT,Row Lake 7 (Banana),Griffin Top,Griffin Top,Garfield,Brookies,BROOK TROUT,507,2.34,2004-07-12,2004,1,1,
ROW L 7-BANANA-GT,Row Lake 7 (Banana),Griffin Top,Griffin Top,Garfield,Brookies,BROOK TROUT,504,2.34,2005-07-10,2005,1,1,
ROW L 7-BANANA-GT,Row Lake 7 (Banana),Griffin Top,Griffin Top,Garfield,Rainbows,RAINBOW,392,10.15,2005-07-19,2005,1,1,
ROW L 7-BANANA-GT,Row Lake 7 (Banana),Griffin Top,Griffin Top,Garfield,Rainbows,RAINBOW,389,10.07,2006-06-13,2006,1,1,
ROW L 7-BANANA-GT,Row Lake 7 (Banana),Griffin Top,Griffin Top,Garfield,Brookies,BROOK TROUT,504,2.88,2006-07-10,2006,1,1,
ROW L 7-BANANA-GT,Row Lake 7 (Banana),Griffin Top,Griffin Top,Garfield,Grayling,GRAYLING ARCTIC,502,1.66,2006-08-07,2006,1,1,
ROW L 7-BANANA-GT,Row Lake 7 (Banana),Griffin Top,Griffin Top,Garfield,Rainbows,RAINBOW,756,10.34,2007-06-26,2007,1,1,
ROW L 7-BANANA-GT,Row Lake 7 (Banana),Griffin Top,Griffin Top,Garfield,Brookies,BROOK TROUT,503,3.22,2007-07-12,2007,1,1,
ROW L 7-BANANA-GT,Row Lake 7 (Banana),Griffin Top,Griffin Top,Garfield,Grayling,GRAYLING ARCTIC,499,1.5,2007-07-31,2007,1,1,
ROW L 7-BANANA-GT,Row Lake 7 (Banana),Griffin Top,Griffin Top,Garfield,Brookies,BROOK TROUT,560,3.11,2008-06-18,2008,1,1,
ROW L 7-BANANA-GT,Row Lake 7 (Banana),Griffin Top,Griffin Top,Garfield,Rainbows,RAINBOW,940,10.28,2008-06-18,2008,1,1,
ROW L 7-BANANA-GT,Row Lake 7 (Banana),Griffin Top,Griffin Top,Garfield,Brookies,BROOK TROUT,562,3.15,2009-06-15,2009,1,1,
ROW L 7-BANANA-GT,Row Lake 7 (Banana),Griffin Top,Griffin Top,Garfield,Rainbows,RAINBOW,1045,10.21,2009-06-15,2009,1,1,
ROW L 7-BANANA-GT,Row Lake 7 (Banana),Griffin Top,Griffin Top,Garfield,Grayling,GRAYLING ARCTIC,507,1.4,2009-08-04,2009,1,1,
ROW L 7-BANANA-GT,Row Lake 7 (Banana),Griffin Top,Griffin Top,Garfield,Brookies,BROOK TROUT,508,2.95,2010-06-15,2010,1,1,
ROW L 7-BANANA-GT,Row Lake 7 (Banana),Griffin Top,Griffin Top,Garfield,Rainbows,RAINBOW,959,8.93,2010-06-15,2010,1,1,
ROW L 7-BANANA-GT,Row Lake 7 (Banana),Griffin Top,Griffin Top,Garfield,Grayling,GRAYLING ARCTIC,488,2.02,2010-09-16,2010,1,1,
ROW L 7-BANANA-GT,Row Lake 7 (Banana),Griffin Top,Griffin Top,Garfield,Brookies,BROOK TROUT,500,2.71,2011-06-28,2011,1,1,
ROW L 7-BANANA-GT,Row Lake 7 (Banana),Griffin Top,Griffin Top,Garfield,Rainbows,RAINBOW,824,10.96,2011-06-28,2011,1,1,
ROW L 7-BANANA-GT,Row Lake 7 (Banana),Griffin Top,Griffin Top,Garfield,Rainbows,RAINBOW,747,10.48,2012-06-07,2012,1,1,
ROW L 7-BANANA-GT,Row Lake 7 (Banana),Griffin Top,Griffin Top,Garfield,Brookies,BROOK TROUT,494,2.63,2012-07-13,2012,1,1,
ROW L 7-BANANA-GT,Row Lake 7 (Banana),Griffin Top,Griffin Top,Garfield,Rainbows,RAINBOW,746,7.93,2013-05-28,2013,1,1,
ROW L 7-BANANA-GT,Row Lake 7 (Banana),Griffin Top,Griffin Top,Garfield,Brookies,BROOK TROUT,502,2.55,2013-07-01,2013,1,1,
ROW L 7-BANANA-GT,Row Lake 7 (Banana),Griffin Top,Griffin Top,Garfield,Grayling,GRAYLING ARCTIC,494,3.13,2013-09-16,2013,1,1,
ROW L 7-BANANA-GT,Row Lake 7 (Banana),Griffin Top,Griffin Top,Garfield,Rainbows,RAINBOW,756,8.32,2014-06-02,2014,1,1,
ROW L 7-BANANA-GT,Row Lake 7 (Banana),Griffin Top,Griffin Top,Garfield,Brookies,BROOK TROUT,513,1.9,2014-06-11,2014,1,1,
ROW L 7-BANANA-GT,Row Lake 7 (Banana),Griffin Top,Griffin Top,Garfield,Grayling,GRAYLING ARCTIC,510,2.27,2014-08-27,2014,1,1,
ROW L 7-BANANA-GT,Row Lake 7 (Banana),Griffin Top,Griffin Top,Garfield,Rainbows,RAINBOW,760,8.96,2015-06-18,2015,1,1,
ROW L 7-BANANA-GT,Row Lake 7 (Banana),Griffin Top,Griffin Top,Garfield,Brookies,BROOK TROUT,505,2.97,2015-06-29,2015,1,1,
ROW L 7-BANANA-GT,Row Lake 7 (Banana),Griffin Top,Griffin Top,Garfield,Grayling,GRAYLING ARCTIC,493,2.4,2015-08-24,2015,1,1,
ROW L 7-BANANA-GT,Row Lake 7 (Banana),Griffin Top,Griffin Top,Garfield,Rainbows,RAINBOW,764,10.46,2016-06-23,2016,1,1,
ROW L 7-BANANA-GT,Row Lake 7 (Banana),Griffin Top,Griffin Top,Garfield,Brookies,BROOK TROUT,537,2.27,2016-06-27,2016,1,1,
ROW L 7-BANANA-GT,Row Lake 7 (Banana),Griffin Top,Griffin Top,Garfield,Brookies,BROOK TROUT,511,2.55,2017-06-26,2017,1,1,
ROW L 7-BANANA-GT,Row Lake 7 (Banana),Griffin Top,Griffin Top,Garfield,Rainbows,RAINBOW,750,9.63,2017-06-27,2017,1,1,
ROW L 7-BANANA-GT,Row Lake 7 (Banana),Griffin Top,Griffin Top,Garfield,Grayling,GRAYLING ARCTIC,500,2.79,2017-09-18,2017,1,1,
ROW L 7-BANANA-GT,Row Lake 7 (Banana),Griffin Top,Griffin Top,Garfield,Brookies,BROOK TROUT,501,2.84,2018-06-25,2018,1,1,
ROW L 7-BANANA-GT,Row Lake 7 (Banana),Griffin Top,Griffin Top,Garfield,Grayling,GRAYLING ARCTIC,510,3.25,2018-10-09,2018,1,1,
ROW L 7-BANANA-GT,Row Lake 7 (Banana),Griffin Top,Griffin Top,Garfield,Rainbows,RAINBOW,312,10.13,2019-07-23,2019,1,1,
ROW L 7-BANANA-GT,Row Lake 7 (Banana),Griffin Top,Griffin Top,Garfield,Grayling,GRAYLING ARCTIC,500,2.29,2019-09-24,2019,1,1,
ROW L 7-BANANA-GT,Row Lake 7 (Banana),Griffin Top,Griffin Top,Garfield,Brookies,BROOK TROUT,512,2.55,2020-07-01,2020,1,1,
ROW L 7-BANANA-GT,Row Lake 7 (Banana),Griffin Top,Griffin Top,Garfield,Rainbows,RAINBOW,337,10.06,2020-07-16,2020,1,1,
ROW L 7-BANANA-GT,Row Lake 7 (Banana),Griffin Top,Griffin Top,Garfield,Grayling,GRAYLING ARCTIC,504,2.81,2020-09-28,2020,1,1,
ROW L 7-BANANA-GT,Row Lake 7 (Banana),Griffin Top,Griffin Top,Garfield,Brookies,BROOK TROUT,504,2.71,2021-07-06,2021,1,1,
ROW L 7-BANANA-GT,Row Lake 7 (Banana),Griffin Top,Griffin Top,Garfield,Rainbows,RAINBOW,357,10.5,2021-07-14,2021,1,1,
ROW L 7-BANANA-GT,Row Lake 7 (Banana),Griffin Top,Griffin Top,Garfield,Grayling,GRAYLING ARCTIC,494,2.65,2021-09-23,2021,1,1,
ROW L 7-BANANA-GT,Row Lake 7 (Banana),Griffin Top,Griffin Top,Garfield,Rainbows,RAINBOW,353,10.29,2022-07-18,2022,1,1,
ROW L 7-BANANA-GT,Row Lake 7 (Banana),Griffin Top,Griffin Top,Garfield,Rainbows,RAINBOW,352,10.04,2023-08-07,2023,1,1,
ROW L 7-BANANA-GT,Row Lake 7 (Banana),Griffin Top,Griffin Top,Garfield,Tigers,TIGER TROUT,350,9.66,2024-06-24,2024,1,1,
ROW L 7-BANANA-GT,Row Lake 7 (Banana),Griffin Top,Griffin Top,Garfield,Rainbows,RAINBOW,351,9.7,2024-07-10,2024,1,1,
ROW L 7-BANANA-GT,Row Lake 7 (Banana),Griffin Top,Griffin Top,Garfield,Rainbows,RAINBOW,353,10.28,2025-06-25,2025,1,1,
ROW L 7-BANANA-GT,Row Lake 7 (Banana),Griffin Top,Griffin Top,Garfield,Tigers,TIGER TROUT,352,10.35,2025-06-27,2025,1,1,
ROW L 7-BANANA-GT,Row Lake 7 (Banana),Griffin Top,Griffin Top,Garfield,Tigers,TIGER TROUT,353,10.73,2026-06-10,2026,1,1,
ROW L 7-BANANA-GT,Row Lake 7 (Banana),Griffin Top,Griffin Top,Garfield,Rainbows,RAINBOW,350,10.54,2026-06-18,2026,1,1,
ROW L 8 GT,Row Lake 8,Griffin Top,Griffin Top,Garfield,Brookies,BROOK TROUT,252,2.88,2002-07-08,2002,1,1,
ROW L 8 GT,Row Lake 8,Griffin Top,Griffin Top,Garfield,Rainbows,RAINBOW,260,9.87,2002-07-26,2002,1,1,
ROW L 8 GT,Row Lake 8,Griffin Top,Griffin Top,Garfield,Rainbows,RAINBOW,202,9.63,2003-06-17,2003,1,1,
ROW L 8 GT,Row Lake 8,Griffin Top,Griffin Top,Garfield,Brookies,BROOK TROUT,250,2.62,2003-07-06,2003,1,1,
ROW L 8 GT,Row Lake 8,Griffin Top,Griffin Top,Garfield,Brookies,BROOK TROUT,254,2.34,2004-07-12,2004,1,1,
ROW L 8 GT,Row Lake 8,Griffin Top,Griffin Top,Garfield,Brookies,BROOK TROUT,252,2.34,2005-07-10,2005,1,1,
ROW L 8 GT,Row Lake 8,Griffin Top,Griffin Top,Garfield,Grayling,GRAYLING ARCTIC,990,0.76,2005-07-18,2005,1,1,
ROW L 8 GT,Row Lake 8,Griffin Top,Griffin Top,Garfield,Brookies,BROOK TROUT,252,2.88,2006-07-10,2006,1,1,
ROW L 8 GT,Row Lake 8,Griffin Top,Griffin Top,Garfield,Grayling,GRAYLING ARCTIC,502,1.66,2006-08-07,2006,1,1,
ROW L 8 GT,Row Lake 8,Griffin Top,Griffin Top,Garfield,Brookies,BROOK TROUT,248,3.22,2007-07-12,2007,1,1,
ROW L 8 GT,Row Lake 8,Griffin Top,Griffin Top,Garfield,Grayling,GRAYLING ARCTIC,499,1.5,2007-07-31,2007,1,1,
ROW L 8 GT,Row Lake 8,Griffin Top,Griffin Top,Garfield,Brookies,BROOK TROUT,280,3.11,2008-06-18,2008,1,1,
ROW L 8 GT,Row Lake 8,Griffin Top,Griffin Top,Garfield,Grayling,GRAYLING ARCTIC,500,1.17,2008-07-28,2008,1,1,
ROW L 8 GT,Row Lake 8,Griffin Top,Griffin Top,Garfield,Brookies,BROOK TROUT,321,3.15,2009-06-15,2009,1,1,
ROW L 8 GT,Row Lake 8,Griffin Top,Griffin Top,Garfield,Brookies,BROOK TROUT,273,2.95,2010-06-15,2010,1,1,
ROW L 8 GT,Row Lake 8,Griffin Top,Griffin Top,Garfield,Brookies,BROOK TROUT,250,2.71,2011-06-28,2011,1,1,
ROW L 8 GT,Row Lake 8,Griffin Top,Griffin Top,Garfield,Brookies,BROOK TROUT,247,2.63,2012-07-13,2012,1,1,
ROW L 8 GT,Row Lake 8,Griffin Top,Griffin Top,Garfield,Brookies,BROOK TROUT,260,2.55,2013-07-01,2013,1,1,
ROW L 8 GT,Row Lake 8,Griffin Top,Griffin Top,Garfield,Grayling,GRAYLING ARCTIC,494,3.13,2013-09-16,2013,1,1,
ROW L 8 GT,Row Lake 8,Griffin Top,Griffin Top,Garfield,Brookies,BROOK TROUT,257,1.9,2014-06-11,2014,1,1,
ROW L 8 GT,Row Lake 8,Griffin Top,Griffin Top,Garfield,Grayling,GRAYLING ARCTIC,510,2.27,2014-08-27,2014,1,1,
ROW L 8 GT,Row Lake 8,Griffin Top,Griffin Top,Garfield,Brookies,BROOK TROUT,257,2.97,2015-06-29,2015,1,1,
ROW L 8 GT,Row Lake 8,Griffin Top,Griffin Top,Garfield,Grayling,GRAYLING ARCTIC,493,2.4,2015-08-24,2015,1,1,
ROW L 8 GT,Row Lake 8,Griffin Top,Griffin Top,Garfield,Brookies,BROOK TROUT,300,2.27,2016-06-27,2016,1,1,
ROW L 8 GT,Row Lake 8,Griffin Top,Griffin Top,Garfield,Brookies,BROOK TROUT,255,2.55,2017-06-26,2017,1,1,
ROW L 8 GT,Row Lake 8,Griffin Top,Griffin Top,Garfield,Grayling,GRAYLING ARCTIC,500,2.79,2017-09-18,2017,1,1,
ROW L 8 GT,Row Lake 8,Griffin Top,Griffin Top,Garfield,Brookies,BROOK TROUT,251,2.84,2018-06-25,2018,1,1,
ROW L 8 GT,Row Lake 8,Griffin Top,Griffin Top,Garfield,Grayling,GRAYLING ARCTIC,510,3.25,2018-10-09,2018,1,1,
ROW L 8 GT,Row Lake 8,Griffin Top,Griffin Top,Garfield,Tigers,TIGER TROUT,251,11.25,2019-07-08,2019,1,1,
ROW L 8 GT,Row Lake 8,Griffin Top,Griffin Top,Garfield,Tigers,TIGER TROUT,676,10.12,2020-07-08,2020,1,1,
ROW L 8 GT,Row Lake 8,Griffin Top,Griffin Top,Garfield,Tigers,TIGER TROUT,267,9.89,2021-06-28,2021,1,1,
ROW L 8 GT,Row Lake 8,Griffin Top,Griffin Top,Garfield,Tigers,TIGER TROUT,256,8.74,2022-06-17,2022,1,1,
ROW L 8 GT,Row Lake 8,Griffin Top,Griffin Top,Garfield,Tigers,TIGER TROUT,256,9.49,2023-07-12,2023,1,1,
ROW L 8 GT,Row Lake 8,Griffin Top,Griffin Top,Garfield,Tigers,TIGER TROUT,250,9.66,2024-06-24,2024,1,1,
ROW L 8 GT,Row Lake 8,Griffin Top,Griffin Top,Garfield,Tigers,TIGER TROUT,250,10.35,2025-06-27,2025,1,1,
ROW L 8 GT,Row Lake 8,Griffin Top,Griffin Top,Garfield,Tigers,TIGER TROUT,257,10.73,2026-06-10,2026,1,1,
SAND CR,Sand Creek,Boulder Mountain,,Wayne,Cutthroats,CUTTHROAT,105,5.96,2014-09-30,2014,1,1,
SEVIER R,Sevier River,Southwest Garfield,,Garfield,Browns,BROWN TROUT,6000,3.3,2002-05-14,2002,1,1,
SEVIER R,Sevier River,Southwest Garfield,,Garfield,Channel catfish,CHANNEL CATFISH,66667,5.0,2002-06-04,2002,1,1,
SEVIER R,Sevier River,Southwest Garfield,,Garfield,Browns,BROWN TROUT,6007,3.14,2003-06-20,2003,1,1,
SEVIER R,Sevier River,Southwest Garfield,,Garfield,Browns,BROWN TROUT,1958,9.53,2003-09-30,2003,1,1,
SEVIER R,Sevier River,Southwest Garfield,,Garfield,Browns,BROWN TROUT,6047,3.56,2004-04-28,2004,1,1,
SEVIER R,Sevier River,Southwest Garfield,,Garfield,Browns,BROWN TROUT,10005,3.32,2004-08-24,2004,1,1,
SEVIER R,Sevier River,Southwest Garfield,,Garfield,Browns,BROWN TROUT,6007,5.39,2005-07-21,2005,1,1,
SEVIER R,Sevier River,Southwest Garfield,,Garfield,Browns,BROWN TROUT,3011,6.08,2005-08-17,2005,1,1,
SEVIER R,Sevier River,Southwest Garfield,,Garfield,Browns,BROWN TROUT,6093,5.03,2006-06-22,2006,1,1,
SEVIER R,Sevier River,Southwest Garfield,,Garfield,Browns,BROWN TROUT,4054,5.03,2006-06-22,2006,1,1,
SEVIER R,Sevier River,Southwest Garfield,,Garfield,Browns,BROWN TROUT,5994,4.73,2007-06-12,2007,1,1,
SEVIER R,Sevier River,Southwest Garfield,,Garfield,Rainbows,RAINBOW,529,9.29,2007-06-22,2007,1,1,
SEVIER R,Sevier River,Southwest Garfield,,Garfield,Rainbows,RAINBOW,538,9.65,2007-07-03,2007,1,1,
SEVIER R,Sevier River,Southwest Garfield,,Garfield,Browns,BROWN TROUT,1233,5.85,2007-07-06,2007,1,1,
SEVIER R,Sevier River,Southwest Garfield,,Garfield,Browns,BROWN TROUT,1916,5.23,2007-07-06,2007,1,1,
SEVIER R,Sevier River,Southwest Garfield,,Garfield,Browns,BROWN TROUT,1234,5.85,2007-07-06,2007,1,1,
SEVIER R,Sevier River,Southwest Garfield,,Garfield,Rainbows,RAINBOW,488,9.35,2007-07-20,2007,1,1,
SEVIER R,Sevier River,Southwest Garfield,,Garfield,Browns,BROWN TROUT,5040,4.74,2008-06-26,2008,1,1,
SEVIER R,Sevier River,Southwest Garfield,,Garfield,Rainbows,RAINBOW,338,10.63,2009-06-09,2009,1,1,
SEVIER R,Sevier River,Southwest Garfield,,Garfield,Browns,BROWN TROUT,5017,4.21,2009-06-15,2009,1,1,
SEVIER R,Sevier River,Southwest Garfield,,Garfield,Browns,BROWN TROUT,10001,4.21,2009-06-15,2009,1,1,
SEVIER R,Sevier River,Southwest Garfield,,Garfield,Rainbows,RAINBOW,365,10.37,2009-06-22,2009,1,1,
SEVIER R,Sevier River,Southwest Garfield,,Garfield,Rainbows,RAINBOW,362,10.39,2009-07-07,2009,1,1,
SEVIER R,Sevier River,Southwest Garfield,,Garfield,Cutthroats,CUTTHROAT,10287,1.96,2009-10-06,2009,1,1,
SEVIER R,Sevier River,Southwest Garfield,,Garfield,Rainbows,RAINBOW,224,9.0,2010-06-24,2010,1,1,
SEVIER R,Sevier River,Southwest Garfield,,Garfield,Rainbows,RAINBOW,638,10.08,2010-06-24,2010,1,1,
SEVIER R,Sevier River,Southwest Garfield,,Garfield,Browns,BROWN TROUT,8209,4.4,2010-07-06,2010,1,1,
SEVIER R,Sevier River,Southwest Garfield,,Garfield,Browns,BROWN TROUT,5075,4.4,2010-07-06,2010,1,1,
SEVIER R,Sevier River,Southwest Garfield,,Garfield,Browns,BROWN TROUT,5625,4.67,2010-07-08,2010,1,1,
SEVIER R,Sevier River,Southwest Garfield,,Garfield,Rainbows,RAINBOW,672,9.35,2010-07-08,2010,1,1,
SEVIER R,Sevier River,Southwest Garfield,,Garfield,Rainbows,RAINBOW,469,9.27,2010-07-20,2010,1,1,
SEVIER R,Sevier River,Southwest Garfield,,Garfield,Rainbows,RAINBOW,3588,4.26,2010-08-18,2010,1,1,
SEVIER R,Sevier River,Southwest Garfield,,Garfield,Cutthroats,CUTTHROAT,10034,2.02,2010-09-21,2010,1,2,
SEVIER R,Sevier River,Southwest Garfield,,Garfield,Cutthroats,CUTTHROAT,10034,2.02,2010-09-21,2010,2,2,
SEVIER R,Sevier River,Southwest Garfield,,Garfield,Rainbows,RAINBOW,687,10.96,2011-06-28,2011,1,1,
SEVIER R,Sevier River,Southwest Garfield,,Garfield,Browns,BROWN TROUT,10074,4.85,2011-07-18,2011,1,1,
SEVIER R,Sevier River,Southwest Garfield,,Garfield,Browns,BROWN TROUT,5268,4.67,2011-07-19,2011,1,1,
SEVIER R,Sevier River,Southwest Garfield,,Garfield,Rainbows,RAINBOW,672,10.79,2011-07-19,2011,1,1,
SEVIER R,Sevier River,Southwest Garfield,,Garfield,Rainbows,RAINBOW,637,10.98,2011-08-09,2011,1,1,
SEVIER R,Sevier River,Southwest Garfield,,Garfield,Browns,BROWN TROUT,4914,5.16,2011-08-15,2011,1,1,
SEVIER R,Sevier River,Southwest Garfield,,Garfield,Rainbows,RAINBOW,2005,4.65,2011-08-29,2011,1,1,
SEVIER R,Sevier River,Southwest Garfield,,Garfield,Browns,BROWN TROUT,29150,2.83,2012-04-25,2012,1,1,
SEVIER R,Sevier River,Southwest Garfield,,Garfield,Rainbows,RAINBOW,4531,2.5,2012-06-07,2012,1,1,
SEVIER R,Sevier River,Southwest Garfield,,Garfield,Rainbows,RAINBOW,968,9.81,2012-06-11,2012,1,1,
SEVIER R,Sevier River,Southwest Garfield,,Garfield,Browns,BROWN TROUT,5820,3.72,2012-06-12,2012,1,1,
SEVIER R,Sevier River,Southwest Garfield,,Garfield,Browns,BROWN TROUT,10670,3.72,2012-06-12,2012,1,1,
SEVIER R,Sevier River,Southwest Garfield,,Garfield,Rainbows,RAINBOW,1032,10.99,2012-06-26,2012,1,1,
SEVIER R,Sevier River,Southwest Garfield,,Garfield,Rainbows,RAINBOW,500,10.95,2012-07-11,2012,1,1,
SEVIER R,Sevier River,Southwest Garfield,,Garfield,Rainbows,RAINBOW,999,10.56,2012-07-16,2012,1,1,
SEVIER R,Sevier River,Southwest Garfield,,Garfield,Rainbows,RAINBOW,312,11.13,2012-08-08,2012,1,1,
SEVIER R,Sevier River,Southwest Garfield,,Garfield,Rainbows,RAINBOW,2014,4.47,2013-04-22,2013,1,1,
SEVIER R,Sevier River,Southwest Garfield,,Garfield,Rainbows,RAINBOW,1229,10.23,2013-04-30,2013,1,1,
SEVIER R,Sevier River,Southwest Garfield,,Garfield,Rainbows,RAINBOW,748,8.09,2013-05-14,2013,1,1,
SEVIER R,Sevier River,Southwest Garfield,,Garfield,Browns,BROWN TROUT,10165,3.22,2013-05-20,2013,1,1,
SEVIER R,Sevier River,Southwest Garfield,,Garfield,Browns,BROWN TROUT,5122,3.22,2013-05-20,2013,1,1,
SEVIER R,Sevier River,Southwest Garfield,,Garfield,Rainbows,RAINBOW,750,8.26,2013-06-04,2013,1,1,
SEVIER R,Sevier River,Southwest Garfield,,Garfield,Rainbows,RAINBOW,4092,4.49,2013-07-08,2013,1,1,
SEVIER R,Sevier River,Southwest Garfield,,Garfield,Rainbows,RAINBOW,708,9.31,2013-07-08,2013,1,1,
SEVIER R,Sevier River,Southwest Garfield,,Garfield,Rainbows,RAINBOW,707,9.77,2013-08-06,2013,1,1,
SEVIER R,Sevier River,Southwest Garfield,,Garfield,Cutthroats,CUTTHROAT,5800,2.7,2013-10-07,2013,1,1,
SEVIER R,Sevier River,Southwest Garfield,,Garfield,Browns,BROWN TROUT,5046,3.93,2014-04-24,2014,1,1,
SEVIER R,Sevier River,Southwest Garfield,,Garfield,Browns,BROWN TROUT,10005,3.93,2014-04-24,2014,1,1,
SEVIER R,Sevier River,Southwest Garfield,,Garfield,Rainbows,RAINBOW,750,8.34,2014-05-13,2014,1,1,
SEVIER R,Sevier River,Southwest Garfield,,Garfield,Rainbows,RAINBOW,4035,3.83,2014-06-04,2014,1,1,
SEVIER R,Sevier River,Southwest Garfield,,Garfield,Rainbows,RAINBOW,751,8.21,2014-06-11,2014,1,1,
SEVIER R,Sevier River,Southwest Garfield,,Garfield,Rainbows,RAINBOW,752,8.73,2014-07-07,2014,1,1,
SEVIER R,Sevier River,Southwest Garfield,,Garfield,Rainbows,RAINBOW,763,9.38,2014-08-11,2014,1,1,
SEVIER R,Sevier River,Southwest Garfield,,Garfield,Browns,BROWN TROUT,5261,4.17,2015-04-29,2015,1,1,
SEVIER R,Sevier River,Southwest Garfield,,Garfield,Browns,BROWN TROUT,20218,4.08,2015-04-30,2015,1,1,
SEVIER R,Sevier River,Southwest Garfield,,Garfield,Rainbows,RAINBOW,998,8.58,2015-05-07,2015,1,1,
SEVIER R,Sevier River,Southwest Garfield,,Garfield,Rainbows,RAINBOW,10185,3.7,2015-05-26,2015,1,1,
SEVIER R,Sevier River,Southwest Garfield,,Garfield,Rainbows,RAINBOW,1029,9.54,2015-06-24,2015,1,1,
SEVIER R,Sevier River,Southwest Garfield,,Garfield,Rainbows,RAINBOW,999,9.55,2015-07-07,2015,1,1,
SEVIER R,Sevier River,Southwest Garfield,,Garfield,Browns,BROWN TROUT,20166,4.83,2016-06-08,2016,1,1,
SEVIER R,Sevier River,Southwest Garfield,,Garfield,Rainbows,RAINBOW,1014,10.03,2016-06-16,2016,1,1,
SEVIER R,Sevier River,Southwest Garfield,,Garfield,Rainbows,RAINBOW,10080,3.9,2016-06-21,2016,1,1,
SEVIER R,Sevier River,Southwest Garfield,,Garfield,Browns,BROWN TROUT,4978,5.01,2016-06-22,2016,1,1,
SEVIER R,Sevier River,Southwest Garfield,,Garfield,Rainbows,RAINBOW,798,9.96,2016-06-29,2016,1,1,
SEVIER R,Sevier River,Southwest Garfield,,Garfield,Rainbows,RAINBOW,237,10.35,2016-06-29,2016,1,1,
SEVIER R,Sevier River,Southwest Garfield,,Garfield,Rainbows,RAINBOW,951,10.1,2016-07-12,2016,1,1,
SEVIER R,Sevier River,Southwest Garfield,,Garfield,Rainbows,RAINBOW,995,11.21,2017-06-06,2017,1,1,
SEVIER R,Sevier River,Southwest Garfield,,Garfield,Rainbows,RAINBOW,3927,4.12,2017-06-06,2017,1,1,
SEVIER R,Sevier River,Southwest Garfield,,Garfield,Rainbows,RAINBOW,6428,3.83,2017-06-06,2017,1,1,
SEVIER R,Sevier River,Southwest Garfield,,Garfield,Browns,BROWN TROUT,20052,3.62,2017-06-07,2017,1,1,
SEVIER R,Sevier River,Southwest Garfield,,Garfield,Browns,BROWN TROUT,5013,3.62,2017-06-07,2017,1,1,
SEVIER R,Sevier River,Southwest Garfield,,Garfield,Rainbows,RAINBOW,1007,10.35,2017-06-27,2017,1,1,
SEVIER R,Sevier River,Southwest Garfield,,Garfield,Rainbows,RAINBOW,994,10.39,2017-07-13,2017,1,1,
SEVIER R,Sevier River,Southwest Garfield,,Garfield,Rainbows,RAINBOW,10083,4.01,2018-05-18,2018,1,1,
SEVIER R,Sevier River,Southwest Garfield,,Garfield,Rainbows,RAINBOW,1496,10.88,2018-05-21,2018,1,1,
SEVIER R,Sevier River,Southwest Garfield,,Garfield,Browns,BROWN TROUT,4444,4.14,2018-06-11,2018,1,1,
SEVIER R,Sevier River,Southwest Garfield,,Garfield,Browns,BROWN TROUT,5585,4.39,2018-06-11,2018,1,1,
SEVIER R,Sevier River,Southwest Garfield,,Garfield,Browns,BROWN TROUT,16911,4.39,2018-06-11,2018,1,1,
SEVIER R,Sevier River,Southwest Garfield,,Garfield,Rainbows,RAINBOW,1545,10.67,2018-06-18,2018,1,1,
SEVIER R,Sevier River,Southwest Garfield,,Garfield,Rainbows,RAINBOW,9951,3.0,2018-08-21,2018,1,1,
SEVIER R,Sevier River,Southwest Garfield,,Garfield,Browns,BROWN TROUT,24145,3.91,2019-06-04,2019,1,1,
SEVIER R,Sevier River,Southwest Garfield,,Garfield,Browns,BROWN TROUT,7902,3.91,2019-06-04,2019,1,1,
SEVIER R,Sevier River,Southwest Garfield,,Garfield,Rainbows,RAINBOW,20050,3.64,2019-07-10,2019,1,1,
SEVIER R,Sevier River,Southwest Garfield,,Garfield,Browns,BROWN TROUT,20291,3.25,2020-04-20,2020,1,1,
SEVIER R,Sevier River,Southwest Garfield,,Garfield,Browns,BROWN TROUT,5073,3.25,2020-04-20,2020,1,1,
SEVIER R,Sevier River,Southwest Garfield,,Garfield,Rainbows,RAINBOW,20015,3.2,2020-06-01,2020,1,1,
SEVIER R,Sevier River,Southwest Garfield,,Garfield,Cutthroats,CUTTHROAT,8910,2.13,2020-09-16,2020,1,2,
SEVIER R,Sevier River,Southwest Garfield,,Garfield,Cutthroats,CUTTHROAT,8910,2.13,2020-09-16,2020,2,2,
SEVIER R,Sevier River,Southwest Garfield,,Garfield,Browns,BROWN TROUT,20534,4.3,2021-05-06,2021,1,1,
SEVIER R,Sevier River,Southwest Garfield,,Garfield,Browns,BROWN TROUT,5090,4.3,2021-05-06,2021,1,1,
SEVIER R,Sevier River,Southwest Garfield,,Garfield,Browns,BROWN TROUT,5136,3.45,2022-05-09,2022,1,1,
SEVIER R,Sevier River,Southwest Garfield,,Garfield,Browns,BROWN TROUT,20544,3.45,2022-05-09,2022,1,1,
SEVIER R,Sevier River,Southwest Garfield,,Garfield,Rainbows,RAINBOW,24092,2.78,2022-05-31,2022,1,1,
SEVIER R,Sevier River,Southwest Garfield,,Garfield,Cutthroats,CUTTHROAT,4023,2.2,2022-09-20,2022,1,1,
SEVIER R,Sevier River,Southwest Garfield,,Garfield,Browns,BROWN TROUT,5150,2.95,2023-05-01,2023,1,1,
SEVIER R,Sevier River,Southwest Garfield,,Garfield,Browns,BROWN TROUT,20600,2.95,2023-05-01,2023,1,1,
SEVIER R,Sevier River,Southwest Garfield,,Garfield,Rainbows,RAINBOW,20130,3.16,2023-06-21,2023,1,1,
SEVIER R,Sevier River,Southwest Garfield,,Garfield,Browns,BROWN TROUT,5096,3.46,2024-05-14,2024,1,1,
SEVIER R,Sevier River,Southwest Garfield,,Garfield,Browns,BROWN TROUT,20384,3.46,2024-05-14,2024,1,1,
SEVIER R,Sevier River,Southwest Garfield,,Garfield,Rainbows,RAINBOW,19993,3.18,2024-07-22,2024,1,1,
SEVIER R,Sevier River,Southwest Garfield,,Garfield,Browns,BROWN TROUT,20160,3.08,2025-05-01,2025,1,1,
SEVIER R,Sevier River,Southwest Garfield,,Garfield,Browns,BROWN TROUT,5040,3.08,2025-05-01,2025,1,1,
SEVIER R,Sevier River,Southwest Garfield,,Garfield,Rainbows,RAINBOW,4691,4.31,2025-05-27,2025,1,1,
SEVIER R,Sevier River,Southwest Garfield,,Garfield,Rainbows,RAINBOW,20001,2.86,2025-06-23,2025,1,1,
SEVIER R,Sevier River,Southwest Garfield,,Garfield,Browns,BROWN TROUT,5015,3.28,2026-05-04,2026,1,1,
SEVIER R,Sevier River,Southwest Garfield,,Garfield,Browns,BROWN TROUT,20061,3.28,2026-05-06,2026,1,1,
SEVIER R,Sevier River,Southwest Garfield,,Garfield,Rainbows,RAINBOW,19992,4.45,2026-05-07,2026,1,1,
"SEVIER R, E FK",Sevier River East Fork,Southwest Garfield,,Garfield,Browns,BROWN TROUT,1003,3.3,2002-05-14,2002,1,1,
"SEVIER R, E FK",Sevier River East Fork,Southwest Garfield,,Garfield,Browns,BROWN TROUT,3000,3.3,2002-05-14,2002,1,1,
"SEVIER R, E FK",Sevier River East Fork,Southwest Garfield,,Garfield,Browns,BROWN TROUT,6000,3.3,2002-05-14,2002,1,1,
"SEVIER R, E FK",Sevier River East Fork,Southwest Garfield,,Garfield,Cutthroats,CUTTHROAT,5030,1.96,2002-10-07,2002,1,1,
"SEVIER R, E FK",Sevier River East Fork,Southwest Garfield,,Garfield,Cutthroats,CUTTHROAT,10098,1.96,2002-10-07,2002,1,1,
"SEVIER R, E FK",Sevier River East Fork,Southwest Garfield,,Garfield,Rainbows,RAINBOW,4019,6.54,2003-06-09,2003,1,1,
"SEVIER R, E FK",Sevier River East Fork,Southwest Garfield,,Garfield,Browns,BROWN TROUT,2999,3.14,2003-06-19,2003,1,1,
"SEVIER R, E FK",Sevier River East Fork,Southwest Garfield,,Garfield,Browns,BROWN TROUT,6000,3.14,2003-06-19,2003,1,1,
"SEVIER R, E FK",Sevier River East Fork,Southwest Garfield,,Garfield,Browns,BROWN TROUT,1001,3.14,2003-06-20,2003,1,1,
"SEVIER R, E FK",Sevier River East Fork,Southwest Garfield,,Garfield,Browns,BROWN TROUT,1958,9.53,2003-09-26,2003,1,1,
"SEVIER R, E FK",Sevier River East Fork,Southwest Garfield,,Garfield,Browns,BROWN TROUT,1929,9.52,2003-10-09,2003,1,1,
"SEVIER R, E FK",Sevier River East Fork,Southwest Garfield,,Garfield,Cutthroats,CUTTHROAT,4999,1.95,2003-10-21,2003,1,1,
"SEVIER R, E FK",Sevier River East Fork,Southwest Garfield,,Garfield,Cutthroats,CUTTHROAT,5002,1.95,2003-10-21,2003,1,1,
"SEVIER R, E FK",Sevier River East Fork,Southwest Garfield,,Garfield,Browns,BROWN TROUT,6023,4.7,2004-06-09,2004,1,1,
"SEVIER R, E FK",Sevier River East Fork,Southwest Garfield,,Garfield,Browns,BROWN TROUT,3011,4.7,2004-06-09,2004,1,1,
"SEVIER R, E FK",Sevier River East Fork,Southwest Garfield,,Garfield,Cutthroats,CUTTHROAT,2528,2.2,2004-10-18,2004,1,2,
"SEVIER R, E FK",Sevier River East Fork,Southwest Garfield,,Garfield,Cutthroats,CUTTHROAT,2528,2.2,2004-10-18,2004,2,2,
"SEVIER R, E FK",Sevier River East Fork,Southwest Garfield,,Garfield,Browns,BROWN TROUT,6009,5.51,2005-07-11,2005,1,1,
"SEVIER R, E FK",Sevier River East Fork,Southwest Garfield,,Garfield,Browns,BROWN TROUT,3004,5.51,2005-07-11,2005,1,1,
"SEVIER R, E FK",Sevier River East Fork,Southwest Garfield,,Garfield,Cutthroats,CUTTHROAT,5475,1.9,2005-10-12,2005,1,2,
"SEVIER R, E FK",Sevier River East Fork,Southwest Garfield,,Garfield,Cutthroats,CUTTHROAT,5475,1.9,2005-10-12,2005,2,2,
"SEVIER R, E FK",Sevier River East Fork,Southwest Garfield,,Garfield,Browns,BROWN TROUT,2010,5.22,2006-06-21,2006,1,1,
"SEVIER R, E FK",Sevier River East Fork,Southwest Garfield,,Garfield,Browns,BROWN TROUT,3015,5.22,2006-06-21,2006,1,1,
"SEVIER R, E FK",Sevier River East Fork,Southwest Garfield,,Garfield,Browns,BROWN TROUT,2997,4.73,2007-06-12,2007,1,1,
"SEVIER R, E FK",Sevier River East Fork,Southwest Garfield,,Garfield,Browns,BROWN TROUT,3024,4.73,2007-06-12,2007,1,1,
"SEVIER R, E FK",Sevier River East Fork,Southwest Garfield,,Garfield,Cutthroats,CUTTHROAT,5074,1.53,2007-09-19,2007,1,1,
"SEVIER R, E FK",Sevier River East Fork,Southwest Garfield,,Garfield,Cutthroats,CUTTHROAT,5073,1.53,2007-09-19,2007,1,1,
"SEVIER R, E FK",Sevier River East Fork,Southwest Garfield,,Garfield,Browns,BROWN TROUT,2710,4.87,2008-06-24,2008,1,2,
"SEVIER R, E FK",Sevier River East Fork,Southwest Garfield,,Garfield,Browns,BROWN TROUT,2710,4.87,2008-06-24,2008,2,2,
"SEVIER R, E FK",Sevier River East Fork,Southwest Garfield,,Garfield,Cutthroats,CUTTHROAT,5040,2.01,2008-09-16,2008,1,2,
"SEVIER R, E FK",Sevier River East Fork,Southwest Garfield,,Garfield,Cutthroats,CUTTHROAT,5040,2.01,2008-09-16,2008,2,2,
"SEVIER R, E FK",Sevier River East Fork,Southwest Garfield,,Garfield,Browns,BROWN TROUT,6412,4.49,2009-06-23,2009,1,1,
"SEVIER R, E FK",Sevier River East Fork,Southwest Garfield,,Garfield,Browns,BROWN TROUT,5348,4.49,2009-06-23,2009,1,1,
"SEVIER R, E FK",Sevier River East Fork,Southwest Garfield,,Garfield,Cutthroats,CUTTHROAT,5334,1.96,2009-10-05,2009,1,2,
"SEVIER R, E FK",Sevier River East Fork,Southwest Garfield,,Garfield,Cutthroats,CUTTHROAT,5334,1.96,2009-10-05,2009,2,2,
"SEVIER R, E FK",Sevier River East Fork,Southwest Garfield,,Garfield,Cutthroats,CUTTHROAT,5029,1.87,2009-10-06,2009,1,1,
"SEVIER R, E FK",Sevier River East Fork,Southwest Garfield,,Garfield,Browns,BROWN TROUT,3304,4.42,2010-07-07,2010,1,1,
"SEVIER R, E FK",Sevier River East Fork,Southwest Garfield,,Garfield,Browns,BROWN TROUT,5517,4.42,2010-07-07,2010,1,1,
"SEVIER R, E FK",Sevier River East Fork,Southwest Garfield,,Garfield,Cutthroats,CUTTHROAT,10263,2.09,2010-09-22,2010,1,2,
"SEVIER R, E FK",Sevier River East Fork,Southwest Garfield,,Garfield,Cutthroats,CUTTHROAT,10263,2.09,2010-09-22,2010,2,2,
"SEVIER R, E FK",Sevier River East Fork,Southwest Garfield,,Garfield,Browns,BROWN TROUT,3080,4.58,2011-07-11,2011,1,1,
"SEVIER R, E FK",Sevier River East Fork,Southwest Garfield,,Garfield,Browns,BROWN TROUT,5142,4.58,2011-07-11,2011,1,1,
"SEVIER R, E FK",Sevier River East Fork,Southwest Garfield,,Garfield,Cutthroats,CUTTHROAT,4970,1.6,2011-09-15,2011,1,2,
"SEVIER R, E FK",Sevier River East Fork,Southwest Garfield,,Garfield,Cutthroats,CUTTHROAT,4970,1.6,2011-09-15,2011,2,2,
"SEVIER R, E FK",Sevier River East Fork,Southwest Garfield,,Garfield,Browns,BROWN TROUT,3126,3.31,2012-05-29,2012,1,1,
"SEVIER R, E FK",Sevier River East Fork,Southwest Garfield,,Garfield,Browns,BROWN TROUT,5145,3.37,2012-05-29,2012,1,1,
"SEVIER R, E FK",Sevier River East Fork,Southwest Garfield,,Garfield,Cutthroats,CUTTHROAT,5500,2.25,2012-09-10,2012,1,2,
"SEVIER R, E FK",Sevier River East Fork,Southwest Garfield,,Garfield,Cutthroats,CUTTHROAT,5500,2.25,2012-09-10,2012,2,2,
"SEVIER R, E FK",Sevier River East Fork,Southwest Garfield,,Garfield,Browns,BROWN TROUT,5383,4.1,2013-06-13,2013,1,1,
"SEVIER R, E FK",Sevier River East Fork,Southwest Garfield,,Garfield,Browns,BROWN TROUT,3207,4.1,2013-06-13,2013,1,1,
"SEVIER R, E FK",Sevier River East Fork,Southwest Garfield,,Garfield,Cutthroats,CUTTHROAT,4962,2.26,2013-09-17,2013,1,2,
"SEVIER R, E FK",Sevier River East Fork,Southwest Garfield,,Garfield,Cutthroats,CUTTHROAT,4962,2.26,2013-09-17,2013,2,2,
"SEVIER R, E FK",Sevier River East Fork,Southwest Garfield,,Garfield,Browns,BROWN TROUT,5078,3.93,2014-04-23,2014,1,1,
"SEVIER R, E FK",Sevier River East Fork,Southwest Garfield,,Garfield,Browns,BROWN TROUT,3081,3.93,2014-04-23,2014,1,1,
"SEVIER R, E FK",Sevier River East Fork,Southwest Garfield,,Garfield,Cutthroats,CUTTHROAT,5115,2.03,2014-09-15,2014,1,2,
"SEVIER R, E FK",Sevier River East Fork,Southwest Garfield,,Garfield,Cutthroats,CUTTHROAT,5115,2.03,2014-09-15,2014,2,2,
"SEVIER R, E FK",Sevier River East Fork,Southwest Garfield,,Garfield,Browns,BROWN TROUT,3084,4.17,2015-04-28,2015,1,1,
"SEVIER R, E FK",Sevier River East Fork,Southwest Garfield,,Garfield,Browns,BROWN TROUT,5261,4.17,2015-04-28,2015,1,1,
"SEVIER R, E FK",Sevier River East Fork,Southwest Garfield,,Garfield,Cutthroats,CUTTHROAT,5112,1.89,2015-09-08,2015,1,2,
"SEVIER R, E FK",Sevier River East Fork,Southwest Garfield,,Garfield,Cutthroats,CUTTHROAT,5112,1.89,2015-09-08,2015,2,2,
"SEVIER R, E FK",Sevier River East Fork,Southwest Garfield,,Garfield,Browns,BROWN TROUT,5088,4.83,2016-06-06,2016,1,1,
"SEVIER R, E FK",Sevier River East Fork,Southwest Garfield,,Garfield,Browns,BROWN TROUT,3097,4.83,2016-06-06,2016,1,1,
"SEVIER R, E FK",Sevier River East Fork,Southwest Garfield,,Garfield,Cutthroats,CUTTHROAT,5018,1.72,2016-09-12,2016,1,2,
"SEVIER R, E FK",Sevier River East Fork,Southwest Garfield,,Garfield,Cutthroats,CUTTHROAT,5018,1.72,2016-09-12,2016,2,2,
"SEVIER R, E FK",Sevier River East Fork,Southwest Garfield,,Garfield,Browns,BROWN TROUT,5570,3.62,2017-06-08,2017,1,1,
"SEVIER R, E FK",Sevier River East Fork,Southwest Garfield,,Garfield,Browns,BROWN TROUT,3342,3.62,2017-06-08,2017,1,1,
"SEVIER R, E FK",Sevier River East Fork,Southwest Garfield,,Garfield,Cutthroats,CUTTHROAT,5335,1.81,2017-09-10,2017,1,2,
"SEVIER R, E FK",Sevier River East Fork,Southwest Garfield,,Garfield,Cutthroats,CUTTHROAT,5335,1.81,2017-09-10,2017,2,2,
"SEVIER R, E FK",Sevier River East Fork,Southwest Garfield,,Garfield,Browns,BROWN TROUT,3154,4.3,2018-06-19,2018,1,1,
"SEVIER R, E FK",Sevier River East Fork,Southwest Garfield,,Garfield,Browns,BROWN TROUT,5146,4.3,2018-06-19,2018,1,1,
"SEVIER R, E FK",Sevier River East Fork,Southwest Garfield,,Garfield,Cutthroats,CUTTHROAT,5343,2.07,2018-09-11,2018,1,2,
"SEVIER R, E FK",Sevier River East Fork,Southwest Garfield,,Garfield,Cutthroats,CUTTHROAT,5343,2.07,2018-09-11,2018,2,2,
"SEVIER R, E FK",Sevier River East Fork,Southwest Garfield,,Garfield,Cutthroats,CUTTHROAT,5181,2.07,2018-09-13,2018,1,1,
"SEVIER R, E FK",Sevier River East Fork,Southwest Garfield,,Garfield,Rainbows,RAINBOW,3318,4.7,2019-02-07,2019,1,1,
"SEVIER R, E FK",Sevier River East Fork,Southwest Garfield,,Garfield,Browns,BROWN TROUT,5268,3.91,2019-06-03,2019,1,1,
"SEVIER R, E FK",Sevier River East Fork,Southwest Garfield,,Garfield,Browns,BROWN TROUT,3512,3.91,2019-06-03,2019,1,1,
"SEVIER R, E FK",Sevier River East Fork,Southwest Garfield,,Garfield,Cutthroats,CUTTHROAT,6903,1.55,2019-09-11,2019,1,2,
"SEVIER R, E FK",Sevier River East Fork,Southwest Garfield,,Garfield,Cutthroats,CUTTHROAT,6903,1.55,2019-09-11,2019,2,2,
"SEVIER R, E FK",Sevier River East Fork,Southwest Garfield,,Garfield,Browns,BROWN TROUT,4996,3.25,2020-04-21,2020,1,1,
"SEVIER R, E FK",Sevier River East Fork,Southwest Garfield,,Garfield,Browns,BROWN TROUT,3074,3.25,2020-04-21,2020,1,1,
"SEVIER R, E FK",Sevier River East Fork,Southwest Garfield,,Garfield,Cutthroats,CUTTHROAT,6246,2.02,2020-09-08,2020,1,2,
"SEVIER R, E FK",Sevier River East Fork,Southwest Garfield,,Garfield,Cutthroats,CUTTHROAT,6246,2.02,2020-09-08,2020,2,2,
"SEVIER R, E FK",Sevier River East Fork,Southwest Garfield,,Garfield,Cutthroats,CUTTHROAT,9588,2.41,2020-10-01,2020,1,1,
"SEVIER R, E FK",Sevier River East Fork,Southwest Garfield,,Garfield,Browns,BROWN TROUT,5430,4.17,2021-05-11,2021,1,1,
"SEVIER R, E FK",Sevier River East Fork,Southwest Garfield,,Garfield,Browns,BROWN TROUT,3620,4.17,2021-05-11,2021,1,1,
"SEVIER R, E FK",Sevier River East Fork,Southwest Garfield,,Garfield,Cutthroats,CUTTHROAT,5049,2.13,2021-09-03,2021,1,2,
"SEVIER R, E FK",Sevier River East Fork,Southwest Garfield,,Garfield,Cutthroats,CUTTHROAT,5049,2.13,2021-09-03,2021,2,2,
"SEVIER R, E FK",Sevier River East Fork,Southwest Garfield,,Garfield,Browns,BROWN TROUT,3271,3.99,2022-05-19,2022,1,1,
"SEVIER R, E FK",Sevier River East Fork,Southwest Garfield,,Garfield,Browns,BROWN TROUT,5009,3.99,2022-05-19,2022,1,1,
"SEVIER R, E FK",Sevier River East Fork,Southwest Garfield,,Garfield,Cutthroats,CUTTHROAT,5085,2.04,2022-09-13,2022,1,2,
"SEVIER R, E FK",Sevier River East Fork,Southwest Garfield,,Garfield,Cutthroats,CUTTHROAT,5085,2.04,2022-09-13,2022,2,2,
"SEVIER R, E FK",Sevier River East Fork,Southwest Garfield,,Garfield,Browns,BROWN TROUT,3066,2.62,2023-04-17,2023,1,1,
"SEVIER R, E FK",Sevier River East Fork,Southwest Garfield,,Garfield,Browns,BROWN TROUT,5110,2.62,2023-04-17,2023,1,1,
"SEVIER R, E FK",Sevier River East Fork,Southwest Garfield,,Garfield,Cutthroats,CUTTHROAT,5076,1.97,2023-09-14,2023,1,2,
"SEVIER R, E FK",Sevier River East Fork,Southwest Garfield,,Garfield,Cutthroats,CUTTHROAT,5076,1.97,2023-09-14,2023,2,2,
"SEVIER R, E FK",Sevier River East Fork,Southwest Garfield,,Garfield,Browns,BROWN TROUT,5146,3.17,2024-05-01,2024,1,1,
"SEVIER R, E FK",Sevier River East Fork,Southwest Garfield,,Garfield,Browns,BROWN TROUT,3154,3.17,2024-05-01,2024,1,1,
"SEVIER R, E FK",Sevier River East Fork,Southwest Garfield,,Garfield,Cutthroats,CUTTHROAT,4030,1.64,2024-09-18,2024,1,1,
"SEVIER R, E FK",Sevier River East Fork,Southwest Garfield,,Garfield,Cutthroats,CUTTHROAT,4029,1.64,2024-09-18,2024,1,1,
"SEVIER R, E FK",Sevier River East Fork,Southwest Garfield,,Garfield,Browns,BROWN TROUT,5000,2.97,2025-04-23,2025,1,1,
"SEVIER R, E FK",Sevier River East Fork,Southwest Garfield,,Garfield,Browns,BROWN TROUT,3000,2.8,2025-04-23,2025,1,1,
"SEVIER R, E FK",Sevier River East Fork,Southwest Garfield,,Garfield,Cutthroats,CUTTHROAT,6003,1.9,2025-09-04,2025,1,2,
"SEVIER R, E FK",Sevier River East Fork,Southwest Garfield,,Garfield,Cutthroats,CUTTHROAT,6003,1.9,2025-09-04,2025,2,2,
"SEVIER R, E FK",Sevier River East Fork,Southwest Garfield,,Garfield,Cutthroats,CUTTHROAT,5100,2.12,2025-09-18,2025,1,2,
"SEVIER R, E FK",Sevier River East Fork,Southwest Garfield,,Garfield,Cutthroats,CUTTHROAT,5100,2.12,2025-09-18,2025,2,2,
"SEVIER R, E FK",Sevier River East Fork,Southwest Garfield,,Garfield,Browns,BROWN TROUT,3046,3.28,2026-05-06,2026,1,1,
"SEVIER R, E FK",Sevier River East Fork,Southwest Garfield,,Garfield,Browns,BROWN TROUT,5052,3.28,2026-05-06,2026,1,1,
SHORT L,Short Lake,Boulder Mountain,,Garfield,Cutthroats,CUTTHROAT,497,2.2,2007-09-18,2007,1,1,
SHORT L,Short Lake,Boulder Mountain,,Garfield,Cutthroats,CUTTHROAT,502,2.13,2008-09-23,2008,1,1,
SHORT L,Short Lake,Boulder Mountain,,Garfield,Cutthroats,CUTTHROAT,498,2.09,2009-09-16,2009,1,1,
SHORT L,Short Lake,Boulder Mountain,,Garfield,Cutthroats,CUTTHROAT,212,2.1,2010-09-13,2010,1,1,
SHORT L,Short Lake,Boulder Mountain,,Garfield,Cutthroats,CUTTHROAT,288,1.54,2010-09-13,2010,1,1,
SHORT L,Short Lake,Boulder Mountain,,Garfield,Cutthroats,CUTTHROAT,510,1.83,2011-09-20,2011,1,1,
SHORT L,Short Lake,Boulder Mountain,,Garfield,Cutthroats,CUTTHROAT,301,2.14,2012-09-19,2012,1,1,
SHORT L,Short Lake,Boulder Mountain,,Garfield,Cutthroats,CUTTHROAT,429,2.05,2013-09-16,2013,1,1,
SHORT L,Short Lake,Boulder Mountain,,Garfield,Cutthroats,CUTTHROAT,408,1.85,2014-09-10,2014,1,1,
SHORT L,Short Lake,Boulder Mountain,,Garfield,Cutthroats,CUTTHROAT,305,1.92,2015-09-18,2015,1,1,
SHORT L,Short Lake,Boulder Mountain,,Garfield,Cutthroats,CUTTHROAT,309,1.82,2016-09-19,2016,1,1,
SHORT L,Short Lake,Boulder Mountain,,Garfield,Cutthroats,CUTTHROAT,300,2.43,2018-10-01,2018,1,1,
SHORT L,Short Lake,Boulder Mountain,,Garfield,Cutthroats,CUTTHROAT,274,1.73,2019-09-25,2019,1,1,
SHORT L,Short Lake,Boulder Mountain,,Garfield,Cutthroats,CUTTHROAT,299,2.12,2020-09-23,2020,1,1,
SHORT L,Short Lake,Boulder Mountain,,Garfield,Cutthroats,CUTTHROAT,300,2.32,2021-09-20,2021,1,1,
SHORT L,Short Lake,Boulder Mountain,,Garfield,Cutthroats,CUTTHROAT,320,2.07,2022-09-26,2022,1,1,
SHORT L,Short Lake,Boulder Mountain,,Garfield,Cutthroats,CUTTHROAT,200,1.79,2023-09-18,2023,1,1,
SHORT L,Short Lake,Boulder Mountain,,Garfield,Cutthroats,CUTTHROAT,300,1.69,2024-09-26,2024,1,1,
SHORT L,Short Lake,Boulder Mountain,,Garfield,Cutthroats,CUTTHROAT,300,2.65,2025-08-20,2025,1,1,
SHORT L,Short Lake,Boulder Mountain,,Garfield,Cutthroats,CUTTHROAT,300,2.6,2026-07-16,2026,1,1,
SKUNK CR,Skunk Creek,Southwest Garfield,,Garfield,Cutthroats,CUTTHROAT,500,2.46,2007-10-25,2007,1,1,
SKUNK CREEK POND,Skunk Creek Pond,Southwest Garfield,,Garfield,Cutthroats,CUTTHROAT,100,6.91,2015-10-20,2015,1,1,
SOLITAIRE L NBS,Solitaire Lake,Boulder Mountain,North Boulder Slope,Wayne,Cutthroats,CUTTHROAT,489,1.97,2002-10-09,2002,1,1,
SOLITAIRE L NBS,Solitaire Lake,Boulder Mountain,North Boulder Slope,Wayne,Tigers,TIGER TROUT,225,3.36,2003-08-06,2003,1,1,
SOLITAIRE L NBS,Solitaire Lake,Boulder Mountain,North Boulder Slope,Wayne,Cutthroats,CUTTHROAT,416,2.08,2003-10-07,2003,1,1,
SOLITAIRE L NBS,Solitaire Lake,Boulder Mountain,North Boulder Slope,Wayne,Tigers,TIGER TROUT,100,3.08,2004-07-09,2004,1,1,
SOLITAIRE L NBS,Solitaire Lake,Boulder Mountain,North Boulder Slope,Wayne,Cutthroats,CUTTHROAT,500,1.94,2005-10-04,2005,1,1,
SOLITAIRE L NBS,Solitaire Lake,Boulder Mountain,North Boulder Slope,Wayne,Cutthroats,CUTTHROAT,500,2.29,2006-10-12,2006,1,1,
SOLITAIRE L NBS,Solitaire Lake,Boulder Mountain,North Boulder Slope,Wayne,Tigers,TIGER TROUT,250,3.84,2007-07-10,2007,1,1,
SOLITAIRE L NBS,Solitaire Lake,Boulder Mountain,North Boulder Slope,Wayne,Cutthroats,CUTTHROAT,526,2.21,2008-09-23,2008,1,1,
SOLITAIRE L NBS,Solitaire Lake,Boulder Mountain,North Boulder Slope,Wayne,Tigers,TIGER TROUT,246,2.86,2009-07-08,2009,1,1,
SOLITAIRE L NBS,Solitaire Lake,Boulder Mountain,North Boulder Slope,Wayne,Cutthroats,CUTTHROAT,1002,2.0,2009-09-16,2009,1,1,
SOLITAIRE L NBS,Solitaire Lake,Boulder Mountain,North Boulder Slope,Wayne,Cutthroats,CUTTHROAT,1001,1.52,2010-09-13,2010,1,1,
SOLITAIRE L NBS,Solitaire Lake,Boulder Mountain,North Boulder Slope,Wayne,Tigers,TIGER TROUT,248,3.81,2011-08-08,2011,1,1,
SOLITAIRE L NBS,Solitaire Lake,Boulder Mountain,North Boulder Slope,Wayne,Cutthroats,CUTTHROAT,0,1.83,2011-09-20,2011,1,1,zero-quantity
SOLITAIRE L NBS,Solitaire Lake,Boulder Mountain,North Boulder Slope,Wayne,Cutthroats,CUTTHROAT,1002,1.99,2011-09-20,2011,1,1,
SOLITAIRE L NBS,Solitaire Lake,Boulder Mountain,North Boulder Slope,Wayne,Cutthroats,CUTTHROAT,1030,2.4,2012-09-18,2012,1,1,
SOLITAIRE L NBS,Solitaire Lake,Boulder Mountain,North Boulder Slope,Wayne,Tigers,TIGER TROUT,254,3.04,2013-07-01,2013,1,1,
SOLITAIRE L NBS,Solitaire Lake,Boulder Mountain,North Boulder Slope,Wayne,Cutthroats,CUTTHROAT,1023,2.05,2013-09-16,2013,1,1,
SOLITAIRE L NBS,Solitaire Lake,Boulder Mountain,North Boulder Slope,Wayne,Cutthroats,CUTTHROAT,997,1.85,2014-09-10,2014,1,1,
SOLITAIRE L NBS,Solitaire Lake,Boulder Mountain,North Boulder Slope,Wayne,Tigers,TIGER TROUT,183,3.5,2015-06-30,2015,1,1,
SOLITAIRE L NBS,Solitaire Lake,Boulder Mountain,North Boulder Slope,Wayne,Cutthroats,CUTTHROAT,1015,1.92,2015-09-18,2015,1,1,
SOLITAIRE L NBS,Solitaire Lake,Boulder Mountain,North Boulder Slope,Wayne,Tigers,TIGER TROUT,147,3.55,2016-06-27,2016,1,1,
SOLITAIRE L NBS,Solitaire Lake,Boulder Mountain,North Boulder Slope,Wayne,Cutthroats,CUTTHROAT,1045,1.82,2016-09-19,2016,1,1,
SOLITAIRE L NBS,Solitaire Lake,Boulder Mountain,North Boulder Slope,Wayne,Tigers,TIGER TROUT,150,2.71,2017-06-26,2017,1,1,
SOLITAIRE L NBS,Solitaire Lake,Boulder Mountain,North Boulder Slope,Wayne,Cutthroats,CUTTHROAT,1052,1.6,2017-09-18,2017,1,1,
SOLITAIRE L NBS,Solitaire Lake,Boulder Mountain,North Boulder Slope,Wayne,Cutthroats,CUTTHROAT,1005,2.04,2018-10-01,2018,1,1,
SOLITAIRE L NBS,Solitaire Lake,Boulder Mountain,North Boulder Slope,Wayne,Tigers,TIGER TROUT,150,2.99,2019-07-10,2019,1,1,
SOLITAIRE L NBS,Solitaire Lake,Boulder Mountain,North Boulder Slope,Wayne,Cutthroats,CUTTHROAT,986,1.73,2019-09-25,2019,1,1,
SOLITAIRE L NBS,Solitaire Lake,Boulder Mountain,North Boulder Slope,Wayne,Cutthroats,CUTTHROAT,807,2.12,2020-09-23,2020,1,1,
SOLITAIRE L NBS,Solitaire Lake,Boulder Mountain,North Boulder Slope,Wayne,Tigers,TIGER TROUT,147,2.95,2021-07-06,2021,1,1,
SOLITAIRE L NBS,Solitaire Lake,Boulder Mountain,North Boulder Slope,Wayne,Cutthroats,CUTTHROAT,1000,1.71,2021-09-20,2021,1,1,
SOLITAIRE L NBS,Solitaire Lake,Boulder Mountain,North Boulder Slope,Wayne,Cutthroats,CUTTHROAT,512,2.07,2022-09-26,2022,1,1,
SOLITAIRE L NBS,Solitaire Lake,Boulder Mountain,North Boulder Slope,Wayne,Tigers,TIGER TROUT,149,2.87,2023-07-10,2023,1,1,
SOLITAIRE L NBS,Solitaire Lake,Boulder Mountain,North Boulder Slope,Wayne,Cutthroats,CUTTHROAT,512,1.31,2023-09-18,2023,1,1,
SOLITAIRE L NBS,Solitaire Lake,Boulder Mountain,North Boulder Slope,Wayne,Cutthroats,CUTTHROAT,500,1.68,2024-09-26,2024,1,1,
SOLITAIRE L NBS,Solitaire Lake,Boulder Mountain,North Boulder Slope,Wayne,Cutthroats,CUTTHROAT,499,2.0,2025-06-23,2025,1,1,
SOLITAIRE L NBS,Solitaire Lake,Boulder Mountain,North Boulder Slope,Wayne,Tigers,TIGER TROUT,147,2.81,2025-06-23,2025,1,1,
SOLITAIRE L NBS,Solitaire Lake,Boulder Mountain,North Boulder Slope,Wayne,Tigers,TIGER TROUT,74,2.87,2026-07-13,2026,1,1,
SOLITAIRE L NBS,Solitaire Lake,Boulder Mountain,North Boulder Slope,Wayne,Cutthroats,CUTTHROAT,113,2.6,2026-07-16,2026,1,1,
SOLITAIRE L NBS,Solitaire Lake,Boulder Mountain,North Boulder Slope,Wayne,Cutthroats,CUTTHROAT,387,2.05,2026-07-16,2026,1,1,
"BULLBERRY L, SOUTH",South Bullberry Lake,Boulder Mountain,,Wayne,Tigers,TIGER TROUT,50,3.84,2005-07-11,2005,1,1,
"BULLBERRY L, SOUTH",South Bullberry Lake,Boulder Mountain,,Wayne,Cutthroats,CUTTHROAT,200,1.94,2005-10-05,2005,1,1,
"BULLBERRY L, SOUTH",South Bullberry Lake,Boulder Mountain,,Wayne,Tigers,TIGER TROUT,100,4.04,2006-07-25,2006,1,1,
"BULLBERRY L, SOUTH",South Bullberry Lake,Boulder Mountain,,Wayne,Cutthroats,CUTTHROAT,360,2.29,2006-10-13,2006,1,1,
"BULLBERRY L, SOUTH",South Bullberry Lake,Boulder Mountain,,Wayne,Tigers,TIGER TROUT,100,4.08,2008-07-22,2008,1,1,
"BULLBERRY L, SOUTH",South Bullberry Lake,Boulder Mountain,,Wayne,Tigers,TIGER TROUT,100,3.74,2010-06-29,2010,1,1,
"BULLBERRY L, SOUTH",South Bullberry Lake,Boulder Mountain,,Wayne,Tigers,TIGER TROUT,100,3.73,2014-06-25,2014,1,1,
"BULLBERRY L, SOUTH",South Bullberry Lake,Boulder Mountain,,Wayne,Tigers,TIGER TROUT,102,3.58,2016-05-25,2016,1,1,
"BULLBERRY L, SOUTH",South Bullberry Lake,Boulder Mountain,,Wayne,Brookies,BROOK TROUT,52,2.13,2016-06-27,2016,1,1,
"BULLBERRY L, SOUTH",South Bullberry Lake,Boulder Mountain,,Wayne,Brookies,BROOK TROUT,51,3.03,2018-07-10,2018,1,1,
"BULLBERRY L, SOUTH",South Bullberry Lake,Boulder Mountain,,Wayne,Tigers,TIGER TROUT,101,2.85,2018-07-10,2018,1,1,
"BULLBERRY L, SOUTH",South Bullberry Lake,Boulder Mountain,,Wayne,Brookies,BROOK TROUT,53,2.32,2020-05-21,2020,1,1,
"BULLBERRY L, SOUTH",South Bullberry Lake,Boulder Mountain,,Wayne,Tigers,TIGER TROUT,103,2.45,2020-05-21,2020,1,1,
"BULLBERRY L, SOUTH",South Bullberry Lake,Boulder Mountain,,Wayne,Brookies,BROOK TROUT,101,2.79,2022-06-15,2022,1,1,
"BULLBERRY L, SOUTH",South Bullberry Lake,Boulder Mountain,,Wayne,Tigers,TIGER TROUT,51,2.69,2022-06-15,2022,1,1,
"BULLBERRY L, SOUTH",South Bullberry Lake,Boulder Mountain,,Wayne,Brookies,BROOK TROUT,107,2.96,2024-07-15,2024,1,1,
"BULLBERRY L, SOUTH",South Bullberry Lake,Boulder Mountain,,Wayne,Tigers,TIGER TROUT,61,2.91,2024-07-15,2024,1,1,
"BULLBERRY L, SOUTH",South Bullberry Lake,Boulder Mountain,,Wayne,Brookies,BROOK TROUT,101,2.85,2026-07-07,2026,1,1,
"BULLBERRY L, SOUTH",South Bullberry Lake,Boulder Mountain,,Wayne,Tigers,TIGER TROUT,51,2.75,2026-07-07,2026,1,1,
"ELKHORN L, SOUTH",South Elkhorn Lake,Thousand Lake Mountain,,Wayne,Brookies,BROOK TROUT,108,2.86,2002-07-23,2002,1,1,
"ELKHORN L, SOUTH",South Elkhorn Lake,Thousand Lake Mountain,,Wayne,Brookies,BROOK TROUT,100,2.92,2003-07-31,2003,1,1,
"ELKHORN L, SOUTH",South Elkhorn Lake,Thousand Lake Mountain,,Wayne,Brookies,BROOK TROUT,105,2.45,2004-07-22,2004,1,1,
"ELKHORN L, SOUTH",South Elkhorn Lake,Thousand Lake Mountain,,Wayne,Brookies,BROOK TROUT,98,3.04,2005-08-02,2005,1,1,
"HEART L, SOUTH NBS",South Heart Lake,Boulder Mountain,North Boulder Slope,Wayne,Tigers,TIGER TROUT,1850,3.84,2005-07-11,2005,1,1,
"HEART L, SOUTH NBS",South Heart Lake,Boulder Mountain,North Boulder Slope,Wayne,Cutthroats,CUTTHROAT,0,1.94,2005-10-05,2005,1,1,zero-quantity
"HEART L, SOUTH NBS",South Heart Lake,Boulder Mountain,North Boulder Slope,Wayne,Tigers,TIGER TROUT,100,4.04,2006-07-25,2006,1,1,
"HEART L, SOUTH NBS",South Heart Lake,Boulder Mountain,North Boulder Slope,Wayne,Tigers,TIGER TROUT,100,4.08,2008-07-22,2008,1,1,
"HEART L, SOUTH NBS",South Heart Lake,Boulder Mountain,North Boulder Slope,Wayne,Tigers,TIGER TROUT,100,3.74,2010-06-29,2010,1,1,
"HEART L, SOUTH NBS",South Heart Lake,Boulder Mountain,North Boulder Slope,Wayne,Tigers,TIGER TROUT,50,3.73,2014-06-25,2014,1,1,
"HEART L, SOUTH NBS",South Heart Lake,Boulder Mountain,North Boulder Slope,Wayne,Tigers,TIGER TROUT,51,3.58,2016-05-25,2016,1,1,
"HEART L, SOUTH NBS",South Heart Lake,Boulder Mountain,North Boulder Slope,Wayne,Tigers,TIGER TROUT,50,2.85,2018-07-10,2018,1,1,
"HEART L, SOUTH NBS",South Heart Lake,Boulder Mountain,North Boulder Slope,Wayne,Tigers,TIGER TROUT,52,2.45,2020-05-21,2020,1,1,
"HEART L, SOUTH NBS",South Heart Lake,Boulder Mountain,North Boulder Slope,Wayne,Tigers,TIGER TROUT,51,2.69,2022-06-15,2022,1,1,
"HEART L, SOUTH NBS",South Heart Lake,Boulder Mountain,North Boulder Slope,Wayne,Tigers,TIGER TROUT,61,2.91,2024-07-15,2024,1,1,
"HEART L, SOUTH NBS",South Heart Lake,Boulder Mountain,North Boulder Slope,Wayne,Tigers,TIGER TROUT,51,2.75,2026-07-07,2026,1,1,
SPECTACLE L BTS,Spectacle Lake,Boulder Mountain,Boulder Top (south),Garfield,Brookies,BROOK TROUT,504,2.88,2002-07-08,2002,1,1,
SPECTACLE L BTS,Spectacle Lake,Boulder Mountain,Boulder Top (south),Garfield,Brookies,BROOK TROUT,500,2.62,2003-07-06,2003,1,1,
SPECTACLE L BTS,Spectacle Lake,Boulder Mountain,Boulder Top (south),Garfield,Brookies,BROOK TROUT,507,2.34,2004-07-12,2004,1,1,
SPECTACLE L BTS,Spectacle Lake,Boulder Mountain,Boulder Top (south),Garfield,Brookies,BROOK TROUT,493,2.33,2005-07-10,2005,1,1,
SPECTACLE L BTS,Spectacle Lake,Boulder Mountain,Boulder Top (south),Garfield,Brookies,BROOK TROUT,504,2.88,2006-07-10,2006,1,1,
SPECTACLE L BTS,Spectacle Lake,Boulder Mountain,Boulder Top (south),Garfield,Brookies,BROOK TROUT,503,3.22,2007-07-12,2007,1,1,
SPECTACLE L BTS,Spectacle Lake,Boulder Mountain,Boulder Top (south),Garfield,Brookies,BROOK TROUT,510,3.2,2008-07-07,2008,1,1,
SPECTACLE L BTS,Spectacle Lake,Boulder Mountain,Boulder Top (south),Garfield,Brookies,BROOK TROUT,519,2.89,2009-07-15,2009,1,1,
SPECTACLE L BTS,Spectacle Lake,Boulder Mountain,Boulder Top (south),Garfield,Brookies,BROOK TROUT,503,3.34,2010-07-07,2010,1,1,
SPECTACLE L BTS,Spectacle Lake,Boulder Mountain,Boulder Top (south),Garfield,Brookies,BROOK TROUT,510,3.48,2011-07-28,2011,1,1,
SPECTACLE L BTS,Spectacle Lake,Boulder Mountain,Boulder Top (south),Garfield,Brookies,BROOK TROUT,502,2.41,2012-07-06,2012,1,1,
SPECTACLE L BTS,Spectacle Lake,Boulder Mountain,Boulder Top (south),Garfield,Brookies,BROOK TROUT,503,2.57,2013-07-01,2013,1,1,
SPECTACLE L BTS,Spectacle Lake,Boulder Mountain,Boulder Top (south),Garfield,Brookies,BROOK TROUT,362,2.13,2016-06-27,2016,1,1,
SPECTACLE L BTS,Spectacle Lake,Boulder Mountain,Boulder Top (south),Garfield,Tigers,TIGER TROUT,49,3.55,2016-06-27,2016,1,1,
SPECTACLE L BTS,Spectacle Lake,Boulder Mountain,Boulder Top (south),Garfield,Brookies,BROOK TROUT,365,2.39,2017-06-26,2017,1,1,
SPECTACLE L BTS,Spectacle Lake,Boulder Mountain,Boulder Top (south),Garfield,Tigers,TIGER TROUT,50,2.71,2017-06-26,2017,1,1,
SPECTACLE L BTS,Spectacle Lake,Boulder Mountain,Boulder Top (south),Garfield,Brookies,BROOK TROUT,353,2.95,2018-06-25,2018,1,1,
SPECTACLE L BTS,Spectacle Lake,Boulder Mountain,Boulder Top (south),Garfield,Tigers,TIGER TROUT,51,2.71,2018-06-25,2018,1,1,
SPECTACLE L BTS,Spectacle Lake,Boulder Mountain,Boulder Top (south),Garfield,Brookies,BROOK TROUT,356,2.85,2019-07-03,2019,1,1,
SPECTACLE L BTS,Spectacle Lake,Boulder Mountain,Boulder Top (south),Garfield,Tigers,TIGER TROUT,52,2.89,2019-07-03,2019,1,1,
SPECTACLE L BTS,Spectacle Lake,Boulder Mountain,Boulder Top (south),Garfield,Brookies,BROOK TROUT,358,2.69,2020-07-01,2020,1,1,
SPECTACLE L BTS,Spectacle Lake,Boulder Mountain,Boulder Top (south),Garfield,Tigers,TIGER TROUT,55,2.84,2020-07-01,2020,1,1,
SPECTACLE L BTS,Spectacle Lake,Boulder Mountain,Boulder Top (south),Garfield,Brookies,BROOK TROUT,346,2.76,2021-07-06,2021,1,1,
SPECTACLE L BTS,Spectacle Lake,Boulder Mountain,Boulder Top (south),Garfield,Brookies,BROOK TROUT,347,2.96,2022-07-07,2022,1,1,
SPECTACLE L BTS,Spectacle Lake,Boulder Mountain,Boulder Top (south),Garfield,Tigers,TIGER TROUT,45,2.82,2022-07-07,2022,1,1,
SPECTACLE L BTS,Spectacle Lake,Boulder Mountain,Boulder Top (south),Garfield,Brookies,BROOK TROUT,355,2.57,2023-07-10,2023,1,1,
SPECTACLE L BTS,Spectacle Lake,Boulder Mountain,Boulder Top (south),Garfield,Tigers,TIGER TROUT,53,2.87,2023-07-10,2023,1,1,
SPECTACLE L BTS,Spectacle Lake,Boulder Mountain,Boulder Top (south),Garfield,Brookies,BROOK TROUT,347,2.62,2024-06-24,2024,1,1,
SPECTACLE L BTS,Spectacle Lake,Boulder Mountain,Boulder Top (south),Garfield,Tigers,TIGER TROUT,52,2.68,2024-06-24,2024,1,1,
SPECTACLE L BTS,Spectacle Lake,Boulder Mountain,Boulder Top (south),Garfield,Brookies,BROOK TROUT,354,2.97,2025-06-23,2025,1,1,
SPECTACLE L BTS,Spectacle Lake,Boulder Mountain,Boulder Top (south),Garfield,Tigers,TIGER TROUT,44,2.81,2025-06-23,2025,1,1,
SPECTACLE L BTS,Spectacle Lake,Boulder Mountain,Boulder Top (south),Garfield,Brookies,BROOK TROUT,349,2.93,2026-07-13,2026,1,1,
SPECTACLE L BTS,Spectacle Lake,Boulder Mountain,Boulder Top (south),Garfield,Tigers,TIGER TROUT,53,2.87,2026-07-13,2026,1,1,
SPRING CR,Spring Creek,Boulder Mountain,,Wayne,Browns,BROWN TROUT,599,7.72,2002-06-05,2002,1,1,
SPRING CR,Spring Creek,Boulder Mountain,,Wayne,Browns,BROWN TROUT,506,8.18,2003-07-07,2003,1,1,
SPRING CR,Spring Creek,Boulder Mountain,,Wayne,Browns,BROWN TROUT,654,6.71,2005-08-04,2005,1,1,
SPRING L,Spring Lake,Unclassified,,Wayne,Channel catfish,CHANNEL CATFISH,3000,2.48,2020-09-15,2020,1,1,
SPRING L,Spring Lake,Unclassified,,Wayne,Brookies,BROOK TROUT,201,15.51,2021-02-04,2021,1,1,
SPRING L,Spring Lake,Unclassified,,Wayne,Browns,BROWN TROUT,201,10.47,2021-02-04,2021,1,1,
SURVEYORS L BTN,Surveyors Lake,Boulder Mountain,Boulder Top (north),Garfield,Brookies,BROOK TROUT,147,2.88,2002-07-08,2002,1,1,
SURVEYORS L BTN,Surveyors Lake,Boulder Mountain,Boulder Top (north),Garfield,Brookies,BROOK TROUT,153,2.62,2003-07-06,2003,1,1,
SURVEYORS L BTN,Surveyors Lake,Boulder Mountain,Boulder Top (north),Garfield,Brookies,BROOK TROUT,156,2.34,2004-07-12,2004,1,1,
SURVEYORS L BTN,Surveyors Lake,Boulder Mountain,Boulder Top (north),Garfield,Brookies,BROOK TROUT,155,2.34,2005-07-10,2005,1,1,
SURVEYORS L BTN,Surveyors Lake,Boulder Mountain,Boulder Top (north),Garfield,Brookies,BROOK TROUT,147,2.88,2006-07-10,2006,1,1,
SURVEYORS L BTN,Surveyors Lake,Boulder Mountain,Boulder Top (north),Garfield,Brookies,BROOK TROUT,150,3.22,2007-07-12,2007,1,1,
SURVEYORS L BTN,Surveyors Lake,Boulder Mountain,Boulder Top (north),Garfield,Brookies,BROOK TROUT,255,3.2,2008-07-07,2008,1,1,
SURVEYORS L BTN,Surveyors Lake,Boulder Mountain,Boulder Top (north),Garfield,Brookies,BROOK TROUT,260,2.89,2009-07-15,2009,1,1,
SURVEYORS L BTN,Surveyors Lake,Boulder Mountain,Boulder Top (north),Garfield,Brookies,BROOK TROUT,263,2.62,2010-07-12,2010,1,1,
SURVEYORS L BTN,Surveyors Lake,Boulder Mountain,Boulder Top (north),Garfield,Brookies,BROOK TROUT,257,3.27,2011-07-28,2011,1,1,
SURVEYORS L BTN,Surveyors Lake,Boulder Mountain,Boulder Top (north),Garfield,Brookies,BROOK TROUT,249,2.47,2012-07-06,2012,1,1,
SURVEYORS L BTN,Surveyors Lake,Boulder Mountain,Boulder Top (north),Garfield,Brookies,BROOK TROUT,260,2.55,2013-07-01,2013,1,1,
SURVEYORS L BTN,Surveyors Lake,Boulder Mountain,Boulder Top (north),Garfield,Brookies,BROOK TROUT,105,2.97,2015-06-29,2015,1,1,
SURVEYORS L BTN,Surveyors Lake,Boulder Mountain,Boulder Top (north),Garfield,Brookies,BROOK TROUT,150,2.27,2016-06-27,2016,1,1,
SURVEYORS L BTN,Surveyors Lake,Boulder Mountain,Boulder Top (north),Garfield,Tigers,TIGER TROUT,49,3.55,2016-06-27,2016,1,1,
SURVEYORS L BTN,Surveyors Lake,Boulder Mountain,Boulder Top (north),Garfield,Brookies,BROOK TROUT,105,2.55,2017-06-26,2017,1,1,
SURVEYORS L BTN,Surveyors Lake,Boulder Mountain,Boulder Top (north),Garfield,Tigers,TIGER TROUT,50,2.71,2017-06-26,2017,1,1,
SURVEYORS L BTN,Surveyors Lake,Boulder Mountain,Boulder Top (north),Garfield,Brookies,BROOK TROUT,109,2.84,2018-06-25,2018,1,1,
SURVEYORS L BTN,Surveyors Lake,Boulder Mountain,Boulder Top (north),Garfield,Tigers,TIGER TROUT,51,2.71,2018-06-25,2018,1,1,
SURVEYORS L BTN,Surveyors Lake,Boulder Mountain,Boulder Top (north),Garfield,Brookies,BROOK TROUT,105,2.88,2019-07-03,2019,1,1,
SURVEYORS L BTN,Surveyors Lake,Boulder Mountain,Boulder Top (north),Garfield,Tigers,TIGER TROUT,52,2.89,2019-07-03,2019,1,1,
SURVEYORS L BTN,Surveyors Lake,Boulder Mountain,Boulder Top (north),Garfield,Brookies,BROOK TROUT,106,2.55,2020-07-01,2020,1,1,
SURVEYORS L BTN,Surveyors Lake,Boulder Mountain,Boulder Top (north),Garfield,Tigers,TIGER TROUT,55,2.84,2020-07-01,2020,1,1,
SURVEYORS L BTN,Surveyors Lake,Boulder Mountain,Boulder Top (north),Garfield,Tigers,TIGER TROUT,49,2.95,2021-07-06,2021,1,1,
SURVEYORS L BTN,Surveyors Lake,Boulder Mountain,Boulder Top (north),Garfield,Brookies,BROOK TROUT,249,2.97,2022-07-07,2022,1,1,
SURVEYORS L BTN,Surveyors Lake,Boulder Mountain,Boulder Top (north),Garfield,Tigers,TIGER TROUT,45,2.82,2022-07-07,2022,1,1,
SURVEYORS L BTN,Surveyors Lake,Boulder Mountain,Boulder Top (north),Garfield,Brookies,BROOK TROUT,249,2.63,2023-07-11,2023,1,1,
SURVEYORS L BTN,Surveyors Lake,Boulder Mountain,Boulder Top (north),Garfield,Tigers,TIGER TROUT,53,2.87,2023-07-11,2023,1,1,
SURVEYORS L BTN,Surveyors Lake,Boulder Mountain,Boulder Top (north),Garfield,Brookies,BROOK TROUT,246,2.63,2024-06-24,2024,1,1,
SURVEYORS L BTN,Surveyors Lake,Boulder Mountain,Boulder Top (north),Garfield,Tigers,TIGER TROUT,52,2.68,2024-06-24,2024,1,1,
SURVEYORS L BTN,Surveyors Lake,Boulder Mountain,Boulder Top (north),Garfield,Brookies,BROOK TROUT,251,2.92,2025-06-23,2025,1,1,
SURVEYORS L BTN,Surveyors Lake,Boulder Mountain,Boulder Top (north),Garfield,Tigers,TIGER TROUT,45,2.81,2025-06-23,2025,1,1,
SURVEYORS L BTN,Surveyors Lake,Boulder Mountain,Boulder Top (north),Garfield,Brookies,BROOK TROUT,247,2.77,2026-07-13,2026,1,1,
SURVEYORS L BTN,Surveyors Lake,Boulder Mountain,Boulder Top (north),Garfield,Tigers,TIGER TROUT,53,2.87,2026-07-13,2026,1,1,
TALL FOUR RES,Tall Four Reservoir,Boulder Mountain,,Garfield,Tigers,TIGER TROUT,113,3.36,2003-08-06,2003,1,1,
TALL FOUR RES,Tall Four Reservoir,Boulder Mountain,,Garfield,Cutthroats,CUTTHROAT,249,1.68,2003-10-15,2003,1,1,
TALL FOUR RES,Tall Four Reservoir,Boulder Mountain,,Garfield,Cutthroats,CUTTHROAT,249,1.97,2004-10-06,2004,1,1,
TALL FOUR RES,Tall Four Reservoir,Boulder Mountain,,Garfield,Cutthroats,CUTTHROAT,85,7.06,2005-07-18,2005,1,1,
TALL FOUR RES,Tall Four Reservoir,Boulder Mountain,,Garfield,Cutthroats,CUTTHROAT,300,1.94,2005-10-05,2005,1,1,
TALL FOUR RES,Tall Four Reservoir,Boulder Mountain,,Garfield,Cutthroats,CUTTHROAT,101,3.05,2007-11-06,2007,1,1,
TALL FOUR RES,Tall Four Reservoir,Boulder Mountain,,Garfield,Cutthroats,CUTTHROAT,92,2.09,2009-09-16,2009,1,1,
TALL FOUR RES,Tall Four Reservoir,Boulder Mountain,,Garfield,Cutthroats,CUTTHROAT,101,2.1,2010-09-13,2010,1,1,
TALL FOUR RES,Tall Four Reservoir,Boulder Mountain,,Garfield,Cutthroats,CUTTHROAT,134,1.83,2011-09-20,2011,1,1,
TALL FOUR RES,Tall Four Reservoir,Boulder Mountain,,Garfield,Cutthroats,CUTTHROAT,98,2.14,2012-09-19,2012,1,1,
TALL FOUR RES,Tall Four Reservoir,Boulder Mountain,,Garfield,Cutthroats,CUTTHROAT,132,2.05,2013-09-16,2013,1,1,
TALL FOUR RES,Tall Four Reservoir,Boulder Mountain,,Garfield,Cutthroats,CUTTHROAT,136,1.85,2014-09-10,2014,1,1,
TALL FOUR RES,Tall Four Reservoir,Boulder Mountain,,Garfield,Cutthroats,CUTTHROAT,102,1.92,2015-09-18,2015,1,1,
TALL FOUR RES,Tall Four Reservoir,Boulder Mountain,,Garfield,Cutthroats,CUTTHROAT,119,1.82,2016-09-19,2016,1,1,
TALL FOUR RES,Tall Four Reservoir,Boulder Mountain,,Garfield,Cutthroats,CUTTHROAT,100,2.25,2018-09-20,2018,1,1,
TALL FOUR RES,Tall Four Reservoir,Boulder Mountain,,Garfield,Cutthroats,CUTTHROAT,107,2.0,2019-10-09,2019,1,1,
TALL FOUR RES,Tall Four Reservoir,Boulder Mountain,,Garfield,Cutthroats,CUTTHROAT,90,2.12,2020-09-23,2020,1,1,
TALL FOUR RES,Tall Four Reservoir,Boulder Mountain,,Garfield,Cutthroats,CUTTHROAT,100,2.32,2021-09-20,2021,1,1,
TALL FOUR RES,Tall Four Reservoir,Boulder Mountain,,Garfield,Cutthroats,CUTTHROAT,50,3.36,2022-09-28,2022,1,1,
TALL FOUR RES,Tall Four Reservoir,Boulder Mountain,,Garfield,Cutthroats,CUTTHROAT,105,2.9,2024-08-21,2024,1,1,
TALL FOUR RES,Tall Four Reservoir,Boulder Mountain,,Garfield,Cutthroats,CUTTHROAT,98,2.27,2025-08-05,2025,1,1,
THREE MILE CR,Three Mile Creek,Unclassified,,Garfield,Cutthroats,CUTTHROAT,5079,1.47,2021-08-18,2021,1,1,
THREE MILE CR,Three Mile Creek,Unclassified,,Garfield,Cutthroats,CUTTHROAT,4500,1.85,2024-09-23,2024,1,1,
THREE MILE CR,Three Mile Creek,Unclassified,,Garfield,Cutthroats,CUTTHROAT,5040,2.09,2025-09-16,2025,1,1,
"THREE MILE CR, N FK",Three Mile Creek North Fork,Unclassified,,Garfield,Cutthroats,CUTTHROAT,9966,2.11,2017-09-25,2017,1,1,
TROPIC RES,Tropic Reservoir,Southwest Garfield,,Garfield,Rainbows,RAINBOW,2303,9.36,2002-04-22,2002,1,1,
TROPIC RES,Tropic Reservoir,Southwest Garfield,,Garfield,Rainbows,RAINBOW,2423,9.16,2002-04-22,2002,1,1,
TROPIC RES,Tropic Reservoir,Southwest Garfield,,Garfield,Rainbows,RAINBOW,1276,9.52,2002-04-23,2002,1,1,
TROPIC RES,Tropic Reservoir,Southwest Garfield,,Garfield,Rainbows,RAINBOW,2001,9.58,2003-04-23,2003,1,1,
TROPIC RES,Tropic Reservoir,Southwest Garfield,,Garfield,Rainbows,RAINBOW,2003,9.48,2003-04-23,2003,1,1,
TROPIC RES,Tropic Reservoir,Southwest Garfield,,Garfield,Rainbows,RAINBOW,1997,9.69,2003-04-24,2003,1,1,
TROPIC RES,Tropic Reservoir,Southwest Garfield,,Garfield,Rainbows,RAINBOW,1573,9.61,2004-04-21,2004,1,2,
TROPIC RES,Tropic Reservoir,Southwest Garfield,,Garfield,Rainbows,RAINBOW,1430,9.61,2004-04-21,2004,1,2,
TROPIC RES,Tropic Reservoir,Southwest Garfield,,Garfield,Rainbows,RAINBOW,1430,9.61,2004-04-21,2004,2,2,
TROPIC RES,Tropic Reservoir,Southwest Garfield,,Garfield,Rainbows,RAINBOW,1573,9.61,2004-04-21,2004,2,2,
TROPIC RES,Tropic Reservoir,Southwest Garfield,,Garfield,Brookies,BROOK TROUT,1995,2.45,2004-07-22,2004,1,1,
TROPIC RES,Tropic Reservoir,Southwest Garfield,,Garfield,Rainbows,RAINBOW,1170,10.45,2005-06-27,2005,1,4,
TROPIC RES,Tropic Reservoir,Southwest Garfield,,Garfield,Rainbows,RAINBOW,1170,10.45,2005-06-27,2005,2,4,
TROPIC RES,Tropic Reservoir,Southwest Garfield,,Garfield,Rainbows,RAINBOW,1170,10.45,2005-06-27,2005,3,4,
TROPIC RES,Tropic Reservoir,Southwest Garfield,,Garfield,Rainbows,RAINBOW,1170,10.45,2005-06-27,2005,4,4,
TROPIC RES,Tropic Reservoir,Southwest Garfield,,Garfield,Brookies,BROOK TROUT,4998,3.09,2005-08-10,2005,1,1,
TROPIC RES,Tropic Reservoir,Southwest Garfield,,Garfield,Rainbows,RAINBOW,1165,10.07,2006-06-08,2006,1,1,
TROPIC RES,Tropic Reservoir,Southwest Garfield,,Garfield,Rainbows,RAINBOW,1282,10.07,2006-06-08,2006,1,1,
TROPIC RES,Tropic Reservoir,Southwest Garfield,,Garfield,Rainbows,RAINBOW,1049,10.07,2006-06-08,2006,1,1,
TROPIC RES,Tropic Reservoir,Southwest Garfield,,Garfield,Rainbows,RAINBOW,1189,10.07,2006-06-08,2006,1,1,
TROPIC RES,Tropic Reservoir,Southwest Garfield,,Garfield,Brookies,BROOK TROUT,5003,3.22,2006-08-10,2006,1,1,
TROPIC RES,Tropic Reservoir,Southwest Garfield,,Garfield,Rainbows,RAINBOW,1725,10.24,2007-05-07,2007,1,1,
TROPIC RES,Tropic Reservoir,Southwest Garfield,,Garfield,Rainbows,RAINBOW,1750,9.95,2007-05-08,2007,1,2,
TROPIC RES,Tropic Reservoir,Southwest Garfield,,Garfield,Rainbows,RAINBOW,1750,9.95,2007-05-08,2007,2,2,
TROPIC RES,Tropic Reservoir,Southwest Garfield,,Garfield,Rainbows,RAINBOW,1082,9.74,2007-05-09,2007,1,1,
TROPIC RES,Tropic Reservoir,Southwest Garfield,,Garfield,Brookies,BROOK TROUT,5040,3.73,2007-06-22,2007,1,1,
TROPIC RES,Tropic Reservoir,Southwest Garfield,,Garfield,Brookies,BROOK TROUT,5375,4.11,2007-06-29,2007,1,1,
TROPIC RES,Tropic Reservoir,Southwest Garfield,,Garfield,Rainbows,RAINBOW,1898,9.94,2008-05-13,2008,1,2,
TROPIC RES,Tropic Reservoir,Southwest Garfield,,Garfield,Rainbows,RAINBOW,1898,9.94,2008-05-13,2008,2,2,
TROPIC RES,Tropic Reservoir,Southwest Garfield,,Garfield,Rainbows,RAINBOW,2024,9.94,2008-05-13,2008,1,1,
TROPIC RES,Tropic Reservoir,Southwest Garfield,,Garfield,Rainbows,RAINBOW,1981,9.94,2008-05-13,2008,1,1,
TROPIC RES,Tropic Reservoir,Southwest Garfield,,Garfield,Brookies,BROOK TROUT,5150,3.01,2008-06-26,2008,1,1,
TROPIC RES,Tropic Reservoir,Southwest Garfield,,Garfield,Brookies,BROOK TROUT,3645,4.45,2008-09-15,2008,1,1,
TROPIC RES,Tropic Reservoir,Southwest Garfield,,Garfield,Rainbows,RAINBOW,2152,9.54,2009-05-13,2009,1,1,
TROPIC RES,Tropic Reservoir,Southwest Garfield,,Garfield,Rainbows,RAINBOW,1883,9.54,2009-05-13,2009,1,3,
TROPIC RES,Tropic Reservoir,Southwest Garfield,,Garfield,Rainbows,RAINBOW,1883,9.54,2009-05-13,2009,2,3,
TROPIC RES,Tropic Reservoir,Southwest Garfield,,Garfield,Rainbows,RAINBOW,1883,9.54,2009-05-13,2009,3,3,
TROPIC RES,Tropic Reservoir,Southwest Garfield,,Garfield,Brookies,BROOK TROUT,5170,2.83,2009-06-06,2009,1,1,
TROPIC RES,Tropic Reservoir,Southwest Garfield,,Garfield,Rainbows,RAINBOW,1968,9.84,2010-05-06,2010,1,1,
TROPIC RES,Tropic Reservoir,Southwest Garfield,,Garfield,Rainbows,RAINBOW,1920,9.84,2010-05-06,2010,1,2,
TROPIC RES,Tropic Reservoir,Southwest Garfield,,Garfield,Rainbows,RAINBOW,1920,9.84,2010-05-06,2010,2,2,
TROPIC RES,Tropic Reservoir,Southwest Garfield,,Garfield,Rainbows,RAINBOW,2040,9.84,2010-05-06,2010,1,1,
TROPIC RES,Tropic Reservoir,Southwest Garfield,,Garfield,Brookies,BROOK TROUT,2527,2.66,2010-06-03,2010,1,1,
TROPIC RES,Tropic Reservoir,Southwest Garfield,,Garfield,Brookies,BROOK TROUT,2480,2.72,2010-06-03,2010,1,1,
TROPIC RES,Tropic Reservoir,Southwest Garfield,,Garfield,Rainbows,RAINBOW,1545,10.42,2011-06-02,2011,1,1,
TROPIC RES,Tropic Reservoir,Southwest Garfield,,Garfield,Rainbows,RAINBOW,1485,10.42,2011-06-02,2011,1,1,
TROPIC RES,Tropic Reservoir,Southwest Garfield,,Garfield,Rainbows,RAINBOW,1525,10.42,2011-06-02,2011,1,1,
TROPIC RES,Tropic Reservoir,Southwest Garfield,,Garfield,Rainbows,RAINBOW,1298,10.06,2011-06-02,2011,1,1,
TROPIC RES,Tropic Reservoir,Southwest Garfield,,Garfield,Brookies,BROOK TROUT,5003,2.71,2011-06-29,2011,1,1,
TROPIC RES,Tropic Reservoir,Southwest Garfield,,Garfield,Rainbows,RAINBOW,669,11.41,2012-04-11,2012,1,1,
TROPIC RES,Tropic Reservoir,Southwest Garfield,,Garfield,Rainbows,RAINBOW,1683,10.69,2012-04-11,2012,1,1,
TROPIC RES,Tropic Reservoir,Southwest Garfield,,Garfield,Rainbows,RAINBOW,978,11.41,2012-04-11,2012,1,1,
TROPIC RES,Tropic Reservoir,Southwest Garfield,,Garfield,Rainbows,RAINBOW,377,10.69,2012-04-11,2012,1,1,
TROPIC RES,Tropic Reservoir,Southwest Garfield,,Garfield,Rainbows,RAINBOW,1188,10.69,2012-04-13,2012,1,1,
TROPIC RES,Tropic Reservoir,Southwest Garfield,,Garfield,Rainbows,RAINBOW,1040,10.69,2012-04-13,2012,1,1,
TROPIC RES,Tropic Reservoir,Southwest Garfield,,Garfield,Rainbows,RAINBOW,67,9.85,2012-04-13,2012,1,1,
TROPIC RES,Tropic Reservoir,Southwest Garfield,,Garfield,Brookies,BROOK TROUT,5064,2.56,2012-06-07,2012,1,1,
TROPIC RES,Tropic Reservoir,Southwest Garfield,,Garfield,Rainbows,RAINBOW,6012,7.93,2013-05-08,2013,1,1,
TROPIC RES,Tropic Reservoir,Southwest Garfield,,Garfield,Brookies,BROOK TROUT,3049,2.74,2013-07-29,2013,1,1,
TROPIC RES,Tropic Reservoir,Southwest Garfield,,Garfield,Tigers,TIGER TROUT,2520,4.84,2013-09-05,2013,1,1,
TROPIC RES,Tropic Reservoir,Southwest Garfield,,Garfield,Rainbows,RAINBOW,6003,8.25,2014-04-21,2014,1,1,
TROPIC RES,Tropic Reservoir,Southwest Garfield,,Garfield,Brookies,BROOK TROUT,2527,2.28,2014-06-13,2014,1,1,
TROPIC RES,Tropic Reservoir,Southwest Garfield,,Garfield,Tigers,TIGER TROUT,2520,5.25,2014-08-13,2014,1,1,
TROPIC RES,Tropic Reservoir,Southwest Garfield,,Garfield,Rainbows,RAINBOW,3007,8.09,2015-04-27,2015,1,1,
TROPIC RES,Tropic Reservoir,Southwest Garfield,,Garfield,Rainbows,RAINBOW,3003,8.26,2015-04-27,2015,1,1,
TROPIC RES,Tropic Reservoir,Southwest Garfield,,Garfield,Tigers,TIGER TROUT,2520,5.29,2015-08-24,2015,1,1,
TROPIC RES,Tropic Reservoir,Southwest Garfield,,Garfield,Rainbows,RAINBOW,3905,8.74,2016-04-26,2016,1,1,
TROPIC RES,Tropic Reservoir,Southwest Garfield,,Garfield,Rainbows,RAINBOW,2093,9.6,2016-05-24,2016,1,1,
TROPIC RES,Tropic Reservoir,Southwest Garfield,,Garfield,Tigers,TIGER TROUT,2580,3.95,2016-07-05,2016,1,1,
TROPIC RES,Tropic Reservoir,Southwest Garfield,,Garfield,Rainbows,RAINBOW,4288,9.42,2017-04-24,2017,1,1,
TROPIC RES,Tropic Reservoir,Southwest Garfield,,Garfield,Tigers,TIGER TROUT,2507,3.55,2017-04-25,2017,1,1,
TROPIC RES,Tropic Reservoir,Southwest Garfield,,Garfield,Rainbows,RAINBOW,1712,10.41,2017-06-13,2017,1,1,
TROPIC RES,Tropic Reservoir,Southwest Garfield,,Garfield,Rainbows,RAINBOW,3178,10.12,2018-04-09,2018,1,1,
TROPIC RES,Tropic Reservoir,Southwest Garfield,,Garfield,Rainbows,RAINBOW,2827,10.12,2018-04-10,2018,1,1,
TROPIC RES,Tropic Reservoir,Southwest Garfield,,Garfield,Tigers,TIGER TROUT,2502,3.76,2018-05-22,2018,1,1,
TROPIC RES,Tropic Reservoir,Southwest Garfield,,Garfield,Rainbows,RAINBOW,588,10.13,2019-04-30,2019,1,1,
TROPIC RES,Tropic Reservoir,Southwest Garfield,,Garfield,Rainbows,RAINBOW,2912,9.86,2019-04-30,2019,1,1,
TROPIC RES,Tropic Reservoir,Southwest Garfield,,Garfield,Tigers,TIGER TROUT,3500,8.55,2019-05-15,2019,1,1,
TROPIC RES,Tropic Reservoir,Southwest Garfield,,Garfield,Tigers,TIGER TROUT,1771,10.16,2020-05-07,2020,1,2,
TROPIC RES,Tropic Reservoir,Southwest Garfield,,Garfield,Tigers,TIGER TROUT,1771,10.16,2020-05-07,2020,2,2,
TROPIC RES,Tropic Reservoir,Southwest Garfield,,Garfield,Rainbows,RAINBOW,3540,10.19,2020-05-11,2020,1,1,
TROPIC RES,Tropic Reservoir,Southwest Garfield,,Garfield,Rainbows,RAINBOW,1840,10.09,2021-04-15,2021,1,1,
TROPIC RES,Tropic Reservoir,Southwest Garfield,,Garfield,Tigers,TIGER TROUT,1032,9.23,2021-05-20,2021,1,1,
TROPIC RES,Tropic Reservoir,Southwest Garfield,,Garfield,Rainbows,RAINBOW,3506,10.01,2022-04-20,2022,1,1,
TROPIC RES,Tropic Reservoir,Southwest Garfield,,Garfield,Tigers,TIGER TROUT,754,9.01,2022-06-03,2022,1,1,
TROPIC RES,Tropic Reservoir,Southwest Garfield,,Garfield,Tigers,TIGER TROUT,1363,8.56,2022-06-06,2022,1,1,
TROPIC RES,Tropic Reservoir,Southwest Garfield,,Garfield,Tigers,TIGER TROUT,512,8.74,2022-06-17,2022,1,1,
TROPIC RES,Tropic Reservoir,Southwest Garfield,,Garfield,Rainbows,RAINBOW,3508,10.04,2023-05-11,2023,1,1,
TROPIC RES,Tropic Reservoir,Southwest Garfield,,Garfield,Tigers,TIGER TROUT,1250,11.26,2023-08-10,2023,1,2,
TROPIC RES,Tropic Reservoir,Southwest Garfield,,Garfield,Tigers,TIGER TROUT,1250,11.26,2023-08-10,2023,2,2,
TROPIC RES,Tropic Reservoir,Southwest Garfield,,Garfield,Tigers,TIGER TROUT,1000,11.26,2023-08-21,2023,1,1,
TROPIC RES,Tropic Reservoir,Southwest Garfield,,Garfield,Rainbows,RAINBOW,3520,10.39,2024-04-25,2024,1,1,
TROPIC RES,Tropic Reservoir,Southwest Garfield,,Garfield,Tigers,TIGER TROUT,3507,9.07,2024-05-29,2024,1,1,
TROPIC RES,Tropic Reservoir,Southwest Garfield,,Garfield,Tiger muskie,MUSKIE TIGER,499,5.81,2024-06-20,2024,1,1,
TROPIC RES,Tropic Reservoir,Southwest Garfield,,Garfield,Tigers,TIGER TROUT,1697,9.38,2025-04-29,2025,1,1,
TROPIC RES,Tropic Reservoir,Southwest Garfield,,Garfield,Tigers,TIGER TROUT,1818,9.38,2025-04-29,2025,1,1,
TROPIC RES,Tropic Reservoir,Southwest Garfield,,Garfield,Rainbows,RAINBOW,3504,10.21,2025-04-30,2025,1,1,
TROPIC RES,Tropic Reservoir,Southwest Garfield,,Garfield,Rainbows,RAINBOW,2016,9.59,2026-04-20,2026,1,1,
TROPIC RES,Tropic Reservoir,Southwest Garfield,,Garfield,Tigers,TIGER TROUT,1999,9.34,2026-05-07,2026,1,1,
TULE L,Tule Lake,Boulder Mountain,,Garfield,Brookies,BROOK TROUT,399,2.88,2002-07-09,2002,1,1,
TULE L,Tule Lake,Boulder Mountain,,Garfield,Brookies,BROOK TROUT,403,2.62,2003-07-06,2003,1,1,
TULE L,Tule Lake,Boulder Mountain,,Garfield,Brookies,BROOK TROUT,410,2.32,2004-07-15,2004,1,1,
TULE L,Tule Lake,Boulder Mountain,,Garfield,Brookies,BROOK TROUT,407,2.34,2005-07-10,2005,1,1,
TULE L,Tule Lake,Boulder Mountain,,Garfield,Brookies,BROOK TROUT,399,2.88,2006-07-10,2006,1,1,
TULE L,Tule Lake,Boulder Mountain,,Garfield,Brookies,BROOK TROUT,398,3.22,2007-07-12,2007,1,1,
TULE L,Tule Lake,Boulder Mountain,,Garfield,Brookies,BROOK TROUT,425,3.2,2008-07-07,2008,1,1,
TULE L,Tule Lake,Boulder Mountain,,Garfield,Brookies,BROOK TROUT,405,3.33,2009-07-08,2009,1,1,
TULE L,Tule Lake,Boulder Mountain,,Garfield,Brookies,BROOK TROUT,415,2.62,2010-07-12,2010,1,1,
TULE L,Tule Lake,Boulder Mountain,,Garfield,Brookies,BROOK TROUT,400,3.27,2011-08-08,2011,1,1,
TULE L,Tule Lake,Boulder Mountain,,Garfield,Brookies,BROOK TROUT,398,2.63,2012-07-13,2012,1,1,
TULE L,Tule Lake,Boulder Mountain,,Garfield,Brookies,BROOK TROUT,415,2.55,2013-07-01,2013,1,1,
TULE L,Tule Lake,Boulder Mountain,,Garfield,Brookies,BROOK TROUT,152,2.97,2015-06-29,2015,1,1,
TULE L,Tule Lake,Boulder Mountain,,Garfield,Brookies,BROOK TROUT,193,2.27,2016-06-27,2016,1,1,
TULE L,Tule Lake,Boulder Mountain,,Garfield,Brookies,BROOK TROUT,150,2.55,2017-06-26,2017,1,1,
TULE L,Tule Lake,Boulder Mountain,,Garfield,Brookies,BROOK TROUT,153,2.84,2018-06-25,2018,1,1,
TULE L,Tule Lake,Boulder Mountain,,Garfield,Brookies,BROOK TROUT,151,2.85,2019-07-03,2019,1,1,
TULE L,Tule Lake,Boulder Mountain,,Garfield,Brookies,BROOK TROUT,154,2.69,2020-07-01,2020,1,1,
TULE L,Tule Lake,Boulder Mountain,,Garfield,Brookies,BROOK TROUT,155,2.76,2021-07-06,2021,1,1,
TULE L,Tule Lake,Boulder Mountain,,Garfield,Brookies,BROOK TROUT,155,2.96,2022-07-07,2022,1,1,
TULE L,Tule Lake,Boulder Mountain,,Garfield,Brookies,BROOK TROUT,148,2.57,2023-07-10,2023,1,1,
TULE L,Tule Lake,Boulder Mountain,,Garfield,Brookies,BROOK TROUT,152,2.62,2024-06-25,2024,1,1,
TULE L,Tule Lake,Boulder Mountain,,Garfield,Brookies,BROOK TROUT,154,2.97,2025-06-24,2025,1,1,
TULE L,Tule Lake,Boulder Mountain,,Garfield,Brookies,BROOK TROUT,149,2.93,2026-07-13,2026,1,1,
TWITCHELL CR,Twitchell Creek,Boulder Mountain,,Garfield,Cutthroats,CUTTHROAT,498,1.68,2003-10-15,2003,1,1,
"BARKER POND, UPPER NCL",Upper Barker Pond,Boulder Mountain,North Creek Lakes,Garfield,Tigers,TIGER TROUT,53,6.36,2019-10-09,2019,1,1,
"BARKER POND, UPPER NCL",Upper Barker Pond,Boulder Mountain,North Creek Lakes,Garfield,Cutthroats,CUTTHROAT,34,4.2,2020-10-21,2020,1,1,
"BIG HOLLOW, UPPER",Upper Big Hollow,Boulder Mountain,,Garfield,Cutthroats,CUTTHROAT,400,1.99,2002-10-03,2002,1,1,
"BIG HOLLOW, UPPER",Upper Big Hollow,Boulder Mountain,,Garfield,Cutthroats,CUTTHROAT,399,1.81,2003-10-16,2003,1,1,
"BIG HOLLOW, UPPER",Upper Big Hollow,Boulder Mountain,,Garfield,Cutthroats,CUTTHROAT,410,2.2,2004-10-18,2004,1,1,
"BIG HOLLOW, UPPER",Upper Big Hollow,Boulder Mountain,,Garfield,Cutthroats,CUTTHROAT,410,1.91,2005-10-11,2005,1,1,
"BIG HOLLOW, UPPER",Upper Big Hollow,Boulder Mountain,,Garfield,Cutthroats,CUTTHROAT,470,1.54,2007-09-21,2007,1,1,
"BIG HOLLOW, UPPER",Upper Big Hollow,Boulder Mountain,,Garfield,Cutthroats,CUTTHROAT,455,2.01,2008-09-16,2008,1,1,
"BIG HOLLOW, UPPER",Upper Big Hollow,Boulder Mountain,,Garfield,Cutthroats,CUTTHROAT,419,1.96,2009-10-06,2009,1,1,
"BIG HOLLOW, UPPER",Upper Big Hollow,Boulder Mountain,,Garfield,Cutthroats,CUTTHROAT,415,2.02,2010-09-21,2010,1,1,
"BIG HOLLOW, UPPER",Upper Big Hollow,Boulder Mountain,,Garfield,Cutthroats,CUTTHROAT,393,1.63,2011-09-14,2011,1,1,
"BIG HOLLOW, UPPER",Upper Big Hollow,Boulder Mountain,,Garfield,Cutthroats,CUTTHROAT,434,2.36,2012-09-13,2012,1,1,
"BIG HOLLOW, UPPER",Upper Big Hollow,Boulder Mountain,,Garfield,Cutthroats,CUTTHROAT,400,6.76,2014-05-22,2014,1,1,
"BIG HOLLOW, UPPER",Upper Big Hollow,Boulder Mountain,,Garfield,Cutthroats,CUTTHROAT,432,6.99,2015-06-03,2015,1,1,
"BIG HOLLOW, UPPER",Upper Big Hollow,Boulder Mountain,,Garfield,Cutthroats,CUTTHROAT,422,7.04,2016-06-13,2016,1,1,
"BIG HOLLOW, UPPER",Upper Big Hollow,Boulder Mountain,,Garfield,Cutthroats,CUTTHROAT,435,7.02,2017-06-14,2017,1,1,
"BIG HOLLOW, UPPER",Upper Big Hollow,Boulder Mountain,,Garfield,Tigers,TIGER TROUT,136,11.68,2019-08-01,2019,1,1,
"BIG HOLLOW, UPPER",Upper Big Hollow,Boulder Mountain,,Garfield,Tigers,TIGER TROUT,374,11.68,2019-08-01,2019,1,1,
"BIG HOLLOW, UPPER",Upper Big Hollow,Boulder Mountain,,Garfield,Tigers,TIGER TROUT,501,10.03,2020-05-13,2020,1,1,
"BIG HOLLOW, UPPER",Upper Big Hollow,Boulder Mountain,,Garfield,Tigers,TIGER TROUT,519,9.48,2021-06-29,2021,1,1,
"BIG HOLLOW, UPPER",Upper Big Hollow,Boulder Mountain,,Garfield,Tigers,TIGER TROUT,512,8.74,2022-06-14,2022,1,1,
"BIG HOLLOW, UPPER",Upper Big Hollow,Boulder Mountain,,Garfield,Tigers,TIGER TROUT,515,8.88,2024-05-23,2024,1,1,
"BIG HOLLOW, UPPER",Upper Big Hollow,Boulder Mountain,,Garfield,Sucker,SUCKER,624,6.04,2024-06-12,2024,1,1,
"BIG HOLLOW, UPPER",Upper Big Hollow,Boulder Mountain,,Garfield,Tigers,TIGER TROUT,510,9.93,2025-05-23,2025,1,1,
"TWIN L, UPPER",Upper Twin Lake,Boulder Mountain,,Garfield,Cutthroats,CUTTHROAT,1032,1.96,2002-10-11,2002,1,1,
"TWIN L, UPPER",Upper Twin Lake,Boulder Mountain,,Garfield,Cutthroats,CUTTHROAT,1020,1.72,2003-10-07,2003,1,1,
"TWIN L, UPPER",Upper Twin Lake,Boulder Mountain,,Garfield,Cutthroats,CUTTHROAT,998,1.79,2005-10-05,2005,1,1,
WIDE HOLLOW RES,Wide Hollow Reservoir,Southwest Garfield,,Garfield,Rainbows,RAINBOW,2534,8.65,2002-02-19,2002,1,1,
WIDE HOLLOW RES,Wide Hollow Reservoir,Southwest Garfield,,Garfield,Rainbows,RAINBOW,2478,8.76,2002-03-06,2002,1,1,
WIDE HOLLOW RES,Wide Hollow Reservoir,Southwest Garfield,,Garfield,Rainbows,RAINBOW,1501,10.48,2003-04-03,2003,1,2,
WIDE HOLLOW RES,Wide Hollow Reservoir,Southwest Garfield,,Garfield,Rainbows,RAINBOW,1501,10.48,2003-04-03,2003,2,2,
WIDE HOLLOW RES,Wide Hollow Reservoir,Southwest Garfield,,Garfield,Rainbows,RAINBOW,916,9.79,2004-03-23,2004,1,1,
WIDE HOLLOW RES,Wide Hollow Reservoir,Southwest Garfield,,Garfield,Rainbows,RAINBOW,904,9.79,2004-03-23,2004,1,3,
WIDE HOLLOW RES,Wide Hollow Reservoir,Southwest Garfield,,Garfield,Rainbows,RAINBOW,904,9.79,2004-03-23,2004,2,3,
WIDE HOLLOW RES,Wide Hollow Reservoir,Southwest Garfield,,Garfield,Rainbows,RAINBOW,904,9.79,2004-03-23,2004,3,3,
WIDE HOLLOW RES,Wide Hollow Reservoir,Southwest Garfield,,Garfield,Rainbows,RAINBOW,1386,10.3,2005-03-14,2005,1,1,
WIDE HOLLOW RES,Wide Hollow Reservoir,Southwest Garfield,,Garfield,Rainbows,RAINBOW,1614,10.3,2005-03-14,2005,1,1,
WIDE HOLLOW RES,Wide Hollow Reservoir,Southwest Garfield,,Garfield,Rainbows,RAINBOW,869,10.9,2005-08-30,2005,1,1,
WIDE HOLLOW RES,Wide Hollow Reservoir,Southwest Garfield,,Garfield,Rainbows,RAINBOW,1005,10.13,2006-03-28,2006,1,3,
WIDE HOLLOW RES,Wide Hollow Reservoir,Southwest Garfield,,Garfield,Rainbows,RAINBOW,1005,10.13,2006-03-28,2006,2,3,
WIDE HOLLOW RES,Wide Hollow Reservoir,Southwest Garfield,,Garfield,Rainbows,RAINBOW,905,10.13,2006-03-28,2006,1,1,
WIDE HOLLOW RES,Wide Hollow Reservoir,Southwest Garfield,,Garfield,Rainbows,RAINBOW,1005,10.13,2006-03-28,2006,3,3,
WIDE HOLLOW RES,Wide Hollow Reservoir,Southwest Garfield,,Garfield,Rainbows,RAINBOW,1287,10.54,2007-03-12,2007,1,2,
WIDE HOLLOW RES,Wide Hollow Reservoir,Southwest Garfield,,Garfield,Rainbows,RAINBOW,1188,10.54,2007-03-12,2007,1,1,
WIDE HOLLOW RES,Wide Hollow Reservoir,Southwest Garfield,,Garfield,Rainbows,RAINBOW,1238,10.54,2007-03-12,2007,1,1,
WIDE HOLLOW RES,Wide Hollow Reservoir,Southwest Garfield,,Garfield,Rainbows,RAINBOW,1287,10.54,2007-03-12,2007,2,2,
WIDE HOLLOW RES,Wide Hollow Reservoir,Southwest Garfield,,Garfield,Rainbows,RAINBOW,2499,9.28,2008-04-03,2008,1,1,
WIDE HOLLOW RES,Wide Hollow Reservoir,Southwest Garfield,,Garfield,Rainbows,RAINBOW,2499,8.84,2008-04-04,2008,1,1,
WIDE HOLLOW RES,Wide Hollow Reservoir,Southwest Garfield,,Garfield,Rainbows,RAINBOW,2502,9.25,2009-03-18,2009,1,1,
WIDE HOLLOW RES,Wide Hollow Reservoir,Southwest Garfield,,Garfield,Rainbows,RAINBOW,2531,9.25,2009-03-19,2009,1,1,
WIDE HOLLOW RES,Wide Hollow Reservoir,Southwest Garfield,,Garfield,Rainbows,RAINBOW,2002,10.36,2011-03-30,2011,1,1,
WIDE HOLLOW RES,Wide Hollow Reservoir,Southwest Garfield,,Garfield,Bluegill,SUNFISH BLUEGILL,1750,3.19,2011-05-14,2011,1,1,
WIDE HOLLOW RES,Wide Hollow Reservoir,Southwest Garfield,,Garfield,Largemouth bass,BASS LARGEMOUTH,200,3.42,2011-05-14,2011,1,1,
WIDE HOLLOW RES,Wide Hollow Reservoir,Southwest Garfield,,Garfield,Rainbows,RAINBOW,824,4.96,2011-12-09,2011,1,1,
WIDE HOLLOW RES,Wide Hollow Reservoir,Southwest Garfield,,Garfield,Bluegill,SUNFISH BLUEGILL,5001,2.47,2012-03-15,2012,1,1,
WIDE HOLLOW RES,Wide Hollow Reservoir,Southwest Garfield,,Garfield,Largemouth bass,BASS LARGEMOUTH,1000,2.92,2012-03-15,2012,1,1,
WIDE HOLLOW RES,Wide Hollow Reservoir,Southwest Garfield,,Garfield,Rainbows,RAINBOW,2465,8.83,2012-04-09,2012,1,2,
WIDE HOLLOW RES,Wide Hollow Reservoir,Southwest Garfield,,Garfield,Rainbows,RAINBOW,2465,8.83,2012-04-09,2012,2,2,
WIDE HOLLOW RES,Wide Hollow Reservoir,Southwest Garfield,,Garfield,Rainbows,RAINBOW,2142,10.17,2013-03-06,2013,1,1,
WIDE HOLLOW RES,Wide Hollow Reservoir,Southwest Garfield,,Garfield,Rainbows,RAINBOW,1428,10.17,2013-03-07,2013,1,2,
WIDE HOLLOW RES,Wide Hollow Reservoir,Southwest Garfield,,Garfield,Rainbows,RAINBOW,1428,10.17,2013-03-07,2013,2,2,
WIDE HOLLOW RES,Wide Hollow Reservoir,Southwest Garfield,,Garfield,Rainbows,RAINBOW,1573,8.76,2014-02-03,2014,1,1,
WIDE HOLLOW RES,Wide Hollow Reservoir,Southwest Garfield,,Garfield,Rainbows,RAINBOW,3432,8.76,2014-02-03,2014,1,1,
WIDE HOLLOW RES,Wide Hollow Reservoir,Southwest Garfield,,Garfield,Rainbows,RAINBOW,5050,7.32,2015-03-25,2015,1,1,
WIDE HOLLOW RES,Wide Hollow Reservoir,Southwest Garfield,,Garfield,Rainbows,RAINBOW,5004,8.2,2016-04-04,2016,1,1,
WIDE HOLLOW RES,Wide Hollow Reservoir,Southwest Garfield,,Garfield,Rainbows,RAINBOW,1656,9.33,2017-03-16,2017,1,1,
WIDE HOLLOW RES,Wide Hollow Reservoir,Southwest Garfield,,Garfield,Rainbows,RAINBOW,3326,9.33,2017-03-16,2017,1,1,
WIDE HOLLOW RES,Wide Hollow Reservoir,Southwest Garfield,,Garfield,Black crappie,CRAPPIE BLACK,94,9.38,2017-05-16,2017,1,1,
WIDE HOLLOW RES,Wide Hollow Reservoir,Southwest Garfield,,Garfield,Rainbows,RAINBOW,2745,10.97,2018-02-06,2018,1,1,
WIDE HOLLOW RES,Wide Hollow Reservoir,Southwest Garfield,,Garfield,Rainbows,RAINBOW,2255,10.97,2018-02-07,2018,1,1,
WIDE HOLLOW RES,Wide Hollow Reservoir,Southwest Garfield,,Garfield,Black crappie,CRAPPIE BLACK,2501,2.63,2018-09-19,2018,1,1,
WIDE HOLLOW RES,Wide Hollow Reservoir,Southwest Garfield,,Garfield,Rainbows,RAINBOW,3582,9.94,2019-03-06,2019,1,1,
WIDE HOLLOW RES,Wide Hollow Reservoir,Southwest Garfield,,Garfield,Rainbows,RAINBOW,1516,10.2,2019-03-25,2019,1,1,
WIDE HOLLOW RES,Wide Hollow Reservoir,Southwest Garfield,,Garfield,Rainbows,RAINBOW,2449,7.92,2019-12-06,2019,1,1,
WIDE HOLLOW RES,Wide Hollow Reservoir,Southwest Garfield,,Garfield,Rainbows,RAINBOW,2556,7.92,2019-12-06,2019,1,1,
WIDE HOLLOW RES,Wide Hollow Reservoir,Southwest Garfield,,Garfield,Rainbows,RAINBOW,3042,10.03,2020-10-26,2020,1,1,
WIDE HOLLOW RES,Wide Hollow Reservoir,Southwest Garfield,,Garfield,Black crappie,CRAPPIE BLACK,9900,2.83,2021-05-13,2021,1,1,
WIDE HOLLOW RES,Wide Hollow Reservoir,Southwest Garfield,,Garfield,Rainbows,RAINBOW,2151,10.82,2021-10-14,2021,1,1,
WIDE HOLLOW RES,Wide Hollow Reservoir,Southwest Garfield,,Garfield,Rainbows,RAINBOW,1879,10.82,2021-10-18,2021,1,1,
WIDE HOLLOW RES,Wide Hollow Reservoir,Southwest Garfield,,Garfield,Tigers,TIGER TROUT,512,8.74,2022-06-16,2022,1,1,
WIDE HOLLOW RES,Wide Hollow Reservoir,Southwest Garfield,,Garfield,Rainbows,RAINBOW,2472,10.09,2022-10-12,2022,1,1,
WIDE HOLLOW RES,Wide Hollow Reservoir,Southwest Garfield,,Garfield,Rainbows,RAINBOW,1536,10.09,2022-10-13,2022,1,1,
WIDE HOLLOW RES,Wide Hollow Reservoir,Southwest Garfield,,Garfield,Black crappie,CRAPPIE BLACK,10000,3.12,2023-05-04,2023,1,1,
WIDE HOLLOW RES,Wide Hollow Reservoir,Southwest Garfield,,Garfield,Tigers,TIGER TROUT,519,8.7,2023-05-23,2023,1,1,
WIDE HOLLOW RES,Wide Hollow Reservoir,Southwest Garfield,,Garfield,Black crappie,CRAPPIE BLACK,561,8.01,2023-06-08,2023,1,1,
WIDE HOLLOW RES,Wide Hollow Reservoir,Southwest Garfield,,Garfield,Rainbows,RAINBOW,2783,10.24,2023-10-05,2023,1,1,
WIDE HOLLOW RES,Wide Hollow Reservoir,Southwest Garfield,,Garfield,Rainbows,RAINBOW,1219,10.24,2023-10-09,2023,1,1,
WIDE HOLLOW RES,Wide Hollow Reservoir,Southwest Garfield,,Garfield,Tigers,TIGER TROUT,499,9.62,2024-06-19,2024,1,1,
WIDE HOLLOW RES,Wide Hollow Reservoir,Southwest Garfield,,Garfield,Rainbows,RAINBOW,2788,9.8,2024-10-01,2024,1,1,
WIDE HOLLOW RES,Wide Hollow Reservoir,Southwest Garfield,,Garfield,Rainbows,RAINBOW,1375,9.8,2024-10-02,2024,1,1,
WIDE HOLLOW RES,Wide Hollow Reservoir,Southwest Garfield,,Garfield,White crappie,CRAPPIE WHITE,1998,3.56,2025-05-07,2025,1,1,
WIDE HOLLOW RES,Wide Hollow Reservoir,Southwest Garfield,,Garfield,Tigers,TIGER TROUT,502,10.66,2025-10-21,2025,1,1,
WIDE HOLLOW RES,Wide Hollow Reservoir,Southwest Garfield,,Garfield,Rainbows,RAINBOW,2300,10.24,2025-10-22,2025,1,1,
WIDE HOLLOW RES,Wide Hollow Reservoir,Southwest Garfield,,Garfield,Rainbows,RAINBOW,1702,10.24,2025-10-29,2025,1,1,
YELLOW LAKE NCL,Yellow Lake,Boulder Mountain,North Creek Lakes,Garfield,Brookies,BROOK TROUT,252,2.88,2002-07-08,2002,1,1,
YELLOW LAKE NCL,Yellow Lake,Boulder Mountain,North Creek Lakes,Garfield,Brookies,BROOK TROUT,250,2.62,2003-07-06,2003,1,1,
YELLOW LAKE NCL,Yellow Lake,Boulder Mountain,North Creek Lakes,Garfield,Brookies,BROOK TROUT,254,2.34,2004-07-12,2004,1,1,
YELLOW LAKE NCL,Yellow Lake,Boulder Mountain,North Creek Lakes,Garfield,Brookies,BROOK TROUT,256,2.33,2005-07-10,2005,1,1,
YELLOW LAKE NCL,Yellow Lake,Boulder Mountain,North Creek Lakes,Garfield,Brookies,BROOK TROUT,252,2.88,2006-07-10,2006,1,1,
YELLOW LAKE NCL,Yellow Lake,Boulder Mountain,North Creek Lakes,Garfield,Brookies,BROOK TROUT,248,3.22,2007-07-12,2007,1,1,
YELLOW LAKE NCL,Yellow Lake,Boulder Mountain,North Creek Lakes,Garfield,Brookies,BROOK TROUT,255,3.2,2008-07-07,2008,1,1,
YELLOW LAKE NCL,Yellow Lake,Boulder Mountain,North Creek Lakes,Garfield,Brookies,BROOK TROUT,252,3.33,2009-07-08,2009,1,1,
YELLOW LAKE NCL,Yellow Lake,Boulder Mountain,North Creek Lakes,Garfield,Brookies,BROOK TROUT,263,2.62,2010-07-12,2010,1,1,
YELLOW LAKE NCL,Yellow Lake,Boulder Mountain,North Creek Lakes,Garfield,Brookies,BROOK TROUT,257,3.27,2011-07-28,2011,1,1,
YELLOW LAKE NCL,Yellow Lake,Boulder Mountain,North Creek Lakes,Garfield,Brookies,BROOK TROUT,247,2.63,2012-07-13,2012,1,1,
YELLOW LAKE NCL,Yellow Lake,Boulder Mountain,North Creek Lakes,Garfield,Brookies,BROOK TROUT,260,2.55,2013-07-01,2013,1,1,
YELLOW LAKE NCL,Yellow Lake,Boulder Mountain,North Creek Lakes,Garfield,Brookies,BROOK TROUT,159,2.85,2015-06-29,2015,1,1,
YELLOW LAKE NCL,Yellow Lake,Boulder Mountain,North Creek Lakes,Garfield,Brookies,BROOK TROUT,207,2.13,2016-06-27,2016,1,1,
YELLOW LAKE NCL,Yellow Lake,Boulder Mountain,North Creek Lakes,Garfield,Tigers,TIGER TROUT,49,3.55,2016-06-27,2016,1,1,
YELLOW LAKE NCL,Yellow Lake,Boulder Mountain,North Creek Lakes,Garfield,Brookies,BROOK TROUT,164,2.39,2017-06-26,2017,1,1,
YELLOW LAKE NCL,Yellow Lake,Boulder Mountain,North Creek Lakes,Garfield,Brookies,BROOK TROUT,147,2.95,2018-06-25,2018,1,1,
YELLOW LAKE NCL,Yellow Lake,Boulder Mountain,North Creek Lakes,Garfield,Brookies,BROOK TROUT,154,2.69,2020-07-01,2020,1,1,
YELLOW LAKE NCL,Yellow Lake,Boulder Mountain,North Creek Lakes,Garfield,Brookies,BROOK TROUT,155,2.76,2021-07-06,2021,1,1,
YELLOW LAKE NCL,Yellow Lake,Boulder Mountain,North Creek Lakes,Garfield,Brookies,BROOK TROUT,90,2.82,2022-07-07,2022,1,1,
YELLOW LAKE NCL,Yellow Lake,Boulder Mountain,North Creek Lakes,Garfield,Brookies,BROOK TROUT,74,2.57,2023-07-11,2023,1,1,
YELLOW LAKE NCL,Yellow Lake,Boulder Mountain,North Creek Lakes,Garfield,Brookies,BROOK TROUT,69,2.62,2024-06-25,2024,1,1,
YELLOW LAKE NCL,Yellow Lake,Boulder Mountain,North Creek Lakes,Garfield,Brookies,BROOK TROUT,77,2.97,2025-06-23,2025,1,1,
YELLOW LAKE NCL,Yellow Lake,Boulder Mountain,North Creek Lakes,Garfield,Tigers,TIGER TROUT,45,2.81,2025-06-23,2025,1,1,
YELLOW LAKE NCL,Yellow Lake,Boulder Mountain,North Creek Lakes,Garfield,Brookies,BROOK TROUT,80,2.93,2026-07-13,2026,1,1,
YELLOW LAKE NCL,Yellow Lake,Boulder Mountain,North Creek Lakes,Garfield,Tigers,TIGER TROUT,53,2.87,2026-07-13,2026,1,1,
