hike_number,name,region_part,trailhead_name,start_trailhead,distance,destination_elevation,hiking_time,difficulty,usage,nearest_town,drainage,narrative,finding_trailhead,source_pages,source_file
1,Upper Setting Road to East Shingle Creek and Erickson Lakes,1,\N,End of Upper Setting Road,5.6 miles out and back,"10,020 feet",4 hours,Easy—one steep section,Moderate,"Kamas, Utah",Weber River,"North Erickson Lake sits at the head of Smith and Morehouse Creek in Erickson Basin. It can be reached from the Smith and Morehouse trailhead, but it is easier to start hiking from the end of Upper Setting Road in the Provo River Drainage. It is less than 3 miles to North Erickson on a good trail with generally gradual evaluation gain. The 6-mile-long Shingle Creek Trail that begins right off Highway 150 merges with Upper Setting 1.2 miles in, at which point you’re only 0.2 mile from East Shingle Creek Lake, an option for camping or fishing for tiger trout. Continuing on, you have to go over the mountain to reach Erickson Basin, but it’s not very steep (as mountain passes go). Stay with the trail, or you might walk right past the lake. It is in a bit of a hole surrounded by pines. A


 
 
 
 

 View over the slickrock and South Erickson Lake from the pass between Erickson Basin and Big Elk Lake 



 

 Though the camping is better at North Erickson, South Erickson is a pretty little lake worth visiting. 



 mile farther and you’ll reach the steep but manageable drop down the ridge to Big Elk Lake—just pay extra attention to the trail and your GPS on the return climb.



 The best campsites are on the west side of the lake, just off the trail. Spring water is plentiful around the lake. If you camp on the west side as suggested, an ice-cold spring that feeds into the southwest corner of the lake will serve your water needs nicely. And a quick UV or other filtration process will kill the bugs and keep you hydrated and safe.



 South Erickson is just a hop, skip, and a jump to the south (0.25 mile). This pretty alpine lake abuts a talus slope and provides some excellent photo opportunities, but camping and fishing are better at North Erickson Lake. Large slickrock formations are prevalent between the two lakes. It is worth the hike over to South Erickson just to experience the unique terrain.



 Back at North Erickson, the fish await. Actually, you’ll probably do most of the waiting. The fish seem to feed mostly at dusk and dawn, especially the big ones. Brook trout exceeding 18 inches in length and 2 pounds in weight can be caught if you’re patient—and lucky—enough and can cast longer distances.","From Kamas, take the Mirror Lake Scenic Byway (Highway 150) about 8.7 miles to Upper Setting Road. Turn left onto the dirt road and twist your way up the mountain until the road ends. Though the road is graded, high-clearance or four-wheel drive may be necessary in some conditions or for a few rough spots.",\N,Chapter01.xhtml
2,Norway Flats Road to Big Elk Lake,1,\N,Norway Flats,3 to 5 miles out and back,"10,020 feet",2 to 4 hours,Moderate—one steep section,Heavy,"Kamas, Utah",Provo River,"From the end of Norway Flats Road, Little Elk Lake is about 0.3 mile to the west of the trail. Continue another 0.8 mile to a trail junction and Big Elk Lake. The trail itself is often shaded as it rises and falls through the forest. It passes a meadow around 0.5 mile that can fill with wildflowers in the summer.



 At Big Elk Lake, fishing is generally good for stocked brook and cutthroat trout. A raft or canoe would be nice to escape the crowds and the bugs, but you can do just fine from shore. When the mosquitoes swarmed at dusk during my visit, the fish rose and flopped all over the lake. I braved the bugs for a few obligatory casts. Fish with a small fly during the morning and evening, and you should have little trouble catching enough for a hearty meal.


 
 

 

 Daybreak at Big Elk Lake 



 Campsites are available on the south and east sides of this deep reservoir. Big Elk receives heavy pressure, especially on weekends. If you visit during the week, there might not be anybody else there. Pack out your litter and help keep Big Elk a clean and fun place to explore.","One of the hardest parts about this trek is finding the right road. From Kamas, go 15 miles west on Highway 150 to FR 035 and turn left. This road climbs onto Norway Flats. Norway Flats Road starts innocently enough as it turns off Highway 150, but it forks several times where there are no markers. Stay with the road that shows the most wear until you are about 6 miles from Highway 150; turn right (east). If you stay on the road most traveled (to the left), you will end up at a beaver pond just below Hourglass Lake. This is the wrong starting place. Go back to the road that turned east and follow it down to the trailhead. You may need a high-clearance, 4WD vehicle with exceptional tires to cover the last couple of miles to the trailhead. Most drivers pull over to park when it gets rough and hike the rest of the way.",\N,Chapter02.xhtml
3,Long Pond,1,Crystal Lake Trailhead,Crystal Lake trailhead,4 miles out and back,"10,100 feet",2.5 hours,Easy,Moderate,"Kamas, Utah",Provo River,"Day hikers should bring their cameras and a picnic and enjoy the stroll. Though rocky at times, there are only a couple hundred feet in elevation gain. Just remember you’re starting above 10,000 feet! For anglers, Long Pond has a variety of trout habitat to test your skills. Shallows, pools, rocks, and a few deadfalls combine to give you an array of fishing challenges. Expect the unexpected when exploring Long Pond. The trout you’ll likely catch offer variety too. Count on a mixed bag of cutthroat and brook trout, which migrate from Long Lake. Since it has no water flow in winter, Long Pond is not stocked. But enough trout from Long Lake sneak into the pond to make fishing exciting.



 From Crystal Lake trailhead parking, take the Lakes Country Trail for about 1.5 miles to a trail junction. On the way, the trail will climb around 300 feet to Watson Pass. At the junction veer right but then stay left: The spur to the right drops into the Middle Fork of the Weber River. Stay left for 0.6 mile to Long Lake. Cross the creek and continue another 0.1 mile to Long Pond.



 Good campsites can be found along Long Pond. This is a good spot to camp for a small group (four or fewer). Usually it is a peaceful, serene place, sitting just down the hill from Long Lake—out of sight and out of earshot from the crowds at the lake. It is not a good area for horses to stop, so you will avoid them too.",\N,22–23,Chapter04.xhtml
4,Island Lake,1,Crystal Lake Trailhead,Crystal Lake trailhead,7.6 miles out and back,"10,140 feet",4.5 hours,Moderate—some steep sections,Moderate,"Kamas, Utah",Provo River,"From Crystal Lake trailhead parking, take the Lakes Country Trail for about 1.5 miles to a trail junction. On the way, the trail will climb around 300 feet to Watson Pass. At the junction veer right but then stay left: The spur to the right drops into the Middle Fork of the Weber River. Stay left for 0.6 mile to Long Lake. Cross the creek and continue another 0.1 mile to Long Pond. Continue another 1.5 miles to Island Lake.



 There are sheltered campsites on the east side of the lake. The cleanest source of spring water might be available near the northeast corner—be sure to treat before drinking. Island Lake is picturesque, with its high cliffs dropping straight into deep water along the northern shore. (If you’ve come for the cliff jumping, be warned: The water is cold.) Whether you are looking at these cliffs from across the lake or standing on top of them, you’ll want your camera handy.



 Large, wary cutthroat make fishing unpredictable. These fish are well fed by a healthy population of freshwater shrimp, and they don’t hit a dry fly as readily as trout do on other backcountry lakes. Try a pink shrimp imitation. You will only need a couple of these trout to fill the frying pan. Faster fishing may be found over the hill about 0.25 mile to Junior Lake. This tiny lake is often overlooked by anglers and usually provides very good fishing for smaller trout. Keep going a little farther and you’ll descend to Fire Lake, where fishing can be fast at times. The lake doesn’t get too much pressure, since it is situated in steep, rocky terrain; camping opportunities are nearly nonexistent. Other good fishing lakes in the immediate area are Duck and Beaver Lakes.



 Back at Island Lake, enjoy a peaceful sunset, or stand atop the cliffs and peer into the depths of the lake for cruising trout. This lake will not satisfy true “solitude seekers,” but it is a quick getaway.



 

 The 100-acre Washington Lake sits just to the south of the trailhead for the magnificent Lakes Country loop.",\N,22–23,Chapter05.xhtml
5,Lakes Country,1,Crystal Lake Trailhead,Crystal Lake trailhead,7.4-mile loop,"10,325 feet",4.5 hours,Moderate,Heavy,"Kamas, Utah",Provo River,"From Crystal Lake trailhead parking, take the Lakes Country Trail for about 1.5 miles to a trail junction. Veer right but then stay left: The spur to the right drops into the Middle Fork of the Weber River. Stay left for 0.6 mile to Long Lake. Continue for about 1 mile beyond Long Lake, where you’ll arrive at the fork that will begin the loop with a quick switchback north then south to Duck Lake.



 At around 9,800 feet, Duck Lake is the lowest elevation spot on the loop, which means a climb of about 500 feet on the lower branch of the loop before the final 1-mile descent back to the trailhead. For backpackers, there are excellent dispersed camp options at both Duck and Wier Lakes, and a great spring near Duck. A 0.5-mile loop around Weir Lake accesses ideal camp options. The whole of the Lakes Country loop is family and scout friendly, so summer weekends may present a shared outdoor experience.



 This description of Lakes Country follows the loop counterclockwise from the first trail junction above. A clockwise loop works just as well! From that same junction, turning left to the southwest it’s 0.3 mile to pick up the loop trail. Alternatively, many have found solitude by taking the left fork south to Marjorie Lake. It’s 1 mile through lush forest and green meadows. Overnighters can hike around the lake to find the perfect spot. Anglers can fish for brook trout or arctic grayling.",\N,22–23,Chapter06.xhtml
6,Cliff Lake,1,Crystal Lake Trailhead,Crystal Lake trailhead,1 mile out and back,"10,230 feet",1 hour,Easy,Heavy,"Kamas, Utah",Provo River,"Cliff Lake is close enough to the trailhead that you should have plenty of time to watch the sunset and still make it back to the car before dark. It’s also a great place to try out some new gear before taking on a more serious hike.



 From Crystal Lake trailhead, take the Lakes Country Trail 0.4 mile to the Clyde Lake Trail at a signed junction. It’s only another 0.4 mile to Cliff Lake. (The trail to the right from the parking lot goes to Wall Lake and the Notch, or serves as the return trail on a 5.4-mile loop.)



 Expect to see a fair amount of foot traffic pass this lake. Anglers and day hikers have to pass by to get to the many lakes above. Cliff Lake is obviously not for loners, but if you’re the friendly type and enjoy a quaint little spot with a gorgeous view, then this may be for you.



 A small population of cutthroat trout will keep you company. However, the fishing is likely to be only fair due to the easy access and the wary nature of these trout. Better fishing can be found by continuing up the trail another mile to Clyde Lake. Most hikers don’t stop at Cliff Lake very long, but almost all remember the pleasant scenery. Try this trail on a weekday, and you might have it all to yourself.",\N,22–23,Chapter07.xhtml
7,Divide Lakes,1,Crystal Lake Trailhead,Crystal Lake trailhead,5 miles out and back,"10,460 feet",3 hours,Moderate—some steep sections,Moderate,"Kamas, Utah",Provo River,"This hike is a great overnighter for small groups—or a wonderful escape if you are camped at Trial Lake and want to get away from camp for a spell. You couldn’t ask for a better nature trail; it offers a wide variety of scenery, complete with fishing holes.



 From Crystal Lake trailhead, take the Lakes Country Trail 0.4 mile to the Clyde Lake Trail at a signed junction. On your hike, you’ll pass Cliff, Petit, Linear, and Watson Lakes, all west of the trail. At about 2 miles, you will pass Clyde Lake on the right and Mount Watson on the left. It’s another 0.3 mile to the Divide Lakes.



 The best places to camp are at the west end of Divide Lake 2 and between Divide Lake 1 and Divide Lake 2. Choose the latter site if the weather looks to be fair; otherwise seek the safety of the pines at Divide Lake 2. Although these lakes are less than 100 yards apart, Divide Lake 1 is on the Provo River drainage (part of the South Slope), and Divide Lake 2 is on the Weber River drainage (North Slope). There is a large rock between the two lakes—when rain falls on the rock, half the water heads toward the Provo River and half toward the Weber.



 Several springs are located on the west end of Divide Lake 2. They are conveniently close to camp, easy to treat, and ice cold. Small lakes abound, and there is plenty to do and see without wandering too far. Nearby Booker Lake offers fair fishing, but you’ll probably do better right at Divide Lake 1, which has a nice population of smallish brook trout. For best results, try the deeper southwest corner of the lake with a tiny fly.



 If you’re after bigger fish, try Little Hidden Lake on the Weber drainage. You’ll want a topographical map and a compass to find it. There is no trail, but stay close to the mountain to the east, and head north about 0.5 mile. This lake has brookies ranging from 0.5 pound to well over 1 pound. A #16 Renegade fly, cast in the northwest end of the lake, should put a few nicer trout in the creel. Be quiet here—the fish have learned to disappear when noisy visitors appear. As long as you’re quiet, they’ll keep biting. If you prefer filtering from springs, there is one to the northeast.



 From Divide Lakes notice “The Notch” in the mountains to the northeast. This well-known pass is a thing of beauty, especially when you’re on it. From the top of Notch Pass is a spectacular view right down into Lovenia Lake. It’s worth the mile trip over; or you could go there on your way back to the trailhead. The Notch Pass Trail returns to Crystal Lake trailhead too.



 

 Clyde Lake sits just below the three Divide Lakes—all four are pictured in the foreground on the cover. PHOTO COURTESY UTAH OFFICE OF TOURISM/MORE THAN JUST PARKS",\N,22–23,Chapter08.xhtml
8,Twin Lakes,1,Crystal Lake Trailhead,Crystal Lake trailhead,5.4 miles out and back or loop,"10,410 feet",3 hours,Easy—one steep section,Moderate,"Kamas, Utah",Provo River,"It’s much easier to find Twin Lakes than it used to be. A low-slung metal sign and well-tread trail replaced the rock piles that once marked the way. Begin your journey at the Crystal Lake trailhead, from the northeast Wall Lake Trail. Follow the trail 1.1 miles to Wall Lake. There is a trail junction here with the trail coming from Trial Lake. Continue to the left (north) up some steep rocky switchbacks. Just past the top of all the switch-backs, before the base of Notch Mountain, turn at the sign and follower the trail west to Lower Twin Lake.



 Twin Lakes offer a number of natural amenities. The vista is pretty and only a short distance from the trailhead. Fishing is good for 9-to 15-inch brook trout, and other exciting excursions lie just beyond the immediate. Spring water is only found in the early summer months, and camping areas are only fair due to rocky terrain. However, there is one excellent campsite near the northwest end of Upper Twin. This site sits on a bench overlooking the lakes.



 Another option for visiting Twin Lakes is on the loop that follows the Divide Lakes Trail, turning east on the north side of Clyde Lake. It’s 0.5 mile to North Twin Lake and the whole loop is about the same distance as the out-and-back approach.



 

 The view from Notch Pass to the south over Wall and Twin Lakes (at right), Haystack Mountain at center",\N,22–23,Chapter09.xhtml
9,Ibantik Lake,1,Crystal Lake Trailhead,Crystal Lake trailhead,8.4 miles out and back,"10,100 feet",5.5 hours,Moderate—steep over Notch Pass,Heavy,"Kamas, Utah",Weber River,"The trail from Crystal Lake trailhead goes north 1.1 miles to Wall Lake. There is a trail junction here with the trail coming from Trial Lake. Continue to the left (north) 1.6 miles past Lovenia Lake on the west side of the trail to the notch in Notch Mountain. Ibantik Lake is 0.6 mile northeast of the Notch.



 Campsites exist at Lovenia Lake, but there are better ones and fewer people at Ibantik. There is more room for the crowds to disperse once you reach Ibantik Lake. It is well suited for a half-day hike or a quick overnighter. Some backpackers can’t get to the trail-head until evening. Ibantik might be ideal for someone getting a late start—strong hikers could reached the site within 2 to 2.5 hours of Crystal Lake trailhead.



 Day anglers frequently try their luck in this area. Lovenia, Ibantik, and Meadow Lakes to the north all receive frequent plants of brook and cutthroat trout. The fishing may be good or poor, depending on the time of year, the time of day, or your own fishing skill. Keep in mind that these lakes get heavy pressure, so don’t be surprised if many of the fish are wary—or have already been caught.


 
 

 

 On the North Slope of the Uintas, the lovely Lovenia Lake, seen here from Notch Pass, sits just southwest of Ibantik.",\N,"39, 22",Chapter10.xhtml
10,Bald Mountain,1,Bald Mountain Pass,Bald Mountain trailhead,2.8 miles out and back,"11,943 feet",2.5 hours,Moderate—steady climbing,Heavy,"Kamas, Utah",Duchesne River,"The Weber, Provo, Duchesne, and Bear Rivers all begin near here. Looking to the west, you can spot a couple dozen lakes that speckle the upper regions of the Provo and Weber Rivers. Turn around to the east and enjoy a spectacular view of the Mirror Lake Scenic Byway winding its way through heavy timber, past Mirror Lake, and on toward Mount Agassiz and Hayden Peak.



 This hike begins at the well-marked Bald Mountain trailhead, located at the base of Bald Mountain. You start climbing immediately and will soon find yourself traversing a series of switchbacks on the western slope. The view is great all the way, and it somehow manages to improve with every step. Listen for and then look for the unique small mammals known as pikas along the way. Near the summit, the trail follows a thin ridge with steep drops off either side. There’s really no danger if you stick with the trail, but a person with acrophobia might feel uncomfortable. Then take a natural rock stairway to what feels like the top of the world.



 Take your time on this hike. It is steep. Mind your steps. Allow about three hours for a round-trip, which should give you plenty of time at the top to appreciate the views in every direction. Remember:



 1. Stay off Bald Mountain when lightning is possible.



 2. Don’t get too close to the cliff edges on the east side—they can break away.



 Follow these rules on Bald Mountain and any other exposed trail or summit you attempt. And certainly don’t let this scare you away. This hike is time well spent.



 

 Smoke from the East Fork Fire created a hazy atmosphere atop Bald Mountain.",\N,"38, 42",Chapter12.xhtml
11,Notch Lake,1,Bald Mountain Pass,Bald Mountain trailhead,4.6 miles out and back,"10,300 feet",3 hours,Easy,Heavy,"Kamas, Utah",Weber River,"Notch Lake lies at the east base of Notch Mountain and is visible from the trail. From Bald Mountain trailhead, the trail goes west and then northwest 2.3 miles to the lake. It is actually a reservoir that fluctuates quite a bit as the summer progresses. Notch usually drops more than 20 feet and loses about half its surface size. Campsites are abundant and spacious, so don’t worry about a place to stay, although you might have some company on this popular backpacking route. Good spring water for filtering flows just west of the lake.



 Notch is stocked with brook trout, but heavy pressure is to blame for only fair fishing. Bait anglers can expect to have some luck here, as well as fly fishers. Many high-country lakes offer poor fishing for bait anglers, but Notch is one of the exceptions.



 There are a couple of other lakes nearby. Give them a try if Notch doesn’t fill your needs. Bench Lake is just 0.5 mile north, and Dean Lake is 0.5 mile south of Notch Lake. Bench Lake often experiences winterkills but receives far less camping pressure. This scenic alpine lake is a great place for a small party to camp if you don’t care if you catch fish.



 If you don’t want to hike back up to the trailhead, then park another vehicle at the Crystal Lake trailhead near Trial Lake. From Notch Lake, follow the trail north a couple of miles around the mountain, then south over Notch Pass (gorgeous), and then down to the Crystal Lake trailhead. The entire route, from Bald Mountain trailhead to Crystal Lake trailhead, is just under 10 miles and makes an easy and scenic day hike. After all, except for the rise over Notch Pass, it’s downhill almost all the way.",\N,38–39,Chapter13.xhtml
12,Fehr Lake,1,\N,Fehr Lake trailhead,1 mile out and back,"10,260 feet",1 hour,Easy,Heavy,"Kamas, Utah",Duchesne River,"The only thing difficult about this hike is spotting the trailhead. There is a nice large sign indicating where to begin your hike, but some people drive right past it after descending the scenic S-curve from Bald Mountain Pass.



 The hike to Fehr is gentle and provides a variety of scenery in its short distance. You’ll pass through cool groves of pines and mountain meadows and stroll past a small waterfall or two. It’s a great place to get away from busy campgrounds. You’ll feel more removed than you really are. Notice the quiet. Fehr is a natural lake (6 acres) in a picture-book setting. It is surrounded on three sides by pines and bounded by a meadow on the south. Beyond the meadow are more pines, backed by a stately mountain.



 Fishing at Fehr is only fair, which is probably as good as you’ll find at any of the roadside lakes. But you won’t be crowded here. Move around and try various lures and flies, or just sit on the bank and drown a worm. The odds are you will catch a few fat brook trout—maybe even a nap. This is a great little body of water to portage a canoe into where you can fish in the middle of the lake or simply paddle around.



 The trail continues past Fehr Lake, going down to Shepard, Maba, Hoover, and Marshall Lakes. Many people using this trail are just out for a hike because you could drive to these lakes on the unimproved, high-clearance Murdock Basin Road. Try it for a relaxing day hike. It may seem a little steep on the return trip though.



 

 Wildflowers at Fehr Lake, a short, family-friendly hike below Bald Mountain Pass",\N,"38, 42",Chapter14.xhtml
13,Mirror Lake Shoreline Loop,1,Mirror Lake Area,Mirror Lake trailhead,1.5-mile loop,"10,025 feet",45 mins,Easy,High,"Kamas, Utah",Duchesne River,"Mirror Lake Shoreline Loop begins from a picnic area and day-use area (which includes a boat ramp) that is well marked on the lefthand side of the road. There are Mirror Lake Campground sites on the right and beyond the picnic area.



 It’s easy to orient yourself here with Bald Mountain rising directly to the west beyond a screen of trees. It’s worth noting that the Duchesne River begins in the Mirror Lake area and flows to the southeast on a 115-mile journey to the Green River (which, in turn, flows into the mighty Colorado River), a reminder of the interconnectedness of the geography of the Uinta Mountains to the western United States. More on the Duchesne in the next chapter.



 If going counterclockwise, you’ll set out across a boardwalk in the direction of Bald Mountain. (If you haven’t yet hiked Bald, you may find it calling to you.) But as you leave the boardwalk and round the bend heading north, the taller Mount Agassiz and Hayden Peak are sure to catch your eye, about 3.5 miles to the east and northeast.



 After 0.5 mile, the trail veers to the northeast and, just past 0.75 mile, back south, following the eastern contours of the lake. As with all “popular” destinations, the size of the crowds can depend on your timing. Either way, you’ll be glad for this chance to get to know Mirror Lake.",\N,"42, 48",Chapter16.xhtml
14,Duchesne River Trail (Meadow Muffin),1,Mirror Lake Area,Mirror Lake trailhead,12.5-mile one-way shuttle,"7,520 feet",8 hours,Moderate—some steep sections,Moderate,"Kamas, Utah",Duchesne River,"The trailhead is the second one described in “Mirror Lake Area,” above, about 0.25 mile east of Mirror Lake. The adventure begins on the North Fork Trail 086 of the Duchesne River drainage. After a slight incline, the trail descends rapidly to the Pinto Lake–Mill Flat junction 2.5 miles from the trailhead. Following the trail to Mill Flat, a deep river gorge begins to emerge. Spectacular views of plummeting cliffs soon appear, as mystic scenery stimulates the soul—although exposed areas from a 2018 fire can make for hot afternoon hiking.



 About 7.5 miles from the trailhead, near the east portal of the Duchesne Tunnel, the gorge widens to a ford. This is also where the trail crosses the river. Due to high water, it is not feasible—or safe—to cross the river until after the month of July. The gate of the east portal remains closed until water is needed downstream in the Provo River. Water is then diverted through the Duchesne Tunnel, dropping the Duchesne River to expose a makeshift trail, which runs along the top of a dike.



 Excellent campsites can be found before and after the ford, and spring water is available all along the trail. However, the presence of cows makes drinking water hard to find— and serves as a reminder of the importance of treating all water before drinking. Angling is best upstream from the portal. The fish are small, but they can prove to be exciting. (That’s if you don’t mind stepping in a cow pie or two.) The trail upstream from the portal is plagued with cow-tainted mud holes. If you’re not careful, one of these stench-pots can suck your boot right off.



 After the portal, the trail becomes rather relaxing. Vistas of a deep river gorge are nearby, and an excellent trail reclines on down the mountain. The last couple of miles of this trek can be a little confusing. A hit-or-miss trail winds through dense vegetation as it crosses lots of tiny streams. In any case, you’ll soon know when you are on the right track. The friendly service of our courteous cows will leave a trail of meadow muffins for you to follow.",\N,"48, 49",Chapter17.xhtml
15,Butterfly Lake to Castle Lake,1,\N,Butterfly Lake,0.8 mile out and back,"10,300 feet",1 hour,Moderate—cross-country hiking,Moderate,"Kamas, Utah",Duchesne River,"Cliffs parallel Castle Lake just beyond its northern shore. This is a quiet little place (1 acre) that can be a welcome reprieve from the public campground scene. A round-trip from Butterfly Lake to beautiful Castle Lake makes a wonderful evening stroll that should only take an hour, unless you stop to sit awhile, do some birdwatching, or try the fishing. There is no trail to Castle Lake from Butterfly Lake, but with a good sense of direction and navigation skills through the forest, it’s relatively easy to reach by going west from the inlet of Butterfly Lake near the campground. Another bonus are the views back to Bald Mountain and Reid Peak during the hike.



 Open shorelines make casting easy, but also make for wary trout; Castle Lake has both. Cutthroat trout are the fish of the day at Castle. This is a good second option if the shores at Butterfly are crowded, which is usually the case. There are a few moist areas around the lake, so mosquitoes can be a nuisance. Give yourself a good dose of insect repellent, and you’ll breathe easier while enjoying this secluded spot. It seems farther away than it is from the crowded campgrounds and the highway.","Start at Butterfly Lake. From Kamas, take the Mirror Lake Scenic Byway (Highway 150) for about 33 miles. The trailhead is on the west side of the road.",\N,Chapter18.xhtml
16,"Wilder, Wyman, and Packard Lakes",1,Highline Trailhead (West),Highline trailhead,6.5 to 8.5 miles out and back,"9,980 feet",4 to 6 hours,Easy to moderate—some steep sections,Moderate,"Kamas, Utah",Duchesne River,"Wyman Lake features heavy timber and pretty lily pads clinging to the shore. Campsites are plentiful, as are the bugs. This area is not on the campfire restrictions map, but the burn areas from the 2018 fire—though started by lightning—may have you practicing Leave No Trace by bringing a stove to cook meals. Wyman receives heavy camping and angling use and frequently experiences winterkill, which usually means only fair fishing. Surrounded by heavy timber, Wilder has nice camping, horse pasture, and willing grayling and brook trout.



 From the Highline trailhead, the trail descends about 300 feet to the Mirror Lake Trail junction. Access from Mirror Lake begins near the east side of the lake at the north end of the campgrounds. The Mirror Lake Trail makes its way 2 miles northeast, then connects with the Highline Trail. From this junction, follow the Highline Trail 2 miles southeast to a posted sign on the eastern top of a ravine. Follow the Packard Lake Trail 1 mile south down a steep and rocky slope, where you’ll have the option to stop at Wilder Lake or continue up and down a hill to Wyman Lake. Packard Lake is another 0.5 mile of hiking to the southeast of Wyman Lake. To get there, follow Wyman’s east shore and continue south about 0.3 mile. Turn east and hike 0.2 mile.



 Packard is a pretty lake located on a high ledge with a view of the East Fork of the Duchesne River drainage. Good campsites are available, but horse pasture is limited. This lake receives heavy fishing pressure, but a good supply of brook trout inhabits the lake. All lakes in this area receive heavy usage and are prone to litter. Help keep them clean.



 

 Packard Lake is a popular Uinta Mountains destination accessed from either the Highline trailhead or Mirror Lake. PHOTO BY MATT MCKELL/UTAH DIVISION OF WILDLIFE RESOURCES",\N,55–56,Chapter20.xhtml
17,Jordan Lake,1,Highline Trailhead (West),Highline trailhead,13 miles out and back,"10,660 feet",8 hours,Moderate—some steep sections,Heavy,"Kamas, Utah",Duchesne River,"In scenic timbered terrain, a steep boulder slope, pickled with pine trees on the northwest side, identifies Jordan Lake. Excellent posted campsites are located west of the lake. Other camping areas can be found along the east side of the outlet. This wide outlet is composed of several small ponds connected by a meandering stream. A small source of spring water might be found trickling into the northwest side of the lake. During dry years, the lake will be the only water source.



 A large population of brook trout inhabits the outlet, making fly fishing a pleasure. The lake is stocked regularly. Angling can be kind of slow until dusk. Then they’re jumping like popcorn.



 The only lakes that have campsites in the Jordan Lake vicinity are Jordan, Hyatt, and Everman. Shaler Lake can be found on the Naturalist Basin Trail 0.75 mile northeast of Jordan Lake. Hyatt is located on a scenic rocky shelf 0.5 mile east of Everman. Everman is in a small meadow 0.75 mile east of the Blue-Jordan Trail junction and just 200 yards east of the Naturalist Basin Trail. LeConte is situated above timberline, 0.5 mile northwest of Jordan, over steep and rocky terrain. Faxon and Gatman Lakes do not sustain fish life.



 From the Highline trailhead, descend on the trail about 300 feet to the Mirror Lake Trail junction. Then follow the Highline Trail 4 miles southeast across several gentle ravines and around the southern foot of the 12,433-foot Mount Agassiz to a posted sign at the Naturalist Basin turnoff. Proceed 1.8 miles northeast to the Blue-Jordan Trail junction. At this point the Jordan Lake Trail crosses the river and heads east through a scenic meadow. Then it turns north up a couple of rocky switchbacks, leveling out at the lake. North of Faxon Lake, the col (lowest point of a ridge) is the best access point to the ridgeline that reaches the 12,540-foot Spread Eagle Peak. It’s more than 5 miles round-trip between Jordan and Spread Eagle.



 

 Jordan Lake is a good place to camp while exploring the Naturalist Basin. PHOTO BY MATT MCKELL/UTAH DIVISION OF WILDLIFE RESOURCES",\N,55–56,Chapter21.xhtml
18,Morat and Blue Lakes (and Mount Agassiz),1,Highline Trailhead (West),Highline trailhead,11 to 14 miles out and back,"10,740 feet",8.5 to 12 hours,Moderate—some steep sections,Moderate,"Kamas, Utah",Duchesne River,"From the Highline trailhead, descend on the trail about 300 feet to the Mirror Lake Trail junction. Then follow the Highline Trail 4 miles southeast across several gentle ravines to a posted sign at the Naturalist Basin turnoff. Proceed 1.8 miles northeast to the Blue-Jordan Trail junction.



 From the Blue-Jordan Trail junction, follow the Blue Lake Trail 0.5 mile west then north to Morat Lakes. The last 0.125 mile is excessively rocky and almost vertical—a couple hundred feet of elevation change with grades of 5 to 20 percent. Above 10,750 feet, Blue and Morat Lakes also sit in the cooler part of Naturalist Basin and are usually not free of ice until mid-July.



 The deeper Morat #1 (West Morat) is at the base of Blue Lake Ridge next to a talus slope interspersed with conifers. Morat #2 (East Morat) is located just east of Morat #1. Even though these lakes sit in rocky, timbered terrain, several good camping areas can be found. But remember, a fire restriction is often in effect at Naturalist Basin, so gas stoves will be necessary for cooking. If on horseback and you can make it up the hill to Morat Lakes, bring along some oats. Only limited feed is available. If you prefer springs for treating, the only dependable source of spring water in the Morat or Blue Lake area is at Morat #2.



 Blue Lake is located over a ridge 0.25 mile north of Morat #1. The steep trail is next to a small waterfall and tricky with heavy backpacks. A steep, rocky basin at the east base of Mount Agassiz characterizes this pretty lake. There is some room for camping in a meadow on the east side of the lake, but little shade. Spring water might be found in early summer. Fishing is usually fast for small brook trout.



 If you’ve come with the intent to tackle Mount Agassiz, then you’ve come prepared to navigate without a defined trail. Continuing north from the east side of Blue Lake, seek out a visible shoulder along the westbound ridge. You’ll be working your way around boulders and up loose rocky slopes, all of which can shift beneath your weight. Though the summit only adds around 1 mile one-way, take your time—in both directions. At 12,433 feet, you’ll have views north into Middle Basin and South all the way to the backside of the Wasatch Mountains.



 

 The Morat Lakes in the Naturalist Basin hold cutthroat trout and are a good place to set up a camp. PHOTO BY MATT MCKELL/UTAH DIVISION OF WILDLIFE RESOURCES 



 Near the Blue-Jordan Trail junction, there are a couple of nice campsites near the main stream. This might be a good place to stay if you wanted to fish deep, slow waters flowing through open meadows.",\N,55–56,Chapter22.xhtml
19,Carolyn Lake,1,Highline Trailhead (West),Highline trailhead,13 miles out and back,"10,460 feet",9 hours,Moderate—some steep sections,Moderate,"Kamas, Utah",Duchesne River,"There are plenty of good camping areas at Carolyn Lake. However, a fire restriction is in effect in this area, and only posted campsites may be used. These designated sites are located on the west side of the lake, 50 yards from shore. Unposted camping areas exist near the south end of the lake on a little plateau. About 100 feet south of these campsites is an awesome view of the West Fork Rock Creek drainage.



 Access is 6.5 miles south then east on the Highline Trail. From the Highline Trail, look for a deeply rutted trail that takes off to the south and across an open meadow. About 200 yards down this trail lies Carolyn Lake. No posted signs point the direction to the lake, but the trail can be clearly seen if you’re watching for it.



 This is a great place for an overnighter that will seem more remote than it is, and it’s a centrally located base camp for day trips to Naturalist and Four Lakes Basins. One reason this lake is overlooked is because Carolyn contains a large population of arctic grayling. This is no problem if you know how to prepare them (e.g., cleaning like a brook trout and then descaling or a clever fillet), but most anglers prefer high-mountain trout. If grayling are on your menu, you should have no problem limiting out. The fish seem to be jumping all day long and will smack a small, colorful fly or flashy spinner.",\N,55–56,Chapter23.xhtml
20,Four Lakes Basin,1,Highline Trailhead (West),Highline trailhead,18 miles out and back,"10,700 feet",12 hours,Moderate,Heavy,"Kamas, Utah",Rock Creek,"Four Lakes Basin is about 9 miles from either the Highline or Grandview trailhead. Consider using the Highline trailhead, since the hike has less than half the elevation gain as the hike from the Grandview trailhead. The Highline trailhead is also closer and easier to reach if you are coming from the population centers of Utah (Salt Lake City, Provo, and Ogden).



 From the Highline trailhead, descend 300 feet over a mile to the Mirror Lake Trail junction. Stay left and follow the Highline Trail 4 miles southeast across several gentle ravines to a posted sign at the Naturalist Basin turnoff. Stay right (east) at this junction, continuing on the Highline Trail. Go about 1 mile to another junction with the trail heading into the East Fork of the Duchesne River. Stay right (south then east) at another junction about 1 mile farther (at around 6.8 miles) with the trail heading over the high pass and down into the Four Lakes Basin.



 Fishing pressure is heavy at all four lakes except Dean Lake, which receives moderate pressure. If you take the time to walk to the back side of Dean Lake, you’ll find that hardly anyone else has been there. You might have your best success there. The predominant species in these lakes is brook trout. An occasional cutthroat may be caught, and Daynes Lake has a few arctic grayling to spice up your fishing. Fly fishing works best, but a surprising number of anglers use worms here. You don’t find many lakes in the High Uintas where bait anglers are as successful as they are in the Four Lakes Basin.


 
 

 Photographers can find plenty of subject matter in this basin. Jean and Dean Lakes provide spectacular alpine scenery. Keep your camera handy as you ride or hike around. For a breathtaking view, hike to the top of Cyclone Pass, where you can see the vast regions of the Rock Creek drainage on either side of the pass. Daynes Lake is especially pretty from Cyclone Pass.



 

 Many visitors to the Uinta Mountains use horses to cover more ground while exploring the country. This pack train was spotted on the Highline Trail. PHOTO BY MATT MCKELL/UTAH DIVISION OF WILDLIFE RESOURCES",\N,55–56,Chapter24.xhtml
21,Ouray Lake,1,Highline Trailhead (West),Highline trailhead,24 miles out and back,"10,380 feet",15 hours,Moderate—mountain pass,Light,"Kamas, Utah",Rock Creek,"The quickest way to reach this area is over the 11,300-foot Rocky Sea Pass that marks the boundary between the Uinta-Wasatch-Cache and Ashley National Forests—though a web of trails converge here from both the North and South Slope.



 From the Highline trailhead, descend 300 feet over a mile to the Mirror Lake Trail junction. Stay left and follow the Highline Trail 4 miles southeast across several gentle ravines to a posted sign at the Naturalist Basin turnoff. Stay right (east) at this junction, continuing on the Highline Trail. Go about 1 mile to another junction with the trail heading into the East Fork of the Duchesne River. Stay left (east). At another junction about 1 mile farther on with the trail heading south toward Four Lakes Basin, stay left (east) on the trail going over Rocky Sea Pass. The view of the Rock Creek drainage is awesome from atop the pass. Descend the trail to Rock Creek and another trail junction. Stay left. It’s another mile to Black Lake. About 0.5 mile from Black Lake, turn right onto a cutoff trail toward Ouray Lake. The lake is about 0.5 mile from the turnoff.



 Fishing at Ouray is excellent at times and good most any time. The east side of the lake is the deepest and harbors most of the fish. Flies or a small spinner will take a limit of brookies and cutthroat in short time. Don’t forget to fish the main stream that flows into Ouray. The fish are there if you’re cautious and lucky enough.



 If you are up to some hearty day hikes, there are plenty of other fishing opportunities in the area. Lightning Lake to the northwest is fun. It’s not lightning fast, but there are enough feisty fish to keep you interested for quite a while. If it’s fast fishing you want, try Doug Lake to the northeast. Small brook trout will smack a fly on just about every cast. Next to Doug Lake is Boot Lake. It is much larger and deeper and is a good place to experiment with various lures and flies.



 If you like the area but have a large group, try camping at Black Lake. Both Black and Ouray Lakes are down from the trail and sheltered by pines—an important factor in this windswept region of upper Rock Creek.",\N,55–56,Chapter25.xhtml
22,Dry Fork Trailhead to Fish Lake,1,Gardners Fork Area,Gardners Fork area (Dry Fork trailhead),9.4-mile loop,"10,180 feet",6 hours,Moderate—some steep sections,Heavy,"Oakley, Utah",Weber River,"The main starting point is located on the east side of Holiday Park at the Dry Fork trail-head. The other connecting trail begins 0.5 mile south of the Dry Fork trailhead, but it is hard to locate unless you’ve made this trip before. From the Dry Fork trailhead, follow a well-marked trail 2 miles east to a shallow river crossing. At this point, the trail twists another 1.5 miles southeast up a 1,300-foot incline to Round Lake. A large outlet releases a good supply of water that provides a wannabe waterfall that crosses the trail just before arrival. This small lake has good campsites all around it, but it’s heavily used and degraded.



 Following the loop trail 0.5 mile east to Sand Lake, you’ll obtain the privilege of being hosted by righteous scenery comprising beautiful, timbered mountains and distant peaks. Sand Lake has only a couple of good campsites and no spring water, but fishing is fast.



 Arctic grayling and brook trout inhabit Fish Lake too. This lake sits another 0.5 mile south on the loop trail. Fish Lake is surrounded by alpine mountains and pretty talus slopes on the west. Camping areas are limited due to rocky terrain and water level can vary dramatically from year to year. Angling is only fair but could be better from an inflatable raft.



 Many hikers return the way they came. That means GPS data online may be scarce for the loop portion. But with a little will and wayfinding ability, the loop is worth it. Leaving Fish Lake, the loop trail proceeds west and up across a steep incline to the top of a scenic ridge. From here a hit-or-miss trail gradually declines down the ridgetop for about 3 miles. A well-defined trail then drops off the south side of the ridge and down a steep incline, intersecting a logging road that winds down to the Dry Fork trailhead.",\N,68–69,Chapter27.xhtml
23,Abes Lake,1,Gardners Fork Area,Gardners Fork trailhead,7.8 miles out and back,"9,820 feet",5 hours,Moderate,Light,"Oakley, Utah",Weber River,"This lake can be a little tricky to locate. You have to watch for a side trail that branches away to the left from the main canyon about 2.9 miles up the trail. If you miss the cutoff, you will keep going up the Middle Fork of the Weber River until running into the Lakes Country Trail of Crystal Lake trailhead fame. And that’s not to mention three river crossings, two requiring careful wading through water that at times could reach up to your knees or thighs. The last mile to Abes Lake is the steep section, and you should be heading southeast.



 Camping at Abes Lake is limited. The terrain is rocky and uneven. Only small camps exist, with perhaps the best one being on the east side of the lake. But it can be quiet here, so it can provide a wilderness experience with lots of firewood at your disposal (for when there are no fire restrictions in place when you visit). There is a small inlet on the south end. This is a good spot to refill water containers, but purifying is always recommended. The inlet is also a good place to find fish.



 Cutthroat trout dominate these waters. They reach about 15 inches but can be quite a challenge to catch. As with larger fish, they are particular about the time of day and the offering. If you don’t hit it just right, you may come away empty-handed. There are good numbers of trout here, so just keep trying and you will eventually fill the frying pan.



 There are not many other angling opportunities nearby. Tiny Neil Lake is 0.5 mile south of Abes Lake and may be good for small brookies.



 These lakes are best reached by the trail from Gardners Fork but can also be reached by heading west from Lovenia Lake over a rugged saddle, then descending 600 feet. It is not as easy as it looks on paper, and it’s certainly not an option by horseback.",\N,68–69,Chapter28.xhtml
24,Cuberant Lakes,1,Pass Lake Trailhead,Pass Lake trailhead,5 miles out and back,"10,420 feet",4 hours,Moderate,Moderate,"Kamas, Utah",Weber River,"Park at the Pass Lake trailhead, just across the road from Pass Lake. Or park at Pass Lake and catch the trail behind the guardrail where the road makes a ninety-degree turn. Watch the trail signs closely; before long, about 1.2 miles, you’ll be branching off the main trail (north) toward Kamas Lake. After another 0.5 mile, take another fork northwest leading to Cuberant Lakes. If all goes according to plan, you will arrive at Cuberant Lake #1 first.



 Cuberant Lake #2 is the best place to camp among the five Cuberant Lakes. However, you may want to camp at Cuberant #3. It is the only lake around with possible spring water. These lakes are all a little different from one another, and whether you are on a day hike or an overnighter, it is rewarding to experience each one and enjoy what each has to offer.



 Fishing is generally good at these lakes for mostly pan-size cutthroat and brook trout, although a few large fish can occasionally be fooled. Fish are periodically stocked at Cuberants #1, #3, and #4, and Cuberant #2 hosts a natural population of brook and cutthroat. A fly-and-bubble combination is effective around here. The fish like tiny flies, but there isn’t much space for traditional fly casting. The conifers surrounding these lakes are notorious for gobbling up ill-presented flies. But the pines offer camouflage that can be used to your advantage when stalking wary trout in these small lakes.



 If you like calm, shade, quiet, and lots of pine trees, then you will enjoy the Cuberant Basin. It’s a great place to catch a nap and a few trout. Bring along the mosquito repellent, because there won’t be much wind to help keep the bugs at bay.",\N,72–73,Chapter30.xhtml
25,Lofty Lake Loop,1,Pass Lake Trailhead,Pass Lake trailhead,4.5-mile loop,"10,840 feet",2.5 hours,Moderate,Heavy,"Kamas, Utah",Weber River,"The only real decision is whether to hike clockwise or counterclockwise. It’s a little steeper going counterclockwise, so consider opting for the more gradual ascent clockwise. While a quick hiker can do the loop in a couple of hours, there are plenty of reasons to take it slow and lots to see off the loop.



 

 Though the trail is named for a smaller lake near the pass between Lofty Peak and Scout Peak, Kamas Lake is the star of Lofty Loop. 



 At 0.5 mile you’ll “bottom out” in elevation a yardstick below 10,000 feet while passing through Reid’s meadow, which combines boardwalks across wetlands with a spectacular angle on Bald Mountain and Reids Peak. From there, the gradual climb begins. Bypass the Cuberant Trail at 1.2 miles and continue north on the Lofty Loop Trail toward Kamas Lake, about 0.4 mile farther. The trail had to be rerouted recently, so maps leading up to Kamas may vary. Just stick to the well-marked, well-used trail. There are a few excellent campsites to the west of the lake. From that base camp, whether you’re after fish (tiger and cutthroat trout) or just looking to stretch your legs, you can easily work your way around the lake.



 From Kamas Lake, the trail crosses another open meadow before tackling a couple of switchbacks up the ridge toward Lofty Lake. That meadow is part of the saddle between Mount Marsell and Lofty Peak, and intrepid peak baggers may wish to size up the slope and veer west. You’ll have to pick your route through a boulder field for a while but will eventually find smoother terrain, though it will remain steep on the way to Mount Marsell’s summit at 11,340 feet. Alternatively, there’s a short downhill to Cutthroat Lake just before the switchbacks.



 Lofty Lake itself isn’t so much “lofty” as it is . . . higher elevation? The small lake would be good for a cool-down on a hot summer afternoon. Peaks above 11,000 feet stand on either side of the lake, mainly scree fields and boulder-hopping, but excellent side trips for additional views. From Scout Peak, you’ll look down onto Kamas Lake and have a fantastic angle south along the Mirror Lake Scenic Byway. The last 1.5 miles from Lofty Lake descend past Scout Lake (once the home of the scout’s Camp Steiner) and back to the trailhead.



 

 Backpackers on the north side of Lofty Loop Trail overlook Cutthroat Lake.",\N,72–73,Chapter31.xhtml
26,Ruth Lake Trailhead to Ruth Lake,1,\N,Ruth Lake trailhead,1.6 miles out and back,"10,340 feet",1 hour,Easy,Heavy,"Evanston, Wyoming",Bear River,"This is a short, easy hike that even young kids enjoy for either a day trip or their first backpacking experience. The Forest Service posted the trail with nature signs, and there are a variety of natural sights along the way. Everything from miniature meadows and waterfalls to playful chipmunks are scattered along this hike that goes only 0.8 mile west of the trailhead and back.



 At 0.5 mile the trail forks. Though this hike stays to the right, the left fork is a short spur to the Ruth Lake Cliffs, a set of stunning vertical rock walls that are popular with climbers and feature routes rated from 5.7 to 5.12+. Of course, you can go farther if you like—adding the loop around the lake brings the full hike to 2 miles. There are several other small lakes in the area. You can spend just a couple of hours or a couple of days exploring this basin. The trail dissolves at Ruth Lake though, so have your map and compass handy if you’re continuing on.



 Camping and fishing pressure is heavy at Ruth Lake, but the crowds fan out past this point. The fish in these parts see mostly day-use anglers. If you are one of them, the most productive fishing times are early morning and late evening. The hike in/out is short enough that you should have no problem managing your hike around prime fishing hours. If it’s fish you’re after, don’t stop at Ruth Lake very long. You will probably have better success at nearby lakes such as Hayden, Cutthroat, Jewel, and Teal.



 As with any popular area, litter can be a problem. But this area seems to be well preserved. Let’s keep it that way. Pack out what you pack in and avoid building any new fire rings.



 A marked trail leads south from Ruth Lake and ties into the trail leading from Scout Lake to Lofty Lake.","From Evanston, take the Mirror Lake Scenic Byway (Highway 150) about 42 miles to the Ruth Lake trailhead, which is a roadside pull-off with a sign pointing to Ruth Lake. There are nice restrooms and paved parking. 



 

 Scenes like this one at Ruth Lake are why people return for a lifetime of discovery in the Uinta Mountains. PHOTO BY MATT MCKELL/UTAH DIVISION OF WILDLIFE RESOURCES",\N,Chapter32.xhtml
27,Whiskey Creek Trail to Bourbon Lake,1,\N,Whiskey Creek Trail,2.7 miles out and back,"9,820 feet",1.5 to 2 hours,Easy to moderate,Heavy,"Evanston, Wyoming",Bear River,"The dotted trail lines for so many High Uintas hikes snake their way deep into wilderness. Those can be daunting or take extra planning. Sometimes, the day calls for a shorter adventure. Though under 1.5 miles out, Whiskey Creek Trail still checks all the boxes for area hikes by furnishing a gentle creek, asking hikers to work a little with some elevation, and landing at a scenic lake at the foot of a jagged peak. Its short length also makes it more attractive for hauling in gear.



 The trail starts with a gentle set of switchbacks and some sun-exposed sections of trail. At around 0.3 mile, the trail runs parallel to Whiskey Creek for around 0.3 mile, before climbing a second set of switchbacks to the north and west away from the creek. Be careful not to become too enamored with the creek as the trail comes closest to it or you’ll miss the arrow directing you up a switchback.



 The trail gets more forested as you hike (which may produce some downed trees), and the combined terrain lends itself to both wildflowers and wildlife—moose have been spotted on this trail (among other wildlife) so keep dogs on leash if they’re prone to chasing fauna. Consider this your public service announcement reminding you it’s illegal for dogs to chase and harass hoofed wildlife—and some hoofed wildlife may turn aggressive if spooked or threatened, so give them space.


 
 

 Though the distance may not be “worth it” or far enough for many backpackers to consider hauling in gear (first-timers or those with young kids get all the credit for any distance!), Bourbon Lake is relatively easy to get to and has a few decent campsites established around the lake. Anglers are most likely to encounter brook trout thanks to stocking by the Division of Wildlife Resources every few years. A fishable pond about half the size of Bourbon known as BR-2 can be found in a meadow about 100 yards down the trail. Hiking a loop around Bourbon Lake brings the total trip to around 3 miles.



 

 The spirit is strong at Bourbon, a small, shallow lake up the Whiskey Creek Trail.","From Evanston (or Kamas—this one’s about equidistant), take the Mirror Lake Scenic Byway (Highway 150) about 39 miles to mile marker 39. The beginning of Whiskey Creek Trail is signed alongside a pullout with around a dozen places to park on the west side of the road, directly across the highway from the entrance to Sulphur Campground. Do not confuse the Whiskey Creek Trail to Bourbon Lake with nearby Whiskey Island Lake, which is a 5.4-mile, round-trip hike with two-thirds of its trail on a very rough road followed by cross-country navigating.",\N,Chapter33.xhtml
28,Main Fork Trailhead to Hell Hole Lake (and A-1 Peak),1,\N,Main Fork trailhead or FR 306,10.5 or 12.5 miles out and back,"10,340 feet",7 to 8 hours,Moderate,Moderate,"Evanston, Wyoming",Bear River,"From Highway 150, hike the old jeep trail for about 1 mile. There is a river crossing and a marsh that can become very muddy and difficult to pass, but you should find success following GPS routes to the right. Reach a gravel road limited to authorized vehicles only. This is the route along FR 306 followed from the other trailhead described in “Finding the trailhead” above. Follow the road about 1.5 miles to a stream channel. Look for a small trail sign before crossing the bridge and then follow the trail for 2.5 miles to the lake.



 Most of the lake is shallow, which makes for good morning and evening fishing for healthy cutthroat trout. During midday the only feasible spot to fish is the deeper northeast corner of the lake. A small rubber raft may be worthwhile here. Maybe there are deeper holes out in the middle that the fish retreat to during the day. No other fishing opportunities exist nearby if Hell Hole doesn’t produce.


 
 

 

 The Stillwater Fork of the Bear River near the forest road trailhead 



 Hell Hole does have a lot to offer, especially if you are looking for a short weekend trip. Excellent campsites are available for backpackers and equestrians. The latter would probably prefer the east side of the lake for horse pasture, while backpackers should like the west side and its pine-sheltered camps. A good spring for filtering flows into the northeast corner of the lake.



 Last, but not least, from your base camp at Hell Hole you have the option to bag a couple of 12ers: the 12,327-foot A-1 Peak to the southeast and the 12,041-foot Kletting Peak to the southwest. A-1 is a bit closer but requires tackling an extremely loose and steep field of scree. These loose rocks make for much longer and slower hikes than you might be comfortable tackling, but patience is rewarded with stunning views. It’s a little over 1.5 miles to the summit. The ridge between A-1 and Kletting is about 1.25 miles. Return to the saddle to hit Kletting, then return one more time and carefully descend back to Hell Hole. Give yourself a lot of extra time and try to summit earlier in the day to avoid afternoon thunderstorms.","From Evanston, take the Mirror Lake Scenic Byway (Highway 150) about 34 miles. The unmarked trail starts just off Highway 150. Look right across the road from the Gold Hill turnoff. The other trailhead adds a mile to the hike out but avoids a sometimes-challenging marsh. It begins at a locked gate on FR 306, which is the first right off Christmas Meadows Road.",\N,Chapter34.xhtml
29,Ryder and McPheters Lakes,1,Christmas Meadows Trailhead,Christmas Meadows trailhead,17 miles out and back,"10,620 feet",11 hours,Moderate—one steep section,Moderate,"Evanston, Wyoming",Bear River,"Ryder and McPheters Lakes occupy Middle Basin. Mount Agassiz, Spread Eagle, and Hayden are the dominant surrounding peaks. Ryder sits at the foot of three connecting ridges characterized by wind and steep, rocky ledges. Beautiful meadows intersperse the pines, while trickles of water cascade off the cliffs, adding to the aesthetics.



 Access begins at the south end of Christmas Meadows Campground. An excellent trail parallels the Stillwater Fork all the way to Middle Basin. The first fork in the trail arrives at around 2.4 miles near the boundary with the Wilderness. For the last 1.5 miles, the trail departs from the river and rock cairns mark the way. Camp on Ryder Lake’s east side.



 Other lakes in the vicinity are BR–17 and –18. These lakes are located on the south side of Ryder. You’ll find good campsites, an abundant supply of spring water for filtering, and good populations of brook trout—and they only receive half the angling pressure of Ryder.



 McPheters is another popular fishing hole. This lake is located 0.5 mile north of Ryder on some bedrock shelves next to a talus slope. Campsites are not present in the immediate vicinity but can be found nearby. Due to open terrain, firewood is extremely sparse but can be gathered near the camping areas to the south. Plenty of spring water endows McPheters, along with pan-size cutthroat trout.



 If solitude is what you’re looking for, Meadow Lake (BR–19) is a good place to visit. Meadow sits 0.5 mile east of BR–18 in rocky, timbered country. This lake plays host to good camping areas and excellent spring water. Deepwater channels circulate through the middle of this shallow lake, which may produce fairly good fishing.",\N,"87, 90",Chapter36.xhtml
30,Kermsuh Lake,1,Christmas Meadows Trailhead,Christmas Meadows trailhead,13.6 miles out and back,"10,300 feet",9 hours,Moderate—one steep section,Light,"Evanston, Wyoming",Bear River,"From Christmas Meadows, follow the Stillwater Fork Trail 4.5 miles to a posted sign at the Kermsuh-Ryder junction. The Kermsuh Lake Trail heads southwest to and across a narrow footbridge that scaffolds over the Stillwater Fork River. After the river crossing, you’ll encounter several steep switchbacks, and startling scenes of a deep river gorge can be spotted at the end of every other cutback. The trail then gradually climbs to a marshy meadow where rock cairns, tree blazes, and short segments of trail mark the rest of the way.



 Kermsuh is mostly visited by day hikers. This trek may be questionable for a day hike, but it is right on the borderline of what is and what isn’t. Allow yourself at least 8 hours for a single-day excursion, including half an hour for a shoreline lunch and a couple of 15-minute breaks. A healthy hiker can make the round-trip in 9 hours, but allow extra time for fishing, photography, or relaxing.



 Angling pressure is usually very light for cutthroat in the 12-inch class. Fishing is unpredictable but has been known to be good in the early summer months. Due to the rocky terrain that surrounds this lake, no decent campsites exist. Running water is no problem here, and horse pasture can be found at a small meadow to the south.



 This one is for the solitude seeker or the explorer. Go seek!",\N,"87, 90",Chapter37.xhtml
31,Lake BR–24,1,Christmas Meadows Trailhead,Christmas Meadows trailhead,11 miles out and back,"10,460 feet",7 hours,Moderate—one steep section,Moderate,"Evanston, Wyoming",Bear River,"From Christmas Meadows trailhead, the trail goes 2.4 miles south along the Stillwater Fork of the Bear River to the turnoff to Lake BR–24 and Amethyst Lake. The trail then follows the Ostler Fork 3.1 miles to Lake BR–24.



 When considering what a nameless lake should offer, BR–24 doesn’t seem to fit the stereotype. It receives its share of visitors, its few fish are wary, and the main trail passes right by it. But it is still a gem! Its excellent campsites are the best in Amethyst Basin, with spring water for treating at the lake and horse pasture nearby. BR–24 is a great place to camp if you are going to visit Amethyst Lake. Campsites at Amethyst Lake are above timberline and offer little shelter, firewood, spring water, or horse pasture. Staying at BR–24, you’ll have all the commodities you need. It’s only a brisk 20-minute walk from BR–24 to Amethyst Lake for some grand sightseeing and fast fishing for lots of pan-size brook trout.



 Fishing at BR–24 is unpredictable. A few large cutthroat trout patrol these sparkling waters, and they didn’t get big by being stupid. You will have to be extremely lucky or tricky to hook one of these spooky lunkers. But you might fool a smaller trout or two. If you would like some trout larger than what Amethyst offers, try Ostler Lake. It is less than 0.5 mile northwest of BR–24 and frequently yields cutthroat in the 1-pound class.



 Like Amethyst Lake, BR–24 is emerald green—thus its adopted name—in color due to turbidity. It is fairly shallow and therefore casts its own unique shade of turquoise. It is a great place to sit back and just enjoy the placid scenery while a pan of trout sizzles on the fire. Catch the fish at Amethyst, then retire to BR–24 for the evening.


 
 

 

 A look at Ostler Peak from Christmas Meadows. Follow the Ostler Fork on the Amethyst Lake Trail to arrive at the foot of this majestic mountain. PHOTO COURTESY UTAH OFFICE OF TOURISM/MORE THAN JUST PARKS",\N,"87, 90",Chapter38.xhtml
32,Amethyst Lake,1,Christmas Meadows Trailhead,Christmas Meadows trailhead,12.6 miles out and back,"10,750 feet",8 hours,Moderate—one steep section,Moderate,"Evanston, Wyoming",Bear River,"The trail starts at beautiful Christmas Meadows and is maintained well for the entire hike, though old boardwalks or shaky logs cross some of the mud pit and river crossings. It parallels the Stillwater Fork of the Bear River half of the way, which presents many tempting fishing holes. After 2.4 miles, the trail forks to the left (southeast). Follow the trail up Ostler Fork 3.1 miles to Lake BR–24 and another 0.8 mile to Amethyst Lake. There’s a lot to see along the route, so take your time and enjoy the hike.



 Brook trout are active all around Amethyst Lake, but the best spots seem to be on the east side or the deeper southwest corner. Small flies draw attention on about every other cast, and even more regularly during the evening. During midday, try small spinners in the deeper sections.



 Excellent campsites are available at BR–24 about a mile below Amethyst Lake. This tiny lake is also emerald in color due to turbidity. Several springs emerge here, and a horse pasture is close by in the lower meadows. There is a small population of cutthroat, but don’t plan on them for dinner. They are extremely wary. Firewood is limited, unless you care to walk west into the woods a few hundred yards.



 Ostler Lake, 0.5 mile to the northwest of BR–24, should have fewer people if you are looking to be alone. It has a few rough campgrounds and several springs. Cutthroat and brookies grow larger at Ostler, so don’t be surprised if you hook into one weighing well over a pound. However, fishing is kind of slow, especially when compared to Amethyst Lake.",\N,"87, 90",Chapter39.xhtml
33,Grandaddy Lake,2,Grandview Trailhead,Grandview trailhead,7.2 miles out and back,"10,310 feet",4.5 hours,Moderate—some steep sections,Heavy,"Hanna, Utah",Rock Creek,"It’s not a long hike to Grandaddy Lake, but it is a strenuous one. A well-traveled trail climbs more than 900 feet in just 2.4 miles to the top of Hades Pass. There you’ll have that “grand view” of Heart Lake, Grandaddy Lake, and countless acres of the pine-covered hills of the Rock Creek drainage. Walk another 1 mile to a trail junction on the narrow piece of land between Betsy and Grandaddy Lakes. Stay right and go another 0.2 mile to a peninsula on the north side of Grandaddy Lake.



 When selecting a campsite at Grandaddy, choose one of the existing sites. There are lots of them, and building new camps will only further burden the fragile environment. Be sure to bring along something to purify your drinking water. There is a campfire and firewood gathering restriction in the Grandaddy Basin, making it illegal to have a campfire or gather firewood within 0.25 mile of nearly all the named lakes in the basin.



 Cutthroat and brook trout provide fair to good fishing. Catch-and-release angling is encouraged here, especially for larger fish. Many other angling and camping opportunities are nearby. Betsy and Mohawk Lakes are practically right next door, and Lodgepole Lake is just a few hundred yards northeast of Grandaddy. Heart Lake is up a steep hill, just south of Grandaddy. You’ll pass it if you hike to Grandaddy Lake via Hades Pass.



 There’s a lot happening in this basin. Any fan of the High Uintas will enjoy this area, whether you are camping here or just passing through.",\N,"98, 100",Chapter41.xhtml
34,Fern Lake,2,Grandview Trailhead,Grandview trailhead,11.4 miles out and back,"9,890 feet",8 hours,Moderate,Moderate,"Hanna, Utah",Rock Creek,"Don’t let the destination elevation fool you. From Grandview trailhead, the well-traveled trail climbs more than 900 feet in just 2.4 miles to the top of Hades Pass. There you’ll have that “grand view” described on the previous page. Walk another 1 mile to a trail junction in the narrow piece of land between Betsy and Grandaddy Lakes.



 Take a right at Betsy Lake and continue your downhill trajectory. Follow the West Fork Rock Creek Trail along the north side of Grandaddy, past Lodgepole Lake a couple of miles to LaMarla Lake, then cut cross-country southeast another 0.5 mile. Fern Lake is nestled at the base of East Grandaddy Mountain below a steep, boulder-strewn slope. The terrain is rough. Rocks and deadfall timber are prevalent, making travel a little slow around the immediate area.



 The main attractions at Fern Lake are solitude and fishing. It can be hard to find an unoccupied lake in this basin. Fern may be your best bet if you are searching for a quiet, secluded spot. There are a few comfortable campsites for setting up your wilderness abode. Ice-cold spring water is located on the west side of the lake, ideal for treating before drinking. There are campfire and firewood gathering restrictions within 0.25 mile of the lake. In all, it’s a pretty good place to just settle back and let the world pass you by.



 Fern Lake has been known for some darn good fishing in the past too. And you might land some big ones. Fat brookies up to 2 pounds have been known to succumb to a well-presented fly or lure. Don’t plan solely on fish for your meals though. If they are not biting here, there are no other lakes nearby to count on. Of course, you could plan a trout dinner—but bring some extra nutrient-dense food just in case. You’ll have to climb back out a few hundred feet at the beginning of your return hike.",\N,"98, 100",Chapter42.xhtml
35,Pine Island Lake,2,Grandview Trailhead,Grandview trailhead,12.8 miles out and back,"10,300 feet",8 hours,Moderate,Heavy,"Hanna, Utah",Rock Creek,"From Grandview trailhead, it’s a steep 2.4-mile climb to Hades Pass. From the top of the pass, walk another 1 mile to a trail junction in the narrow piece of land between Betsy and Grandaddy Lakes. Turn left (north) and go 0.1 mile to another trail junction on the north end of Betsy Lake. Turn left (northwest) again. It’s about 2 miles to Fish Hatchery Lake and another 0.9 mile to Pine Island Lake.



 A few spacious campsites are located along the southeast shoreline, just off the main trail. There is plenty of level ground for a large group to set up several tents, and large flat boulders are conveniently located to serve as tables or benches. There are campfire and firewood gathering restrictions within 0.25 mile of the lake. Spring water is nonexistent. As always, be prepared to purify all your drinking water.



 Fishing pressure is moderate to heavy—and unpredictable. You may have good luck, but you should have a backup plan if you are planning on fish for dinner. Brook trout are stocked on a regular basis, and a few cutthroat still remain. Lily Pad Lake offers similar angling and is just 200 yards southeast. Give it a try if Pine Island doesn’t yield the fishing you want.



 If you have horses to carry your load, a rubber raft could be a lot of fun at Pine Island Lake. Paddle out to the islands and fish around them. Remember the life jackets. These icy waters are as dangerous as they are beautiful.",\N,"98, 100",Chapter43.xhtml
36,Governor Dern Lake,2,Grandview Trailhead,Grandview trailhead,16.4 miles out and back,"9,990 feet",10 hours,Moderate,Moderate,"Hanna, Utah",Rock Creek,"Another destination lake with a deceptive elevation, the ups and downs of this trail amount to 2,378 feet in elevation gain round-trip. From Grandview trailhead it’s a steep 2.4-mile climb to Hades Pass. From the top of the pass, walk another 1 mile to a trail junction in the narrow piece of land between Betsy and Grandaddy Lakes. Turn left (north) and go 0.1 mile to another trail junction on the north end of Betsy Lake. Turn right (northwest) and go about 1.3 miles to the junction with the trail that goes to Powell Lake. Stay left (north) and go past a lake on the right about 0.8 mile from the junction. It’s another 0.5 mile to the junction with the trail going to Pine Island Lake. Stay right at this fork and go 2.1 miles to Governor Dern Lake.



 Spring water is present on either the north or east shore of Governor Dern Lake. The lake is shallow for its size but is still very pretty and easily fished. It is stocked periodically with brook trout, and a cutthroat may show up in the creel from time to time. Try a small fly in the morning and late evening for best results.



 Nearby Pinto Lake is more popular, but it doesn’t have any more to offer than Governor Dern Lake. In fact, Governor Dern is more scenic. Given that Pinto Lake is more crowded, Governor Dern seems to be the better choice. Rainbow Lake is less than a mile away (south). It is also worth a look, whether you’re looking for a camping spot or a different fishing hole or you’re just taking a horse ride.",\N,"98, 100",Chapter44.xhtml
37,Allen Lake,2,Grandview Trailhead,Grandview trailhead,18.6 miles out and back,"10,390 feet",12 hours,Moderate,Light,"Hanna, Utah",Rock Creek,"Allen Lake was named in honor of Floyd Allen, a ranger who was killed by lightning while on duty. A wooden monument still stands as a solemn reminder of the man who lost his life in 1938 and the awesome powers of nature. Remember to check the sky for storm clouds and take them seriously.



 After the 2.4-mile ascent to the top of Hades Pass, walk another 1 mile to a trail junction in the narrow piece of land between Betsy and Grandaddy Lakes. Turn left (north) and go 0.1 mile to another trail junction on the north end of Betsy Lake. Turn right (northwest) about 1.3 miles to the junction with the trail that goes past Powell Lake. Stay right and go 1 mile to Lost Lake. The Fish Creek Trail junction is another 1 mile after you cross the creek. Go a short distance and turn right (north), then travel another 1.3 miles to Bedground Lake. Situated in a large, grassy meadow, Allen Lake can be located by traveling due east from Bedground Lake about 0.75 mile. A hit-or-miss game trail takes off from the northeast side of Bedground. Carefully follow your compass or GPS. It is easy to get turned around in this heavily timbered terrain.



 Allen Lake is ideal for horses. Horse pasture and water are plentiful, and there are places to picket or hobble the horses. Spacious campsites make it easy to watch your stock from camp while still receiving shelter from large pines. The best camps dot the western side of the lake. There is a campfire and firewood gathering restriction within 0.25 mile of the lake. A small campsite on the eastern side of the lake can accommodate one tent. Good water for treating can be found along the eastern shore, where several springs emerge.



 Remember, watch out for lightning.",\N,"98, 100",Chapter45.xhtml
38,Ledge Lake,2,Rock Creek Trailhead,Rock Creek trailhead,29 miles out and back,"10,845 feet",17 hours,Difficult—long and steep,Moderate,"Duchesne, Utah",Rock Creek,"From Rock Creek trailhead the trail climbs up the hill to the west and passes by the Upper Stillwater Dam approximately 0.3 mile from the trailhead. The trail then parallels the Upper Stillwater Reservoir for 1.7 miles, follows Rock Creek for 0.8 mile, then arrives at the junction of the West Fork Rock Creek Trail. Continue up the Rock Creek drainage. After 1 mile, the trail meets the trail from Sinowauvf Basin. (It is also possible to reach Ledge Lake from this junction.) Continue up the valley for another 5.5 miles to another trail junction. The valley splits here. Rock Creek goes to the left; stay right, following Fall Creek another 5 miles to a trail junction. Continue straight for another 1.5 miles to Ledge Lake.



 This basin houses some of the best-quality fishing holes in the whole mountain range. Continent Lake, about 2 miles northwest, commonly surrenders brookies in the 2-pound class and cutthroat over 16 inches. But you’ll have to work for them. Work a green spinner deep, or a #14 Black Gnat just under the surface. The northeast segment of the lake may be the best place to start. Southeast from Ledge Lake are Phinney and Anderson Lakes. They offer fast fishing for smaller trout. They’ll hit anything that moves.



 Ledge Lake gets its name from the tall ledges behind its northern shore. It is easy to find, but there is no easy way to it. It’s almost 15 miles from the Stillwater Dam trailhead and seems twice that long with the tremendous elevation gain. There are two other trails that may prove less taxing on the body. Both trails start at a higher elevation, but both also require traversing a steep mountain pass. It’s about 12 miles to Ledge Lake coming from Blacks Fork over Dead Horse Pass and about 14 hilly miles via the Highline Trail over Rocky Sea Pass. Use Dead Horse if you’re traveling by foot, Rocky Sea if by horse.



 

 The impressive concrete Upper Stillwater Dam alongside the trailhead to Rock Creek",\N,106–107,Chapter47.xhtml
39,Sinowauvf Basin,2,Rock Creek Trailhead,Rock Creek trailhead,21 miles out and back,"10,400 feet",12 hours,Moderate—some steep sections,Moderate,"Duchesne, Utah",Rock Creek,"From Rock Creek trailhead the trail climbs up the hill to the west and then passes by the Upper Stillwater Dam approximately 0.3 mile from the trailhead. The trail then parallels the Upper Stillwater Reservoir for 1.7 miles. The trail then follows Rock Creek for 0.8 mile until meeting the junction of the West Fork Rock Creek Trail. Continue up the Rock Creek drainage. After 1 mile, the trail meets the trail from Sinowauvf Basin. Veer right and work your way up a series of switchbacks on the Ottoson Trail overlooking the East Fork Rock Creek drainage. At about 8 miles turn north. There will be another junction with the trail coming down East Fork. Stay right (east) here and continue to the junction with the Kyhv Lake Trail a couple miles farther and turn north. It’s about 2.5 miles to Kyhv Lake in the middle of Sinowauvf Basin.



 Kyhv Lake is a popular camping location, featuring plenty of spring water and horse pasture. From a base camp at Kyhv Lake, consider a trip up Cleveland Pass if you have the time. It offers an unsurpassed view of the upper regions of the Lake Fork drainage and is well worth the extra effort.



 If you are looking for a little more solitude, pitch your tent at Amlen or Shamrock Lake. These lakes are only a few hundred yards apart, and between the two you should find excellent campsites and spring water but only fair horse pasture. There is no trail to these lakes for the last 0.5 mile. Cross-country access is easiest from the southwest.



 Fishing prospects are good to excellent throughout this large basin. Take a short hike up to Rock Lakes. These lakes see few visitors and house large populations of brook trout. Peak baggers might give the 12,708-foot Explorer Peak a look from Rock Lakes by heading north about 1.5 miles cross-country to a saddle and carefully ascending talus fields to a ridge with access to both Explorer and the 12,855-foot Kweeyahgut Peak.



 The southern section of Sinowauvf Basin could have some real fishing holes too. Diamond, Mid, and Rudolph Lakes are just far enough off the beaten path to sustain good fisheries, with only light to moderate pressure.



 

 A look over Upper Stillwater Reservoir into the Rock Creek drainage and Wilderness, the 12,706-foot Yard Peak about 12 miles north 



 Sinowauvf Basin is a good area for equestrians. The elevation gain is huge if you’re starting at the Rock Creek trailhead and can quickly turn legs into rubber. Letting a horse do the heavy work is a great idea. Once into Sinowauvf Basin, there is lots of room to roam and explore, and a good steed can be a real leg and time saver. Horse pasture is abundant near most suitable campsites, and of course water is everywhere. The East Fork Fire of 2020 affected the southern portion of Sinowauvf Basin.



 There are campfire and firewood gathering restrictions within 0.25 mile of Rock Lakes, Shamrock Lake, and Kyhv Lake.",\N,106–107,Chapter48.xhtml
40,Rudolph Lakes,2,Rock Creek Trailhead,Rock Creek trailhead,24 miles out and back,"10,470 feet",14 hours,Moderate—some steep sections,Moderate,"Duchesne, Utah",Rock Creek,"From Rock Creek trailhead the trail climbs up the hill to the west and then passes by the Upper Stillwater Dam approximately 0.3 mile from the trailhead. The trail then parallels the Upper Stillwater Reservoir for 1.7 miles. The trail then follows Rock Creek for 0.8 mile until meeting the junction of the West Fork Rock Creek Trail. Continue up the Rock Creek drainage. After 1 mile, the trail meets the trail from Sinowauvf Basin. It’s 3.5 miles to the junction with the trail from Rudolph Lakes. Stay right and travel 6 miles.



 Rudolph Lakes lie in an alpine ravine at the base of several talus slopes. No permanent trail exists to the lakes, but a posted sign clearly points the way. Campsites can be found on the east side of Rudolph Lakes #2 and #3, while spring water ready to be treated is located on the south side of Rudolph #1. There are campfire and firewood gathering restrictions within 0.25 mile of the lakes. These lakes receive light to moderate usage, and anglers should have no problem limiting. If by chance Rudolph Lakes don’t produce, try Mid or Diamond. These small lakes sit in heavy timber and are off the beaten path.



 Another angling trip worth checking out is Cabin Lake. It is located 1 mile southwest of Rudolph #1. Follow an old sheep trail over the saddle of Rudolph Mountain, then on through several boulder fields. The saddle creates no difficult problems, but afterward, rugged boulder fields make travel tiring and time-consuming.



 Cabin Lake gets very little usage. This isolated lake sits all by its lonesome in its own little basin. Campsites are undesirable due to rocky and heavily timbered terrain. However, camping areas can be found near the open meadows to the north. Tall tales of this lake speak of big, healthy brook trout.",\N,106–107,Chapter49.xhtml
41,End of FR 143 to Arta Lake,2,Pass Lake Trailhead,End of the road,1.5 mile out and back,"10,450 feet",1.5 hours,Moderate—cross-country,Light,"Duchesne, Utah",Rock Creek,"It is only a 0.75-mile trek to Arta Lake from the end of FR 143, but it seems longer. A faint trail begins where the road ends but disappears after a couple hundred yards. Then you are left to pick your own route around lots of deadfall timber. Just keep heading due west and you will soon run into Arta Lake. Although attractive and quiet, this lake doesn’t offer much in the way of good overnight campsites. The ground is strewn with boulders and pines. Water can be found on the northwest side, where it drains down a steep hill from Survey Lake, but you will need to purify it.



 If you’ve come as far as Arta Lake, consider making the extra effort to hike the short, steep hill up to Survey Lake. The vista from the top of the hill overlooking Arta is magnificent, and on the other side of the hill Survey Lake lies in a great little alpine cirque (more pristine solitude). If you’re really feeling ambitious, trek up the mountain behind Survey Lake and look down on Grandaddy Lake—what a view!



 These lakes may experience winterkill, limiting your catch. You never know, though—fishing could improve after periodic stocking, or as the thousands of minnows observable early in the season grow up. It would at least be worth a try if you were making the trip anyway. Regardless, it’s fun to go beyond the paved road. Unmarked routes from Arta to nearby East Grandaddy Mountain’s 11,659-foot summit might be possible to locate, but they are described as Class 3 and Class 4, meaning scrambles with some exposed areas that should not be taken casually.","From Heber City, take US 40 east 69 miles to Duchesne. Then take SR 87 north 14 miles to Mountain Home. Rock Creek trailhead is 22 miles northwest of Mountain Home on FR 134; the road is paved to Upper Stillwater Reservoir. Turn west on FR 135 and continue past the Rock Creek trailhead. After 2 miles, at the junction of FR 135 and FR 143, turn right and continue about 4.5 miles to the end of FR 143. 



 

 Here’s what to expect on the very rough route to Arta Lake.",\N,Chapter50.xhtml
42,Kidney Lake,2,\N,Lake Fork trailhead before Moon Lake Campground,15 miles out and back,"10,267 feet",10 hours,Moderate,Heavy,"Duchesne, Utah",Lake Fork,"From Lake Fork trailhead, the trail is wide and clear for the first few miles, following Brown Duck Creek on the west side of Round Mountain. After about 6 miles, there is a trail junction with the trail going to Clements Reservoir. Shortly after this junction, the trail passes Brown Duck Lake and, in 0.5 mile, Island Lake (yes, another one). Kidney Lake is 1 mile from the first glimpse of Island Lake.



 There’s a lot of room to spread out, so despite heavy pressure you should still find some solitude. This area is attractive to equestrians because of the large campsites that are available and a good supply of horse pasture. The eastern shoreline has the best accommodations, including a limited supply of spring water. The area is popular with backpackers too, but they might be happier at more isolated nearby lakes, like Tworoose.



 The streams linking Kidney, Island, and Brown Duck Lakes have good flow and should provide an opportunity for some good stream fishing. Try a flashy spinner in the ripples and pools. These lakes and streams are fun to fish because of the variety of opportunities that exist. Cutthroat are stocked, but an occasional brook trout may show up.



 Kidney Lake is also a convenient stopover for hikers continuing on into the Rock Creek drainage. Spend a night near the trail at Kidney Lake, then you’ll be fresh the next day to tackle Tworoose Pass (about 2 miles west). Hikers can also turn northeast on the Ottoson Trail for a loop around Brown Duck Mountain and return via Cleveland Pass to East Basin past Picture, Three Lakes, and Clements Reservoir for a 32-mile loop. (See map in next chapter.)



 There are campfire and firewood gathering restrictions within 0.25 mile of Kidney, Island, Tworoose, Brown Duck, Big Dog, and Dog Lakes.",\N,118–119,Chapter52.xhtml
43,Clements Reservoir,2,\N,Lake Fork trailhead before Moon Lake Campground,18 miles out and back,"10,444 feet",11 hours,Moderate—some steep sections,Heavy,"Duchesne, Utah",Lake Fork,"The trail from Moon Lake starts out easy. An old road is now a wide, clear trail for the first few miles. Then the going gets tough as the trail rears its ugly head and you find yourself picking your way through the steep and rocky path. After 6 miles, there is a junction with the trail that goes to Kidney Lake, just before reaching Brown Duck Lake. Stay to the right here. The cursed rocks are relentless and don’t give you a break until you reach Clements Reservoir. Level ground never looked as good as it does here.



 Be prepared to purify water from the lake or the spring on the back side of the lake. Because of heavy use, firewood is scarce near the campsites. You’ll have to walk a little for this commodity as well. (And there are campfire and firewood gathering restrictions within 0.25 mile of Clements, Mud, Stewart, Atwine, and Aspen Lakes.)



 Clements can withstand heavy pressure and frequently provides fast fishing for fat cutthroat from 13 to 17 inches. Fly-fish right off the dam about an hour before sunset, and you’ll likely catch all you want. If you want to get away from the people at Clements, there are three other small lakes nearby. Southwest of Clements is LF–8. Head west to X–75 or another mile to Twin Lakes. A short journey north to Stewart Lake may prove rewarding. Any of these lakes might produce the “mother lode” of fish. But expect rough cross-country travel that includes hopping over deadfall and boulders.



 For spectacular scenery, hike up the trail 1 mile to East Basin Pass. From there you can view the entire upper region of the Lake Fork drainage, including such sights as Mount Lovenia and Nahguch Pass. Although East Basin Pass isn’t as high as most other passes, it provides one of the most panoramic vistas in the High Uintas.",\N,118–119,Chapter53.xhtml
44,Picture Lake and Three Lakes,2,\N,Lake Fork trailhead before Moon Lake Campground,34 miles out and back,"10,731 feet",22 hours,Moderate—some steep sections,Moderate,"Duchesne, Utah",Lake Fork,"From Lake Fork trailhead, the trail is wide and clear for the first few miles, following Brown Duck Creek on the west side of Round Mountain. After about 7 miles, there is a junction with the trail going to Clements Reservoir. Stay to the right here and go 3.5 miles to the reservoir. The trail continues another 6 miles to two small lakes. The trail forks here to Picture Lake or Three Lakes. For Picture, follow the creek southwest another 0.5 mile to the lake.



 Most groups make their base camp at the three small lakes that lie below Picture Lake. Several good camping areas exist near these lakes, and others can be found along the inlet streams. These lakes receive moderate to heavy angling pressure but can still be hot at times. Try a small spinner or fly. With a little skill, brook trout can be hooked throughout the deepwater channels. Two major inlets feed these lakes. By following the southwest inlet 0.5 mile up a timbered slope, you’ll find a beautiful lake called Picture.



 Picture Lake fits its name perfectly. This lake has a pretty talus slope as a backdrop, with timber-mirrored waters and a large outlet cascading down the mountainside. Rocky, timbered terrain surrounds the lake on three sides, adding to its artistic value. Due to this same fact, campsites are poorly defined.



 Hook Lake is located 1 mile south of Picture. There is no trail from Picture to Hook, and the terrain is consistently rough, rocky, and filled with deadfalls. A horse will not make it through here. However, an alternate route starting from LF–16 is much easier. From LF–16, follow the inlet stream 0.5 mile west along the base of a ridge to the lake. Hook is situated in the southwest corner of East Basin next to a glacial talus slope. Huge boulders interspersed with heavy timber make camping poor, but spring water can be found near the outlet.



 Three Lakes are not to be confused with the three lakes that lie just below Picture Lake. Three Lakes are in a remote area 1 mile north of the three smaller lakes next to the East Basin Trail. From the fork mentioned above, follow the East Basin Trail north about 200 yards to where the trail levels out a bit. At this point, cut cross-country 1 mile northeast to the outlet of X–86.



 Lake X–86 is the first of the Three Lakes you’ll reach. Due to the rocky nature of this terrain, only one decent campsite exists. This campsite is found near the outlet, where you’ll find good running water as well.



 X–85 is the place to stay. This lake plays host to several good camping areas on the southwest side. It is also equipped with a superb spring that flows into the lake from the north. X–85 should produce some fairly good fishing for fat brook trout. Access the lake by following the inlet of X–86 0.25 mile to the north.



 Like the other lakes, X–84 is in a rough alpine setting that may remind you of a desolate and faraway place. Campsites and spring water are not available. Angling usage is quite light, which means fishing prospects may be worthwhile. Reach X–84 by following a couple of ponds that lie northeast of X–86.",\N,118–119,Chapter54.xhtml
45,Ottoson Basin,2,\N,Lake Fork trailhead before Moon Lake Campground,30.4 miles out and back,"11,075 feet",18 hours,Moderate,Light,"Duchesne, Utah",Lake Fork,"The easiest access to Ottoson Basin is the Lake Fork River Trail. (The most scenic route, however, is via the Brown Duck Trail, then through East Basin and over Cleveland Pass.) From Moon Lake, follow the Lake Fork River Trail 9 miles north to the Ottoson Basin Trail junction. From here go 3 miles northwest up a 1,200-foot incline to the base of Cleveland Peak. Then cut across rugged country 1.2 miles northwest to Lower Ottoson Lake.



 Upper and Lower Ottoson Lakes are in open terrain in the upper west portion of Ottoson Basin. These lakes lie at the base of a talus ridge that connects Explorer and Kweeyahgut Peaks. There are no decent campsites at these lakes, but good camping areas and horse pasture can be found 0.5 mile southeast of Lower Ottoson. Both lakes contain healthy populations of cutthroat trout, and fishing pressure remains mostly light. During the late summer months, sheep grazing takes place in the whole upper part of Ottoson Basin. This activity depreciates the glamour of this beautiful basin and adds the need for extra caution where drinking water is concerned.



 There are additional lakes in Ottoson Basin that may make for ideal campsites. The meadow provides good campsites, horse pasture, and hot fishing for cutthroat trout. You’re already hovering in the neighborhood of 11,000 feet in parts of the Ottoson Basin, so continuing south over the pass to Cleveland Lake doesn’t add a lot of climbing. From the lake there’s a recorded route up to the top of Cleveland Peak, but as with most mountains in the High Uintas, you’ll be carefully choosing your way across rocks and boulders.",\N,"125, 118",Chapter55.xhtml
46,Upper Lake Fork (Lambert Lake to Oweep Basin),2,\N,Lake Fork trailhead before Moon Lake Campground,30 miles out and back,"11,200 feet",19 hours,Moderate to difficult,Light,"Duchesne, Utah",Lake Fork,"Although Crater, Lambert, and Oweep Lakes are located in the Lake Fork River drainage, they might be easier reached from East Fork Blacks Fork by way of Red Knob or Nahguch Pass—if the passes are free of snow. You may find the northern route to be more scenic and it supports a loop trail. But be prepared for some hard work going over Red Knob Pass.


 
 

 From Moon Lake, follow the Lake Fork River Trail 9 miles north to the Ottoson Basin Trail junction. From here go 5.2 miles to the junction with the Highline Trail and follow the right fork north and then east. In the middle of the Upper Lake Fork drainage lies Lambert Lake. Find this alpine water by following the Highline Trail about 2 miles. If you’re coming from the west, keep to the trail until you get above timberline. Once you exit the pines, the lake should be south of the trail just a few hundred yards. Lambert offers good campsites and horse pasture, but spring water is limited. It receives moderate usage from those hiking the Highline Trail. Fly fishing is often great for feisty, fat brook trout. The best campsite at Lambert Lake is located just above the cliffs overlooking the lake. It includes a small spring that emerges from the rocks and rolls down to the lake.



 

 Wilson Peak, from East Oweep Creek in the Upper Lake Fork Drainage. PHOTO BY MATT MCKELL/UTAH DIVISION OF WILDLIFE RESOURCES 



 Nearby Linda Lake sits in a boggy meadow 0.5 mile east on the Highline Trail from Lambert, then 0.25 mile south from the trail. Campsites and spring water are limited, but a wary population of brook trout await your offerings. LF–35 is right next to Linda Lake and may provide faster fishing.



 In the eastern portion of the Upper Lake Fork drainage lies the fantastically remote Oweep Creek Basin. This scenic area is at the base of a long talus slope bordering the Lake Fork and Yellowstone drainages. Surrounded by rocky terrain, camping areas are limited. Spring water is abundant, and usage by anglers is considered light. In late summer, sheep grazing occurs in the whole Upper Lake Fork drainage. Highliners approaching from the east get the best view of Oweep Creek Basin from Porcupine Pass.



 Crater Lake lies at the northeast base of Explorer Peak and is encased by a spectacular cirque basin. Steep cliffs and talus slopes abut the water from the north, west, and south. Crater is known to be a mystifying lake. Some say that brook trout rise to the surface all at once, then mysteriously disappear for the rest of the day. “Where do they go?” you ask. Who knows? This lake has a depth of at least 150 feet, and no one really knows if anybody has found the bottom yet.



 

 A view from Porcupine Pass into the remote Oweep Basin of the Upper Lake Fork Drainage. PHOTO BY MATT MCKELL/UTAH DIVISION OF WILDLIFE RESOURCES 



 If you are planning to stay at Crater Lake to see if these stories are true, good luck. Due to open, rocky terrain, campsites are poorly defined. Camping areas and spring water for treating can be found 1 mile to the east. Access to Crater is 16 miles north on the Lake Fork River Trail, then cross-country 2 miles west.",\N,"125, 118",Chapter56.xhtml
47,Toquer Lake,2,Center Park Trailhead,Center Park trailhead,5.5 miles out and back,"10,470 feet",4 hours,Easy,Light,"Duchesne, Utah",Lake Fork,"Toquer Lake offers an exquisite setting, but better campsites can be found about 0.25 mile below the lake. Everything you need is found near the lake. A cold, free-flowing spring on the north side provides a good source of water for treating, and firewood is pretty much everywhere throughout the heavily timbered terrain. If you’re lucky, the lake will even yield a few of its brook trout for your evening meal. But don’t expect great fishing. An avid angler would probably be happier somewhere else, and that’s okay. That means there will be even fewer visitors here.



 

 The small but peaceful Toquer Lake 



 The trail from the Center Park trailhead is a tough one to follow. It frequently disappears, and you may find yourself picking through the many fallen trees. Cairns are present but infrequent. About 2 miles in there’s a creek crossing after emerging from the forest into a meadow. It’s a quick turn northwest out of the forest and way too easy to make the mistake of following that creek west. Keep your map handy while hiking and keep bearing northwest. You can always just find Fish Creek and then follow it up to Toquer Lake.



 

 An example of deadfall that can easily overtake a trail in the Uintas 



 If you are camped at Toquer Lake, try hiking to the top of the ridge about 1 mile to the northeast. From there you’ll witness one of the finest vistas of Swasey Hole and the upper regions of the Yellowstone drainage. On a clear day you can see all the way to Kings Peak. Take your camera.",\N,129–130,Chapter58.xhtml
48,Spider Lake,2,Center Park Trailhead,Center Park trailhead,17.6 miles out and back,"10,876 feet",13 hours,Difficult—up and down many times,Heavy,"Duchesne, Utah",Yellowstone River,"This is a tiring hike, but availability of water from roughly 2.5 miles on means backpackers can treat rather than haul their water. And, for the most part, it’s a straight shot without any forks. On paper the terrain doesn’t look that bad, but you’ll feel like a yo-yo upon arrival. The trail seems to go up and down endlessly. Allow yourself extra hiking time to make up for the rest stops you’re bound to need. Take your time and enjoy the scenery. It is a pretty hike. You may have a tough time remembering any level ground until you reach Spider Lake. Then things get much better. The camping sites are plentiful all around the lake, and that’s good, because this aesthetic lake sees lots of pressure on the weekends. Be sure to clean up after yourself, practice low-impact camping, and pack out all your trash.



 Bluebell Lake has some nice-size brooks and cutthroat. A small fly should yield fish. Or try Y–36 and Y–37 just to the south. These lakes are stocked with brook trout and receive little attention. Head northwest from Spider Lake about 0.5 mile, and you’ll run into Drift Reservoir. Who knows what you will find here. It is out of the way just enough to keep a few secrets.



 Take plenty of mosquito repellent if you are traveling during bug season. There are several moist areas that produce some fair-size clouds of mosquitoes. Take that into consideration when selecting your campsite, and you’ll breathe easier.


 
 

 The 0.25-mile campfire restriction applies to Spider, Bluebell, Drift, Gem, Five Point, Doll, Superior, and Little Superior Lakes—and many hikers on this trail do continue to the lovely Five Point Lake, about 1.5 miles farther north at the junction with a spur from the Yellowstone Trail out of Swift Creek.",\N,129–130,Chapter59.xhtml
49,Water Lily Lake,2,Swift Creek Trailhead,Swift Creek trailhead,2 miles out and back,"9,346 feet",2 hours,Moderate—some steep sections,Moderate,"Duchesne, Utah",Swift Creek,"From Swift Creek trailhead, go back down Yellowstone River Road about 0.5 mile to FR 403 at Grant Springs. From there, a trail will lead you up the mountainside northeast to Lily Lake. It is quite steep—you’ll pick up more than 1,200 feet of elevation in just 1 mile. It may seem farther than a mile. Mountain miles usually do. But don’t give up; you should complete the trek in 30 to 45 minutes. The walk back down should be a lot quicker.



 Anglers like to venture to Lily Lake in hopes of finding faster fishing than near the campgrounds. This may or may not happen. Lily Lake is stocked with brook trout, but stocking schedules, angling pressure, and the mood of the fish will determine your fishing luck. Try to be at the lake in early morning or late evening. This should be feasible because of the short hike. Try a small fly (#16) around the inlet and outlet, and don’t overlook the lily pads. Brook trout like to hang around these looking for bugs. Lily Lake is just close enough to camp that you won’t mind toting a few fish back for dinner.



 Lily Lake doesn’t sport good camping facilities. It is not a good place to spend the night. Don’t make any new camping areas or fire pits. This area is more suitable for day use and probably should remain that way.",\N,135–136,Chapter61.xhtml
50,Deer Lake,2,Swift Creek Trailhead,Swift Creek trailhead,11.2 miles out and back,"10,240 feet",6.5 hours,Moderate,Moderate,"Duchesne, Utah",Swift Creek,"From Swift Creek trailhead, it’s a short distance to where the trail forks left to Yellowstone River or right to Swift Creek. Stay right and climb 5.6 miles to Deer Lake—with multiple stream crossings on shaky logs over the aptly named creek that will check the balance of hikers with heavy backpacks.



 Deer Lake is probably at its best early in the season. Later on, the lake becomes less attractive as the water level drops, leaving a muddy, rocky shoreline. If you can get there just after “ice-off,” you could experience some fast fishing for pan-size brook and cutthroat trout. Other fishing opportunities include Grayling Lake (about 1 mile southeast) and Swift Creek. The outlet from Deer Lake joins Swift Creek about 0.5 mile below. Hardly anyone fishes the creek. Try it with a small spinner and you might be pleasantly surprised.



 Fair campsites can be found near the outlet. They are not top-quality camping spots, but they will suffice. Spring water to be treated is available at the inlet, as is a small amount of horse pasture. There is a campfire restriction within 0.25 mile of Deer Lake. Most travelers—including extensive usage by horse packs—only stop for lunch on their way to more popular lakes. You should have it all to yourself during the evening hours.



 Shutterbugs will enjoy the view back down Swift Creek drainage, as well as the setting around Deer Lake. Deer Lake lies in a narrow valley, surrounded by pines on its long sides, with a picturesque cliff sealing off the back end.



 

 Follow Swift Creek north to Deer Lake",\N,135–136,Chapter62.xhtml
51,Farmers Lake,2,Swift Creek Trailhead,Swift Creek trailhead,15.8 miles out and back,"10,990 feet",10 hours,Moderate—some steep sections,Moderate,"Duchesne, Utah",Swift Creek,"From Swift Creek trailhead, it’s a short distance to where the trail forks left to Yellowstone River or right to Swift Creek. Stay right and climb 5.6 miles to Deer Lake. Though easier said than done, given the multiple stream crossings on shaky logs that will check the balance of hikers with heavy backpacks. Farmers Lake is another 2.3 miles up the valley.



 You will pass White Miller Lake on the way. This is a tempting place to camp and fish but push on another mile to Farmers Lake. Farmers is a better base camp. It sits in the middle of several good fishing lakes and has excellent horse pasture nearby to the west. The best campsite is about 0.25 mile below Farmers Lake. Just follow the outlet stream and you can’t miss it.



 Fishing at Farmers Lake varies greatly from year to year. Some years you can catch eager brook trout on every other cast. At other times, the lake seems empty. If it doesn’t produce for you, then head north over the hill to X–26. It frequently has fast fishing for pan-size brookies. The lakes west of Farmers hold a few surprises too. Large cutthroat roam these lakes. Try the inlets with a salmon-egg fly and look out. You won’t catch too many, but you’ll only need a couple to make a hearty meal.



 Timothy and Carrol Lakes are not far from Farmers. A short day hike of 2 to 4 miles northeast will put you right in the middle of this open basin. Cattle graze up here, which detracts from the aesthetics of the vast tundra, but it’s still worth seeing—and definitely worth fishing. Plenty of open shoreline exists for the fly fisher.



 Campfires are not allowed within 0.25 mile of Farmers, White Miller, or Timothy and Carrol Lakes. The same campfire restrictions apply to lakes or areas with no name to the southwest and northwest of Farmers Lake.



 

 A fully loaded pack train during archery season on the Swift Creek Trail heading north to Farmers Lake and beyond",\N,135–136,Chapter63.xhtml
52,Timothy Lakes,2,Swift Creek Trailhead,Swift Creek trailhead,18.4 miles out and back,"11,000 feet",12 hours,Moderate,Moderate,"Duchesne, Utah",Swift Creek,"From Swift Creek trailhead, it’s a short distance to where the trail forks left to Yellowstone River or right to Swift Creek. Stay right and climb 5.6 miles to Deer Lake. One option is to continue to Farmers Lake, another 2.3 miles up the valley. From Farmers Lake turn right (east) and go 1.6 mile to the lower Timothy Lake. If skipping Farmers Lake, take the Swift Creek Trail about 1 mile after Deer Lake. This route is 18.4 miles, round-trip.



 Good camps can be set up at East Timothy or Center Timothy. At the latter you’ll probably see fewer people and will also stand a better chance of locating some spring water. But either place is a good choice. Sometimes cattle range up here, so don’t be surprised if you wake up in the morning to the sound of mooing. The 0.25-mile campfire restriction applies to West, Center, and East Timothy, Upper (West) Carrol, East Carrol, and Lower Carrol Lakes. A gas stove is a worthwhile investment if you are planning on cooking some trout.



 The trout should cooperate here. Brook trout are in all of these lakes, and cutthroat will appear from time to time. It’s hard to recommend the best fishing hole. Try them all. If one lake doesn’t produce, scoot over to the next one. You’re bound to find at least one lake that will yield some lightning-fast fishing. Check the connecting streams too. Many trout migrate from lake to lake or simply prefer to spend their summer in the creeks. A small spinner can produce some fun action on the streams when your arms tire of fly-casting on the lakes.",\N,135–136,Chapter64.xhtml
53,Milk Lake,2,Swift Creek Trailhead,Swift Creek trailhead,24 miles out and back,"10,983 feet",15 hours,Moderate to difficult,Light,"Duchesne, Utah",Yellowstone River,"If you feel alone and remote at Milk Lake, it’s because, well, you are. It’s a great feeling. You might feel almost like an explorer in this vast country that rarely sees visitors of the human kind. This is a true wilderness experience. You should be in great physical shape and confident of your skills before coming out here.



 From Swift Creek trailhead, it’s a short distance to where the trail forks left to Yellowstone River or right to Swift Creek. Stay right and climb 5.5 miles to Deer Lake. Farmers Lake is another 2 miles up the valley. At Farmers Lake turn left (west) past a few small lakes and over Bluebell Pass. The trail descends then turns to the right (north) and follows the small creek up to Milk Lake.



 The best camping and horse pastures are located just west or south of the lake. Remember that microscopic parasites can be found anywhere in the High Uintas, even in high, remote alpine lakes. There was a time when people could safely drink from lakes and springs, but filtration systems are easy to carry and a worthwhile precaution.



 As for fishing, who knows what to expect. This is the type of water that could produce some quality fishing time. Stocked brook trout can live many seasons without seeing an artificial lure and may have the chance to reach large proportions. If the fish aren’t cooperating at Milk, you are out of luck. There’s no place else nearby.



 Perhaps here it is better to just relax and enjoy the quiet space. You will most certainly have earned it.",\N,135–136,Chapter65.xhtml
54,North Star Lake,2,Swift Creek Trailhead,Swift Creek trailhead,34.8 miles out and back,"11,395 feet",Variable,Moderate—some steep sections,Light,"Duchesne, Utah",Yellowstone River,"The shortest route to North Star is found at Center Park trailhead, but a nicer road and better trailhead amenities launch more treks to North Star from the Swift Creek trail-head. From Swift Creek follow the Yellowstone Creek Trail 9.3 miles to the Garfield Basin junction, then proceed 4 miles northwest up a 1,600-foot incline to Five Point Lake. Past Five Point, keep following the Garfield Basin Trail 3.5 miles north then northeast to the Highline Trail. Then follow the Highline Trail another 0.75 mile north to North Star Lake. Other starting points are at China Meadows, East Fork Blacks Fork, and the Highline trailhead. A slightly longer route is also possible following Yellowstone Creek all the way to Highline.



 North Star is a popular stopping point for backpackers making the Highline trek. Although only a few mediocre campsites exist, it is the only decent place to make camp in the area. If you are traveling via the Garfield Basin route, you may want to pitch your tent at Five Point Lake and save North Star Lake as an exciting day hike. The upper portion of Garfield Basin is characterized by rocky, windswept tundra. There is little or no horse pasture, and firewood is extremely scarce.



 North Star and Tungsten Lakes receive moderate angling pressure for brook and cutthroat trout. If you are looking for more solitude and more remote fishing possibilities, try lakes Y–2, Y–4, and Y–5. These lakes receive little attention and harbor an excellent supply of pan-size brook trout. Find these lakes by following the inlet of North Star Lake 1 mile north to Y–2. Then just follow a string of lakes to Y–4, Y-5, and Y-6. Sorry, there are no fish at Y–6.


 
 

 

 A look at Garfield Basin from Porcupine Pass, with North Star Lake at center above the shadow line. PHOTO BY MATT MCKELL/UTAH DIVISION OF WILDLIFE RESOURCES",\N,135–136,Chapter66.xhtml
55,Kings Peak via the South Slope (Swift Creek or Uinta),2,\N,Swift Creek or Uinta trailhead,39.6 to 49 miles out and back,"13,528 feet",Variable,Difficult—steep sections,Light,"Duchesne, Utah",Yellowstone River or Uinta River,\N,\N,"147, 149, 135, 151",Chapter67.xhtml
56,Chain Lakes,2,Uinta Trailhead,Uinta trailhead,19 to 20.2 miles out and back,"10,893 feet",11 to 12 hours,Moderate—some steep sections,Heavy,"Roosevelt, Utah",Uinta River,"Access to Chain Lakes begins at the Uinta trailhead. After 0.8 mile along an old road, stay to the right and follow the rocky Uinta River Trail 3 miles north to a signed fork. Veer left (west) to the Sheep Bridge. Proceed east across the footbridge and up a thousand feet of rocky switchbacks before entering the High Uintas Wilderness area at around the 6-mile mark. Catch your breath, then follow the trail about 3 miles northwest to Krebs Basin and another mile to Lower Chain Lake. Campfires and wood stoves are prohibited within 0.25 mile of lakes in Chain Lakes Basin. Check with the Forest Service before pasturing, as overnight horse grazing may also be prohibited within 0.25 mile on either side of the trail from Lower Chain Lake to Upper Chain Lake.


 
 

 A good place to set up base camp is Pippen Lake (sometimes called Island Lake). It sits in a meadow 0.5 mile southwest of Lower Chain’s outlet. Pippen is distinguished by a small island near the south end of the shore and has excellent meadowland campsites. Plenty of horse pasture dominates the surrounding terrain. Pippen is one of the better fly-fishing lakes in the Uinta River drainage and sustains moderate angling use throughout the summer. You should have no problem filling your skillet with fresh mountain brook trout.



 

 Morning at Lower Chain Lake, beneath a big sky and sporting an empty shoreline 



 If you’re looking to get off the beaten path, Oke Doke Lake is a good spot. This handsome lake is just 1 mile from Fourth Chain Lake. From Fourth Chain Lake or Roberts Pass, head west along the south side of the ridge that extends from Mount Emmons. Oke Doke Lake is on the eastern base of Mount Emmons in a high cirque. No campsites or horse pasture exists. Light angling pressure often means exciting fishing for cunning cutthroat trout.",\N,151–152,Chapter69.xhtml
57,Lake Atwood,2,Uinta Trailhead,Uinta trailhead,28.6 miles out and back,"11,030 feet",16 hours,Difficult—some steep sections,Moderate,"Roosevelt, Utah",Uinta River,"From Uinta trailhead, take the rocky Uinta River Trail 3.8 miles north to a signed fork and veer left (west) to the Sheep Bridge. Cross the bridge and climb 1,000 feet of rocky switchbacks over 6 miles to Lower Chain Lake. Continue on the same trail 2 miles over Roberts Pass and into the Atwood Creek drainage. Lake Atwood is 3.6 miles northwest along the trail from the top of the pass. (One of the best ascents to the nearby 13,440-foot Mount Emmons climbs a steep ridge north and then west. The route departs the Atwood trail just before the Roberts Pass switchbacks north of Fourth Chain Lake.)



 Other lakes in Atwood Basin include Roberts, George Beard, Carrot, and B–29. Roberts Lake is a typical alpine lake located in a cirque basin 1 mile southwest of Atwood. Follow a faint trail 1.5 miles west from Mount Emmons Lake. No campsites exist in this small windy basin, so angling pressure remains light for feisty cutthroat trout.


 
 

 Two miles west on the trail from Atwood lies George Beard Lake (U–21). This lake sits in windswept terrain just below Trail Rider Pass. Most people ignore this water because there is no shelter, but this makes perfect conditions for the avid angler. That is, if there’s fast fishing for wild trout—and there is. George Beard Lake contains a huge supply of wild brookies. Another lake that might be worth checking out, U–19, sits just 0.5 mile south of George Beard. Not many anglers make it this far.



 

 The Uinta trail forks at the 3.8-mile mark.",\N,151–152,Chapter70.xhtml
58,Painter Lakes,2,Uinta Trailhead,Uinta trailhead,32.5 miles out and back,"11,030 feet",18 hours,High—cross-country travel,Light,"Roosevelt, Utah",Uinta River,"From Uinta trailhead, take the Uinta River Trail 3.8 miles north to the fork and continue straight on the trail up the Uinta River 9 miles to the junction with the trail coming down from Kidney Lakes. Stay left (northwest) 2 miles, following the Uinta River to North Fork Park. From North Fork Park, follow a vague trail 2 miles south up a steep and rugged 900-foot incline next to a small creek. The first lake you’ll run into is Craig.



 Craig is the only lake in this basin with a horse pasture; it also contains a good population of cutthroat trout. Although good campsites exist at Craig Lake, better accommodations exist at Painter Lakes U–88 and U–89. Following the inlet of Craig Lake 1 mile west, you’ll find the first two Painter Lakes. These lakes sit only 100 yards apart. U–88 is the largest lake in the basin, so fishing may be better at this lake than at any of the others. Angling pressure is almost nil, and eager brook trout should be fighting one another to get to your lure first. But don’t forget U–89. This lake fluctuates like a toilet bowl, but you never know; a big one may be lurking in its depths. Situated deep in the western part of Painter Lakes Basin is Lake U–93, located 0.75 mile west of U–88. U–93 is above timberline at an elevation of 11,400 feet, and there are no campsites or horse pasture. Angling is unpredictable. These cutthroat either bite or they don’t, and if they do, they are small. Unless you’re just out for a pleasure stroll, other lakes like U–88 and Craig will better fulfill your fishing desires.


 
 

 

 Follow the Uinta River north to Painter Lakes.",\N,151–152,Chapter71.xhtml
59,Queant Lake,2,West Fork Whiterocks Trailhead,West Fork Whiterocks trailhead,10 miles out and back,"10,652 feet",7 hours,"Easy, but long",Heavy,"Roosevelt, Utah",Whiterocks River,"From West Fork Whiterocks trailhead, the trail goes northwest 2 miles to a junction with the trail to Queant Lake. Turn right (northeast) in 0.5 mile to a small lake, then travel 2.5 miles northwest to the lake. Queant is also accessible by staying to the left on the West Fork Whiterocks Trail (048C) toward Fox and veering northeast at around 4.5 miles.



 Queant Lake is big enough to handle several large groups. It’s a long walk around its 57 acres, and there are plenty of campsites, horse pasture, and treatable spring water. Look for the latter along the northern shore. You will have little difficulty finding a ready-made camp. All you’ll have to do is move in.



 If Queant doesn’t suit your tastes, head north another 0.75 mile to Ogden Lake. It sees far fewer hikers than Queant and offers just as many amenities. Campsites and horse pasture are abundant, and a large spring flows into the north end.



 Angling at Queant, Ogden, and Cleveland Lakes may be only fair. This area entertains a lot of anglers. Plan on working a little harder here than you would on some of the more remote lakes, and stay with the basics. Small flies (#16) in the late evening and early morning should yield at least enough trout for a pleasant meal. There is also a good-looking stream below Queant that should produce some small trout.



 Queant Lake is a great place to introduce someone to backpacking, particularly youngsters. The trip is not taxing, and there is a ton of room to run and explore without leaving the proximity of the lake. Everyone has to begin somewhere, and Queant Lake provides an ideal setting for beginners.



 

 The West Fork of the Whiterocks River is an excellent fishing stream and the route to Queant Lake.",\N,160–161,Chapter73.xhtml
60,Fox Lake,2,West Fork Whiterocks Trailhead,West Fork Whiterocks trailhead,17 miles out and back,"10,790 feet",11 hours,Difficult—due to Fox-Queant Pass,Heavy,"Roosevelt, Utah",Uinta River,"The best access to Fox begins at West Fork Whiterocks trailhead. From the trailhead, the trail goes northwest 2 miles to a junction with the trail to Queant Lake. Stay left (northwest) for 1.5 miles to Cleveland Lake. It’s another 3.5 miles over the 11,388-foot Fox-Queant Pass to Crescent and Fox Lakes. Another route that is well traveled by horses starts in the Uinta River drainage. This trail runs next to the Uinta River for 10 miles to a three-way junction. At this point, take the northeast trail 3.5 miles up Shale Creek to Fox Lake.



 Fox is a fluctuating reservoir that experiences a serious drawdown during the late summer months, and fishing success declines with the water level. Despite this, the lake frequently hosts large groups of backpackers or horse packs and had been a favorite of area Scouts. Campsites are found around the lake, while horse pastures are located north of Fox and west of Crescent Lake. Overall fishing pressure is considered moderate for brook and cutthroat trout.



 Just southwest of Fox is Crescent Lake, a long narrow reservoir that fluctuates only moderately. Camping areas are all around the lake, but groups often have them occupied during the midsummer months. Angling usage is quite heavy at times. Best results may occur in the late evening while casting off the rocks. Cutthroat trout are the main species, but an occasional brookie may show up.


 
 

 Other lakes in the Fox Lake area are Dollar, Brook, and Divide. Dollar Lake is sometimes called Dime Lake. This aesthetic lake is in a large meadow 1 mile northwest of Fox and features better-than-average campsites along with a generous supply of horse pasture. A good number of pan-size brookies inhabit the lake. As with the other lakes around here, Dollar sometimes receives heavy use from large groups that migrate from Fox Lake. Your best bet to escape the crowds is Brook Lake. It lies 1 mile east of Fox near the trail. Camping areas are available, and pressure is remarkably light. There is a 0.25 mile camp-fire restriction around Fox, Crescent, and Dime Lakes.",\N,160–161,Chapter74.xhtml
61,Kidney Lakes,2,West Fork Whiterocks Trailhead,West Fork Whiterocks trailhead,25.1 miles out and back,"10,850 feet",16 hours,Difficult—due to Fox-Queant Pass,Heavy,"Roosevelt, Utah",Uinta River,"Five different access points can be used for the Kidney Lakes area. The shortest route begins at the West Fork Whiterocks trailhead. The others start at Uinta River, Chepeta Lake, Hoop Lake, and Spirit Lake. But they are at least 3 miles longer. Excellent trails exist for each route, and stock-unloading ramps are present at every trailhead except Chepeta Lake.



 From West Fork Whiterocks trailhead, the trail goes northwest 2 miles to a junction with the trail to Queant Lake. Stay left (northwest) for 1.5 miles to Cleveland Lake. It’s another 4.5 miles over Fox-Queant Pass to Crescent and Fox Lakes. After you pass Fox Lake, there’s a trail junction with the Highline Trail (025) just under 0.5 mile farther. Stay right (west) 0.5 mile to a junction with the trail to Davis Lakes. Stay on the Highline Trail (southwest) 3.2 miles to Kidney Lakes, turning north off the Highline Trail for the last 0.25 mile.



 For secluded camping, try nearby Bowden or Lily Lake. Bowden has limited campsites but an endless supply of horse pasture. Lily is a quaint little lake surrounded by yellow water lilies. Campsites with horse pastures are just west of the lake. Lily receives only light pressure, even though it’s only 0.5 mile from the Kidney Lakes.


 
 

 

 The first of many river and creek crossings on the long trail to Kidney Lakes 



 Along a well-marked trail, about a mile northwest of Kidney Lakes lies Rainbow Lake. The trail also leads to numerous lakes in the upper northwest portion of the basin (and completes a loop with the Davis Lakes Trail). These lakes are in high, windswept country. There are no decent camps up here. Rainbow Lake sees moderate to heavy fishing pressure but is mostly limited to day use. Don’t forget about the lakes located above Rainbow Lake. These small bodies of water may bring a nice surprise, and the ones just below are certainly worth checking out. Expect to find a good mixture of brookies, rainbows, and cutthroat.



 Nearby Davis Lakes present good angling opportunities too. They are a little over 1 mile north of Kidney Lakes and 250 yards north and south of each other. Both lakes get light use, and fly fishing can be fast for pan-size brookies.



 There is a 0.25-mile campfire restriction in the Upper Uinta Basin, around Kidney Lakes and Verlie, Rainbow, Wilderness, Bowden, and Weeping Ledge Lakes, plus southwest of Kidney Lakes and north of Rainbow Lake.",\N,160–161,Chapter75.xhtml
62,Davis Lakes,2,West Fork Whiterocks Trailhead,West Fork Whiterocks trailhead,26 miles out and back,"11,020 feet",16 hours,Difficult—due to Fox-Queant Pass,Light,"Roosevelt, Utah",Uinta River,"Davis Lakes are a little off the beaten path and don’t see a lot of visitors. From West Fork Whiterocks trailhead, the trail goes northwest 2 miles to a junction with the trail to Queant Lake. Stay left (northwest) for 1.5 miles to Cleveland Lake. It’s another 3.5 miles to Crescent and Fox Lakes. After you pass Fox Lake, there’s a trail junction with the Highline Trail after around 0.5 mile. Follow Highline 0.7 mile to another trail junction with the trail to Davis Lakes. Turn right (north) and go 3.3 miles to Davis Lakes. The last 0.5 mile is cross-country travel to the northwest.



 A loop trail passes just below Davis South. It can be accessed from either Kidney Lakes, or if you’re coming from Fox Lake, by taking the Davis Lakes turnoff about 2 miles from Fox Lake. A sign marks the turnoff, and regardless of which trail you take, it is hard to follow in places. Keep your compass and map handy, and keep pointed toward the large cirque in the mountainside.



 Best camping facilities are on the south side of Davis South Lake. A spacious existing campsite should accommodate groups of up to eight people. Treatable spring water flows into Davis South along the north shore. There is a 0.25-mile campfire restriction around Davis Lakes.


 
 

 The north shore is also the deepest and is where most of the fish are. Plump, pan-size brookies can be easily harvested using a small fly or woolly worm. There is plenty of open shoreline where fly casters can have a ball. You won’t catch big fish here, but you will probably catch as many as you want, for as long you want. Small brook trout also inhabit Davis North Lake but may be tougher to fool. For a change of pace, try fishing the small stream between the lakes or the outlet stream from Davis South.



 Don’t be surprised to see moose in the area. The large mammals are common between Davis Lakes and Kidney Lakes. Enjoy them at a distance, and you’ll probably see them often. There are also deer and elk around, but they are much more wary.",\N,160–161,Chapter76.xhtml
63,Reader Lake,2,Chepeta Trailhead,Chepeta Lake trailhead,9 miles out and back,"10,960 feet",6 hours,Moderate—some cross-country travel,Light,"Roosevelt, Utah",Whiterocks River,"The serene setting of the 10-acre Reader Lake 



 Located at the head of Reader Lakes Basin, Reader Lake offers deluxe camping accommodations for the discriminating solitude seeker. Bubbling water, fresh from a mountain spring and easy to filter and treat, is served up cold with every meal. The lake borders timberline and provides a wonderful alpine ambience, complete with light afternoon thundershowers and warm, inviting sunsets. Okay, okay, so it’s not always this inviting. Reader Lake is subject to the same unpredictable weather, mosquitoes, and hazards as the other 1,000 Uinta lakes. It is better than some and worse than others. However, it is seldom used and is a fine place to shack out for a while and ignore the rest of the world. There are even a couple of decent places to pitch a tent.



 To reach Reader Lake, follow the Highline Trail west from the Chepeta Lake trailhead about 3 miles until you reach Reader Creek. Staying on the west side of the creek, follow it northwest another 1.5 miles to Reader Lake. Many opt to follow Highline for another 0.5 mile through the forest then depart the trail. Though marshy, stay close to the trees and watch for one or two large cairns in the meadow. The creek turns north up a slope at around 4.2 miles and the last 0.3 mile is steep and dense with trees and bushes. The lake is only 10 acres in size and shallow—you may see a moose run across the pond as if walking on water. It may first appear as a large pond, but there are no other large ponds in the area with which to confuse it.",\N,170–171,Chapter78.xhtml
64,Walk-Up Lake,2,Chepeta Trailhead,Chepeta Lake trailhead,7 miles out and back,"11,114 feet",5 hours,Moderate—cross-country travel,Very light,"Roosevelt, Utah",Whiterocks River,"The easiest (but not easy) route to Walk-Up Lake is to first hike 1.3 miles north from the Chepeta Lake trailhead past Moccasin and Papoose Lakes. From there, hike northwest another 2.2 miles up steep, rocky slopes and meadows. It is a little tricky picking your way through the boulders, so plan on a little extra time.



 Cirque lovers will adore this bowl, carved out eons ago when glaciers ruled the High Uintas. Steep slopes drop sharply into the clear water, which reaches a depth of 55 feet. That’s pretty deep for a lake of only 18 acres.



 Solitude seekers should also like this place. The lake sees very few visitors throughout the course of a year. You might expect it to receive considerably more pressure due to its proximity to popular Chepeta Lake, but its inaccessibility keeps it a quiet place. Despite its rugged access and appearance, there are some fair campsites located in grassy clearings just above the lake, though it’s best to avoid these spots during a thunderstorm.



 Brook trout are stocked occasionally. In a lake this deep, fish are usually more selective and have more defined feeding times. Early morning and late evening are when you are likely to have success at Walk-Up Lake. Just don’t expect too much if you take a day hike into here to try some midday angling.



 

 Make a stop at Papoose Lake on the trail to Walk-Up Lake.",\N,170–171,Chapter79.xhtml
65,Cliff Lake,2,Chepeta Trailhead,Chepeta Lake trailhead,11.2 miles out and back,"10,348 feet",7 hours,Moderate,Light,"Roosevelt, Utah",Whiterocks River,"Cliff Lake is about 5 miles from Chepeta Lake and offers a wilderness experience. From Chepeta Lake trailhead, follow the Highline Trail southeast 0.7 mile to a trail junction. Stay right (south) for 1.2 miles along the Whiterocks River and another trail junction. Cross the river and continue south along the river 2.2 miles to another river crossing. Cross the river again and climb 1.7 miles to the lake. The ladle-shaped Watkins Lake is 100 yards from the southern shore of Cliff Lake.



 Additional lakes will be unveiled along this trail by returning on the Whiterocks Lake Trail northeast from Cliff then returning along Highline back to Chepeta. Sand, Teds, Workman, and Wooley Lakes are all known to maintain good fly fishing and many good campsites. Should you visit Cliff Lake? It’s your call. There are no cozy camp spots, and spring water is nonexistent at the lake. However, Cliff Lake does get far less angling attention than any of the other lakes mentioned above and it’s a memorable setting.



 Cliff Lake may also be reachable by 4WD road. However, it is not advisable. Just beyond Johnson Creek, the road passes over several severe rough-rock ledges. Then it circles around Dead Horse Park, only to complete its deformity at the lake. To say the least, this road will torture the toughest truck. From Paradise Park Campground, the road to Cliff Lake is graded for about 6 miles. The last 3 miles are considered an ATV road. Good luck!",\N,170–171,Chapter80.xhtml
66,Kibah Lakes,2,\N,Blanchett or Paradise Park,3 to 9.6 miles out and back,"10,550 feet",4 to 7 hours,Moderate—cross-country,Moderate,"Vernal, Utah",Ashley Creek,"No real trail exists to Kibah Lakes beyond Blanchett Park. Hikers starting from the entrance to Paradise Campground will follow a generally well-marked trail for 1 mile. After the first mile past Paradise Park, the trail crosses several logging roads. During this 0.9-mile stretch, the trail and rock cairns are difficult to locate. The trail joins the jeep road and continues another 1.3 miles. Depending on conditions, ATVs may be able to continue to Blanchett Park. From Blanchett, travel cross-country 1 mile northwest over some nasty boulder fields to East Kibah (DF–11). This lake is identified by a rockslide along the north shore and a wet meadow to the northwest. Fishing is spotty at times, but occasionally a large trout can be netted.



 Right next door to the southwest of East Kibah sits Finger Kibah. This lake takes after its name, as its shape portrays a finger. Angling should be a little faster here. Brook trout survive well in this lake, and a superb population is steadily maintained.



 One-half mile west of Finger Kibah, you’ll find West Kibah Lake. It rests at the base of a talus slope in the southwest corner of Kibah Basin. Fishing usage is light to moderate for brook trout, and it is possible to camp overnight here utilizing a primitive campsite.



 Three hundred yards northwest of East Kibah is Island Kibah (DF–16). Surrounded by rocky, timbered ridges, a small island protrudes from its shallow water. Angler use is moderate for brookies.



 North Kibah (DF–15) is located about 1 mile northwest of East Kibah. Because of low water levels during late summer, it tends to experience fish winterkill. However, this may be a good lake to catch some solitude.",\N,177–178,Chapter82.xhtml
67,Deadman Lake,2,\N,Blanchett or Paradise Park,9.6 to 15.8 miles out and back,"10,790 feet",7 to 10 hours,Moderate,Heavy,"La Point, Utah",Ashley Creek,"Deadman Lake can be reached from several access points, but the trail from Blanchett Park is the most feasible. From Paradise Park, go 3 miles up the 4WD road to Blanchett Park at the end of the road. Deadman Lake is just under 5 miles up a good trail following Dry Fork Creek. The trail splits in two directions upon reaching the lake. The east trail ventures over Gabbro Pass and into Lakeshore Basin; the west trail disperses into Whiterocks, Beaver Creek, and Carter Creek drainages. Hikers starting from the entrance to Paradise Campground will follow a generally well-marked trail for 1 mile. After the first mile past Paradise Park, the trail crosses several logging roads. During this 0.9-mile stretch, the trail and rock cairns are difficult to locate. Go another 1.3 miles to Blanchett Park then continue onto the Dry Fork Creek trail.



 Reach Blue Lake by traveling 1.5 miles southeast from Deadman Lake over a bald mountain. This scenic lake sits at the top of a windswept basin on the northeast side of Dry Fork. No campsites exist. Blue Lake contains an excellent supply of hungry brook trout. Watch out for sheep dip here. In the midsummer months, rotational sheep grazing depreciates the aesthetic value of this beautiful basin.



 From Blue, another scenic lake—Moap Lake—is easily reached. It is just a little over 1 mile south of Blue Lake at the base of a steep talus slope within a small cirque. No fish exist here, but it’s a beautiful spot for solitude seekers and hermits.


 
 

 If remote fishing is what you’re after, then DF–4 is your kind of lake. Find it by following Reynolds Creek 1 mile to its spring source. Then head 1 mile over rough boulders into a cirque basin. Due to the rugged terrain, there are no camping areas. Angler utilization is very light, and fishing is often hot for feisty cutthroat trout. Allow yourself plenty of time to get back to base camp before dark!



 

 From Paradise Campground, it’s just under 9 miles to Deadman Lake. Starting at Blanchett Park at the end of the high-clearance FR 296 shaves off a few miles.",\N,177–178,Chapter83.xhtml
68,North and South Twin Lakes,2,\N,Blanchett or Paradise Park trailhead,5.4 to 9.2 miles out and back,"10,300 feet",5 to 7 hours,Moderate,Heavy,"Vernal, Utah",Ashley Creek,"As with the other hikes in this area, two different starting points can be used for reaching Twin Lakes. Blanchett Park is closer, but adventurers without a 4WD vehicle will set out from Paradise Park trailhead and hike 1.9 miles to the confluence with the jeep trail. From there it’s another 0.8 mile to Dry Fork Creek. Past Dry Fork Bridge, follow the Dry Fork/Twin Lakes Trail 1.9 miles north and east to the lakes. After the first mile past Paradise Park, the trail crosses several logging roads. During this stretch, the trail and rock cairns are difficult to locate.



 If heavy pressure crimps your camping style, try Red Belly Lake. It receives a little less usage but gets some day use from hikers staying at Twin Lakes. Red Belly is located 1 mile north of Twin Lakes on the Dry Fork Trail. Campsites and horse pasture are on the southeast side of the lake. Angling pressure is considered moderate.



 Another nice excursion from North Twin is Fish Lake. Begin near the east inlet of North Twin Lake. From the inlet, follow a hit-or-miss forest service trail 2.5 miles east to Fish. This pretty lake is at the foot of steep talus slopes on the west side of Marsh Peak. Meadows scattered with timber surround the outer portions of Fish Lake, along with good campsites and treatable spring water. Heavy usage is usually encountered throughout July and August. Litterbugs often plague all the lakes mentioned. Practice low-impact techniques, and leave this area better than you found it.",\N,177–178,Chapter84.xhtml
69,Leidy Peak (Highline) to Lakeshore Lake,2,\N,"Leidy Peak trailhead, near Hacking Lake and the Highline Trail",10.4 miles out and back,"10,792 feet",7 hours,Moderate,Moderate,"Vernal, Utah",Ashley Creek,"The shortest route to Lakeshore Lake begins at Leidy Peak trailhead, on the east end of the Highline Trail above Hacking Lake; the other starts at Ashley Twin Lakes at the end of a high-clearance road. Both trails are well marked, though the trail from Hacking Lake can be difficult to follow as it goes around Leidy Peak. The Hacking Lake route is at least a mile shorter and can be reached by car. Ashley Twin Lakes can only be reached by jeep, after figuring out your way through a maze of brutally rocky roads.



 From Leidy Peak trailhead, take the North Leidy Peak route of the Highline Trail west along the north side of Leidy Peak for 1.9 miles. Head west 1.3 miles to a fork and veer left 0.2 mile to a junction with the South Fork Ashley Trail. Alternatively, go 0.8 or 1.4 miles due south to one of two trail junctions heading west. There are a couple of High-line Trail paths on the south side of Leidy Peak but both routes travel around 2.5 miles to the fork. Stay left (west), go 0.2 mile to the second junction, and turn left (southeast). Lakeshore Lake is 0.9 mile from the second fork.



 Lakeshore Lake is named for the basin. It is just off a good forest service trail in the upper end of Lakeshore Basin. Good campsites are present, along with an abundant supply of horse pasture and spring water. Sometimes, you can pinpoint a major source of potential waterborne illness. In this area, sheep grazing can foul the surrounding water-shed. Be sure to treat all water before drinking.


 
 

 Known as a decent fishing lake, Lakeshore holds a good population of fish. You should be able to catch enough for a tasty shore lunch.



 Another lake in Lakeshore Basin is Lake Wilde, a cirque lake that sits on the trail 1 mile northwest of Lakeshore Lake at the base of Gabbro Pass. Do you like wind? You can have as much as you want here. During unsettled weather, the wind blows constantly and continues to blow even when you least expect it. No campsites or trout exist here, but several springs pop up around the lake.



 Take your time as you explore this wonderful wilderness—and definitely take your camera.



 If you have three or so extra hours, why not tackle the 12,028-foot Leidy Peak? Aside from snow lingering deep into summer on the northeast face, there are a lot of ways up. The shortest from the trailhead is a route up the east face, but the climb is not quite as steep from the west face.","From Vernal, take the Taylor Mountain and Red Cloud Loop Scenic Backway toward East Park Reservoir; continue on toward Hacking Lake. You can camp at Hacking Lake or drive up the road another mile to the Leidy Peak trailhead at this eastern point on the Highline Trail. The total distance from Vernal is about 36 miles.",\N,Chapter85.xhtml
70,The Highline Trail,2,\N,Highline trailhead (west end) or McKee Draw (east end) or Leidy Peak trailhead (near east end),79 to 104 miles one way,\N,Variable,Extremely difficult,Moderate,"Kamas, Utah (west end), or Manila, Utah (east end)",\N,"The trail begins at either the Highline trailhead west end (at Hayden Peak off Highway 150), Highline trailhead east end (at McKee Draw off U.S. 191), or at the Leidy Peak trailhead near the eastern end of the High Uinta Mountains. An underappreciated fourth option starts at Chepeta trailhead and logs only 65 miles of hiking. You will surely still receive impressed and possibly envious looks when you tell people you backpacked 65 miles mostly above 10,000 feet. But thanks to the visual impact of the west end—and the more gradual start of McKee Draw for the full point-to-point trail—many choose to start from the east and head west.



 Indeed, if you need a little time to acclimate to elevation, a strong case can be made for starting from the eastern side. At around 8,200 feet, it may come as less of a shock to your system than the approximately 10,800 feet at Leidy or 10,150 at Hayden. But if you’re tackling Highline, the truth is you’ve come prepared, and you’re conditioned for long distance and high elevation. For some, starting at a lower elevation may have little overall effect on the total wear and tear of this lengthy trek.



 

 A high-elevation lake alongside the Highline Trail between Chepeta Lake and Reader Lake 



 The Highline Trail takes you up and down eight mountain passes. They are (east to west) Gabbro, North Pole, Anderson, Tungsten, Porcupine, Red Knob, Dead Horse, and Rocky Sea. These passes are what make this journey something special. From atop the backbone of the High Uintas, you’ll witness one spectacular vista after another.



 Almost all the Highline experience happens on the south slope of the Uintas. The main exception is where the trail takes a brief detour over Dead Horse Pass into the West Fork Blacks Fork drainage. After less than 4 miles, the trail winds its way back to the south slope over Red Knob Pass. There are also a couple of short 1.5-to 2-mile stretches on the east side that cross onto the North Slope. Those are about 10 miles into the trek and where the trail first begins flirting with 10,000 feet above sea level.



 Because much of the Highline Trail is above timberline, plan carefully where to spend your nights. Choose camps with pines for shelter from wind and rain. Low stands of pines are also the safest place to be when lightning is flashing. Speaking of bad weather, allow yourself at least a couple of extra days to complete this hike. You might get holed up for a while waiting for the skies to settle down.



 Camps near water can also help with planning when and where you filter and refill hydration bladders and bottles. If starting from the east, East Park Reservoir and Little Brush Creek beckon a mere 4 miles in because trailside water is comparatively scarce for the 20-mile stretch between East Park and Hacking Lake, which is near the Leidy Peak trailhead to Highline. Inspect and carry larger-scale topographical maps (those with smaller ratios and greater detail) for possible springs and creeks along the way. Fortunately, this stretch of the trail all occurs ahead of the first major mountain pass. After Leidy Peak, water is abundant and there are camp options at Deadman, Whiterocks, Chepeta, Reader, Fox, Kidney, North Star, Dead Horse, Ledge, and Carolyn Lakes, as well as near multiple other basin lakes or creeks.



 

 Highline Trail carves a high-elevation path along the South Slope near the divide, with options to bag a few peaks along the way, including Wilson (center) and Kings (far right). PHOTO BY MATT MCKELL/UTAH DIVISION OF WILDLIFE RESOURCES 



 As for mileage, that can vary wildly due to hiker skill and fitness, terrain, and trail conditions. Average pace may range from 1 to 3 miles per hour, meaning 20-minute miles at the fast end and hour-long miles at the slower end. A 20-mile day at an average of 2 miles per hour means 10 hours of hiking, with a pack, and potentially with one or more mountain passes adding thousands of punishing feet of elevation both up and down. Plan for shorter, stretch hiking goals, and always have a Plan B and C on your map if conditions change or your speed varies, taking into account the needs and pace of others in your group.



 It should go without saying that excellent physical conditioning is a prerequisite for this alpine adventure. The steep, rocky miles will tear at your muscles, and the high mountain passes will take your breath away. But then, so will the scenery.



 

 Red Castle Peak and Red Castle Lakes are jewels of the North Slope. PHOTO BY MATT MCKELL/UTAH DIVISION OF WILDLIFE RESOURCES","The Highline is the most popular trail of the High Uintas Wilderness. From Kamas, take the Mirror Lake Scenic Byway (Highway 150) 34 miles to a large sign on the east side of the road that says “Highline Trail.” This trailhead has a listed capacity of twenty-four vehicles, but there are often considerably more parked here on busy weekends. This crowded trailhead is equipped with toilets, water, stock ramp, and nearby campsites. Highline is Trail 083 for 8 miles in the Uinta-Wasatch-Cache National Forest and Trail 025 for the 96 miles it winds through the Ashley National Forest. 



 The other end of the trail is at McKee Draw off U.S. 191. From Vernal, drive north on 191 (the Flaming Gorge–Uintas Scenic Byway) for 28.8 miles and turn left. About 0.5 mile up the road there is parking and a vault toilet. For the Leidy Peak trailhead, travel from Vernal by way of Taylor Mountain and Red Cloud Loop Scenic Backway toward East Park Reservoir and continue on toward Hacking Lake. You can camp at Hacking Lake or drive up the road another mile to the Leidy Peak trailhead at the eastern end of the Highline Trail. Total distance from Vernal is about 36 miles.


 
 

 

 The view below Nahguch Pass looking east over Porcupine Lake along the Highline Trail’s path through Porcupine Pass, the 12,236-foot route between Wilson Peak and Porcupine Peak. PHOTO BY MATT MCKELL/UTAH DIVISION OF WILDLIFE RESOURCES",\N,Chapter86.xhtml
71,Priord and Norice Lakes,3,East Fork Bear River Area,East Fork Bear River trailhead,16.5 miles out and back,"10,470 feet",11 hours,Moderate,Moderate,"Evanston, Wyoming",Bear River,"Start your journey on the East Fork Bear River Trail, 0.5 mile southeast of the former Hinckley Scout Ranch turnoff. Follow the East Fork Trail 4 miles southeast to the Right Hand–Left Hand Fork Trail junction. Then go south on the Right Hand Fork Trail by crossing the river. There is no bridge here or at additional water crossings. Though not especially deep, spring runoff can make for fast water. The trail deteriorates when traveling through bogs and deadfall. When this occurs, following the stream will take you to Norice Lake. From Norice, the trail becomes difficult to locate. Just head south for 0.5 mile, then west 0.25 mile, and you’ll find Priord Lake.



 Priord sits at the head of the Right Hand Fork drainage. A rugged cirque basin encircles this timberline lake, and the lake itself is a pretty emerald green. Camping areas exist east of the lake, and spring water is present. However, horse pasture and firewood are limited. Windy conditions may hinder fly casting, but the fish should be cooperative, since Priord Lake only receives light fishing use for cutthroat trout.



 Norice is shallow, but despite the depth, this lake contains an excellent population of cutthroat trout. Norice is a meadow lake that is quite boggy in spots. This means one thing: It is a perfect breeding ground for bugs and mosquitoes. Don’t forget your repellent!


 
 

 

 The trail to Priord and Norice 



 Experienced, well-prepared hikers with good wayfinding ability can turn this trail into a loop with Allsop via Yard Pass to the North of Yard Peak (or other low points along the ridge), but be prepared for cross-country travel, a scramble up, and a steep descent.",\N,194–195,Chapter88.xhtml
72,Allsop Lake,3,East Fork Bear River Area,East Fork Bear River trailhead,17 miles out and back,"10,580 feet",11 hours,Moderate—one steep section,Moderate,"Evanston, Wyoming",Bear River,"Start your journey on the East Fork Bear River Trail, 0.5 mile south of the B.S.A. turn-off. Follow the East Fork Trail 4 miles southeast to the Right Hand–Left Hand Fork Trail junction. Turn left (east) up Left Hand Fork. Allsop Lake is 4.5 miles up Left Hand Fork. The Allsop Lake Trail slowly gains altitude as exotic mountain peaks appear through the tops of gangling conifers. Once out of these tall strands of trees, a tantalizing view of The Cathedral and Allsop Basin is sighted just beyond a long stretch of meadows.



 Allsop is a beautiful bluish-green lake nestled within a spectacular talus and timbered, sloped basin. Excellent campsites with superb spring water sources are plentiful at the lake, while horse pasture can be found nearby or downstream. Fishing for cutthroat is often consistent from Allsop’s open shorelines. However, sudden stiff winds may ravage a long-distance cast. Pack some spinners or bait for those unexpected gusts. Other angling prospects can be found in the Left Hand or East Fork of the Bear River.



 The Cathedral will tantalize peak baggers with its chiseled peak rising to the northwest of Allsop Lake. It stretches high over the tree line to 12,224 feet. As with most peaks in the Uintas, you’ll not find a designated trail, just the usual assemblage of rock slabs, scree, and talus. For experienced hikers, non-technical ascents may be possible from the northeast shoulder or the south from the ridge between Allsop and Priord. Likewise, the nearby 12,706-foot Yard Peak will present fields of potentially unstable boulders to hop, but is also a non-technical climb.",\N,194–195,Chapter89.xhtml
73,Bald Lake,3,East Fork Blacks Fork Area,East Fork Blacks Fork trailhead,10 miles out and back,"11,030 feet",7 hours,"Difficult—some steep, cross-country travel",Light,"Mountain View, Wyoming",Smiths Fork,"This hike begins from East Fork Blacks Fork and takes a 0.5-mile connector trail to the Bear River, or 0.5 mile might be shaved by starting on the Bear River Smiths Fork trail (Cache trailhead) where it crosses Road 065—but there’s no bridge across the river. Over the course of 1.4 miles, Bear River Smiths Fork takes a few large switchbacks right up the slope gaining around 1,000 feet in elevation before leveling at the boundary to the High Uintas Wilderness. Here, the trail becomes the North Slope Highline Trail. At 2.5 miles, a right fork follows the lightly trafficked Bald Mountain Trail (the long route to Red Castle Lake), but you should continue straight for 2.3 miles to the junction with the West Fork Smiths Fork Trail. At this point, you may be able to roughly follow a stream cross-country, southwest 1.5 miles to Bald Lake. Keep your map, GPS, and insect repellent handy, and be prepared to cross marshy areas.



 No other lakes exist in the vicinity; Bald Lake is alone. Chances are you will be too if you choose this hike. Here’s a great place to spend the weekend and beat the crowds (aside from the crowds of mosquitos earlier in the season). Relax, breathe deep, and enjoy it.",\N,"201, 204",Chapter91.xhtml
74,East Fork Blacks Fork,3,East Fork Blacks Fork Area,East Fork Blacks Fork trailhead,20 to 28 miles out and back (with longer loop options),"12,200 feet",14 hours,Moderate to difficult—several river crossings,Light,"Evanston, Wyoming",East Fork Blacks Fork,"East Fork has no lakes. The main purpose of this drainage is as a route for hikers making the 50-mile trek from the Highline trailhead or the 26-mile loop trail that ventures around Mount Lovenia, the Upper Lake Fork drainage, and then back through Little East Fork. The trail begins at the footbridge northeast of the East Fork Campground. From the bridge, follow a well-used trail 1 mile south to another footbridge that crosses over the Little East Fork River. Just beyond the bridge, the trail forks to the right and to the left. Both trails take off to the south, then connect again in the upper portion of the Lake Fork drainage. From the fork, it is 10 miles to Red Knob Pass.



 Scenery in the East Fork Blacks Fork is spectacular. Mount Lovenia and other high peaks surround the narrow, ridged canyons, which sometimes stay snowcapped year-round. Beautiful lodgepole pines cover the valley floor, while prolonged rivers ease through the misty meadows. Scenic campsites can be found along the trail, and firewood is plentiful for the overnight camper.



 Occasionally, moose can be spotted grazing in the open meadows. It is a good idea to keep your distance from these animals. Moose are sometimes intrepid and may attack.


 
 

 If a destination is a must for your journey (and you’re late enough in the season to find Red Knob Pass free of snow), you do have some options. The east-to-west Highline Trail joins up at Red Knob Pass. At a saddle below Red Knob Pass around 11.5 miles from the trailhead, the 12,108-foot Red Knob Peak is just under 0.5 mile. It’s also 3.5 miles to Dead Horse Lake (a stunning lake typically accessed on the 16-mile, round-trip trail West Fork Blacks Fork), which means—you guessed it—another loop is possible if you have around 38 miles in you.



 

 Fishing the East Fork of the Blacks Fork with a view of Quandary Peak. PHOTO BY MATT MCKELL/UTAH DIVISION OF WILDLIFE RESOURCES 



 

 A cabin left behind from the turn-of-the-century “tie-hack” era—laborers for the railroad producing ties from timber by hand. PHOTO BY MATT MCKELL/UTAH DIVISION OF WILDLIFE RESOURCES",\N,"201, 204",Chapter92.xhtml
75,Little East Fork,3,East Fork Blacks Fork Area,East Fork Blacks Fork trailhead,12 to 20 miles out and back,\N,8 to 14 hours,Moderate,Light,"Evanston, Wyoming",East Fork Blacks Fork,"The trail forks about 1.3 mile from the East Fork Blacks Fork trailhead, where the East Fork and the Little East Fork come together. Follow the trail to the left (southeast). From this point it’s 4 miles to where you might turn to G–66 and G–65. Go another 1.5 miles to the creek coming from G–67 and G–68. Go another 1.5 miles to the creek from G–84 and G–69. It is about 2.3 miles to Nahguch Pass from there.



 G–66 is the most logical choice to establish a base camp. There are several campsites, and spring water can be found. It is also the first lake you will encounter. You will need GPS and a topographical map and compass to find G–66, or any of these lakes.



 The lakes still carry numbers as names to most hikers, but they have also taken on names over the years according to forest service officials. They are G-65 (Jarrod Lake), G-66 (Lake Nikki), G-67 (Lake Kelli), G-68 (Lake Kimberly), and G-69 (Chad Lake).



 Fishing opportunities may be great, or they may be lousy. Stocking schedules are irregular, and winterkill could take its toll, but the fishing may still be excellent at times. There are several of these small lakes within a few miles of one another. A good horse can make its way around up here, but there isn’t much pasture—camp by the lower meadows.



 The Little East Fork Trail serves as the main sheep thoroughfare for the upper portions of the Lake Fork drainage. If you take either route after mid-July, be prepared to encounter flocks of sheep. Take precautions where drinking water is concerned.",\N,"201, 204",Chapter93.xhtml
76,Hessie Lake,3,China Meadows Trailhead,China Meadows trailhead,11.5 miles out and back,"10,620 feet",7.5 hours,Moderate,Heavy,"Mountain View, Wyoming",Smiths Fork,"Hessie Lake is accessed via the China Meadows trailhead. PHOTO BY MATT MCKELL/UTAH DIVISION OF WILDLIFE RESOURCES 



 This heavily timbered lake lies at the base of a rocky point in the East Fork of Smiths Fork drainage. Access starts at the south side of China Meadows Campground. Take the East Fork trail 3.5 miles south to the Henrys Fork Trail junction. Then head east toward Henrys Fork 2 miles to the Hessie Lake turnoff. Travel another 0.25 mile west and you’ll be at Hessie Lake. Though there are some boardwalks, be prepared for marsh and river crossings—and 800 feet of elevation gain over the last 2 miles after leaving behind the popular Red Castle trail.



 A couple of other lakes in the proximity of Hessie are G–60 and G–61. These lakes are easily located by following their outlet stream that crosses the trail just east of the Hessie Lake turnoff. G–60 is the first lake you’ll run into. This small meadow lake is situated at the base of a timbered ridge. Excellent campsites can be found near the lake, and plenty of horse pasture and spring water are available. Light to moderate fishing pressure is sustained by stocked brook trout.



 Find G–61 by following the inlet of G–60 up a steep, timbered ridge 0.125 mile to the south. This shallow lake sits in partially timbered terrain at the base of Flat Top Mountain. Camping areas are present, and lots of horse pasture can be found in the large park to the west and north. Spring water is limited, especially in the late summer months. G–61 is subject to winterkill, but it has been experimentally stocked with brook trout anyway. You might want to give it a try. This lake receives little angling use, which means it could produce a big thrill.",\N,209–210,Chapter95.xhtml
77,Red Castle Lakes,3,China Meadows Trailhead,China Meadows trailhead,24 miles out and back,"11,295 feet",14 hours,Moderate—one steep section,Moderate,"Mountain View, Wyoming",Smiths Fork,"From China Meadows trailhead, the trail follows the East Fork Smiths Fork River south 3.5 miles to the Henrys Fork Trail junction. Continue southwest 0.7 mile to another junction. Stay left, following the river. In about 1.8 miles the trail crosses a tributary of the creek and encounters another junction 0.5 mile farther on. Stay left and go 0.8 mile to another trail junction. Go right for 0.6 mile to a short set of switchbacks, then continue another 0.6 mile. At the next trail junction stay left and go 0.6 mile to Lower Red Castle Lake.



 Lower Red Castle is a popular scenic lake resting in a large alpine meadow. Camping and fishing pressure are extremely heavy here too, but good campsites are available. Fires are prohibited at Lower Red Castle Lake.



 Red Castle Lake is another 2.9 miles from Lower Red Castle Lake with a sharp gain in elevation on the last mile.



 Campsites are nonexistent near the lake but can be found, along with running water, at the timbered area to the north. Other areas are exposed and can be hammered by wind. Angling and camping usage is excessively heavy on weekends, and fishing is considered only fair for pan-size cutthroat. Because of the size, depth, and popularity of this lake, an inflatable raft may increase the number and size of fish in your creel. If inflatables are used, use extreme caution. Red Castle is subject to sudden high winds and rapid weather changes. Life jackets are essential!



 Upper Red Castle is in a rugged cirque basin, just 0.125 mile south of Red Castle. This lake is known as a poor fishery, but occasionally a large cutthroat trout is netted. No camping areas exist in this windy basin, but spring water is abundant.



 East Red Castle is in a steep-walled basin at the east base of Red Castle Peak. Ice-cold spring water for filtering can be acquired from several different sources, but campsites, firewood, and horse pasture are not readily available. However, there are several good camping areas in the timbered areas to the northeast, along with a generous supply of horse pasture. You can easily reach East Red Castle from the inlet of Lower Red Castle Lake by picking your way up a steep hill to the east, then around the mountain.



 This lake receives moderate fishing pressure for large but wary cutthroat trout. Try a #16 red or black ant at sundown. If the weather is foul, which happens a lot up here, tie on a small silver spinner. It’s okay to fish in the rain if you can stay dry, but if lightning starts, head for shelter.



 

 East Red Castle Lake sits at the base of Red Castle Peak. PHOTO BY MATT MCKELL/UTAH DIVISION OF WILDLIFE RESOURCES 



 Smiths Fork Pass Lake is said to have better angling. This lake is noted for its open terrain and irregular shorelines that make fly casting a pleasure. Due to the nature of this country, prospects for campsites and firewood are poor. Good camping areas and shelter are located in the wooded areas to the north, and spring water is present around the lake. This lake is next to the trail in a large cirque basin, 11 miles from either China Meadows or the East Fork Blacks Fork Campground.


 
 

 

 Red Castle is one of the most distinct landmarks in the Uinta Mountain range and certainly one of the most photogenic. PHOTO BY MATT MCKELL/UTAH DIVISION OF WILDLIFE RESOURCES 



 Compared with most trails in the High Uintas, the East Fork Smiths Fork Trail is like a freeway. It is well tread, and aging bridges are built over every major river crossing. But don’t let these statements fool you. After a hard rain, horses and cows riddle the trail with tracks of slippery, slimy mud holes. And though the destination is among the prettiest in the Uintas, mountain pine bark beetles have taken a serious toll on the forest along the route.",\N,209–210,Chapter96.xhtml
78,Alligator Lake,3,Henrys Fork Trailhead,Henrys Fork trailhead,5.9 miles out and back,"10,033 feet",4 hours,Easy,Heavy,"Mountain View, Wyoming",Henrys Fork,"To reach Alligator Lake, follow the Henrys Fork Trail 2.4 miles to a spur trail that parallels the lake’s outlet. Good to excellent camping areas exist all around the lake, and angling is considered decent for pan-size brookies. The best fishing should take place along the north side. The south side is relatively shallow for some distance out.



 There are also four or five campsites with tables, toilets, and fireplaces at the trailhead. Plenty of parking is available for hikers and equestrians, and a good road will ease you into the location. If you’re able to grab a site (first come, first served), Alligator Lake would make a nice day excursion for kids while the old folks just lie back and enjoy a nap.",\N,"210, 216",Chapter98.xhtml
79,Bear Lake,3,Henrys Fork Trailhead,Henrys Fork trailhead,13.5 miles out and back,"10,767 feet",8 hours,Moderate,Moderate,"Mountain View, Wyoming",Henrys Fork,"To reach Bear Lake, simply follow the Henrys Fork Trail about 5.4 miles to Elkhorn Crossing. There a sign will direct you west along the North Side/Slope Highline Trail into Henrys Fork Basin. Just stick with the trail, which passes right next to Bear Lake.



 As always, bring some means of water purification, even when drinking spring water, which can be found to the east 0.25 mile at Sawmill Lake. Horses won’t find a lot to eat around these parts, so if you have pack animals, keep going up the trail.



 There are numerous existing campsites at Bear Lake. Please don’t build any more. As with any heavily used area, use low-impact camping techniques, and lend a hand gathering any leftover litter.



 Bear and Sawmill Lakes have good populations of brook trout that provide fast fishing at times. These deep lakes can be fished successfully with either fly or spinner. Just keep your offerings small and work them slowly. You’ll catch fish. For a change of pace, try the little creek connecting the two lakes. But practice your stealth. If these wild trout see or hear you, you won’t see them.



 

 An evening at Bear Lake can produce some beautiful sunsets.",\N,"210, 216",Chapter99.xhtml
80,Henrys Fork Lake,3,Henrys Fork Trailhead,Henrys Fork trailhead,15.5 to 18 miles out and back or partial loop,"10,830 feet",10 to 11 hours,Moderate,Heavy,"Mountain View, Wyoming",Henrys Fork,"Henrys Fork features an excellent forest service trail that has a gradual climb. However, this trail is not too scenic and seems long until you arrive at Elkhorn Crossing, 5.4 miles from the trailhead. From here, many hikers opt for the loop trail into Henrys Fork Basin, passing by Bear Lake, Grass Lake, and Island Lake before running into the western shore of Henrys Fork after 4 miles of hiking. (It’s only slightly longer to loop around to Dollar Lake for the return hike.) Or from Elkhorn Crossing, the trail heads south across the river and through the basin. Watch for cairns to mark the way. These rock piles are spaced along the trail to Gunsight Pass and beyond. Kings Peak is located on the other side of the pass and is the highest point in Utah (elevation 13,528 feet). After about 2 miles, at Dollar Lake turn southwest and go 0.5 mile cross-country to Henrys Fork Lake.



 Henrys Fork Lake offers the best accommodations for a base camp. It has several excellent campsites along the east shore and ample running water flowing into and out of the lake. With the exception of Cliff, Castle, and Blanchard, all other lakes in this basin afford good camping areas and shelter.



 Fishing can be unpredictable at most lakes and streams in the area. If there is no action at one lake, move to another. There are many to choose from that are increasingly distant and experience little visitation. The best angling might happen at Cliff Lake. For access, follow the inlet of Henrys Fork 1 mile south to Blanchard Lake, then follow the inlet of Blanchard another mile south to Cliff. After you pass Blanchard, the terrain is composed of rocky shelves and small waterfalls.



 

 Diverging trails at Elkhorn Crossing. Take the trail to Bear Lake to reach Henrys Fork.",\N,"210, 216",Chapter100.xhtml
81,Kings Peak,3,Henrys Fork Trailhead,Henrys Fork trailhead,25 to 27.1 miles out and back,"13,528 feet",Variable,"Difficult—steep sections, rocky",Heavy,"Mountain View, Wyoming",Henrys Fork,"Admit it. You’ve had your eye on this one ever since you heard about it. Maybe that was when National Geographic named it one of the best hikes in the world a few years ago. If you’re an inexperienced hiker, though, it’s probably best to look elsewhere first and work your way up to this one. Its 4,100 feet in elevation gain, unpredictable weather in the form of afternoon thunderstorms, mosquitos, and rocky scrambles to the summit are not to be taken lightly. But if you have some miles behind you, have checked current conditions, and are prepared for the journey, let’s get it done.



 Depending on your timing and hiking speed, you could get an early start and make a long day of it: Plan on around 12 to 14 hours. Many opt to backpack in and include an overnight or two with a base camp at Dollar Lake (the most popular choice, aka potentially the least serene), Henrys Lake, or below Gunsight Pass. Thankfully, there are plenty of water sources you can filter and treat along the route, and, because of its popularity, the trail is mostly easy to follow until the unmarked rocky scramble up loose rocks to the top.



 It all starts at Henrys Fork trailhead at around 9,420 feet. There’s a gentle incline through some trees before reaching a low bridge at 2.4 miles. The right fork follows the creek up to Alligator Lake. Continue straight. At 5.4 miles there’s a major intersection called Elkhorn Crossing. The first fork west heads into Henrys Fork Basin while the next fork east heads to Beaver Creek. You have the option to turn into Henrys Fork Basin to establish a base camp in a lower traffic area or proceed south along the well-tread trail through a beautiful meadow toward Dollar Lake, at the 7.4 mile-marker. Utah’s third-highest mountain, Gilbert Peak, is due east of Dollar, and peak baggers can find a route there starting just south of the lake. It’s one more mile to the junction with the return loop from Henrys Fork Basin.



 

 The Henrys Fork trail ascends Gunsight Pass to reach Kings Peak, and the top of Utah, at center. PHOTO BY MATT MCKELL/UTAH DIVISION OF WILDLIFE RESOURCES 



 Continuing southeast, the trail begins to ascend more noticeably for about a mile before a quick set of switchbacks up to Gunsight Pass at 11,852 feet and 10.2 miles in. At the pass, the primary trail drops down approximately 400 feet in elevation into Painter Basin where it meets up with the Highline Trail, then turns west and begins the steep ascent toward Kings Peak. Some hikers opt to take one of a couple feasible Gunsight/Dome Peak Cutoff routes from Gunsight Pass, following a path up the right side of the ridge requiring some rocky scrambling before meeting up with Highline after 1.1 to 1.4 miles. From there, all hikers share the last mile or so to the top of Kings Peak, in all its rocky glory. Unless you’re racing a storm, plan some time to sit and take in the views. Note that some years snow can linger at higher elevations deep into July, possibly necessitating the use of traction devices on your hiking boots and other gear.



 

 Many years, snow will linger on mountain peaks of the High Uintas deep into July. Check conditions and hike prepared.",\N,"210, 216",Chapter101.xhtml
82,West Fork Beaver Creek to Gilbert Lake,3,\N,West Fork Beaver Creek,17.4 miles out and back,"10,905 feet",10.5 hours,Moderate,Moderate,"Mountain View, Wyoming",Beaver Creek,"From the trailhead, the trail heads southwest. You’ll enter designated Wilderness at around 4.5 miles. At 5.7 miles, there is signage for the North Slope Highline and Middle Beaver. Turn left, cross the river, then head south following the signs toward Gilbert Lake, down the West Fork Beaver Trail. Gilbert Lake is 3 miles up the valley over fairly gentle terrain.


 
 

 Equestrians are attracted to this area too. Horse pasture is plentiful around the lush meadows, and flowing water is everywhere. Campsites are well suited to horse travelers


 
 

 

 It’s a short, but considerably rough, road to the West Fork Beaver Creek trailhead. 



 who want to set up a large base camp. The best camping is found on the south side of Gilbert Lake or in the trees just north of GR–151. Because of the moist nature of the area, mosquitoes are often a problem. Plan your trip late in the summer, and always bring along lots of repellent and cover up.



 Although Gilbert Lake can offer fine fishing, check out some of the other lakes nearby. They are probably just as good, and maybe even better. South of Gilbert Lake lie GR–151, GR–152, and GR–153. These lakes and their connecting streams are stuffed with fish that seldom see an artificial lure. As with most other lakes in the High Uintas, great fishing is never guaranteed. If the lakes are not producing, then check out the streams. They can be hot when the lakes are not.



 The trail to Gilbert Lake is sometimes hit-or-miss and there might be a lot of deadfall obscuring the route, so check your map and compass often. There are several wet areas along the route, and a good riding horse or waterproof boots can serve you well to keep your feet dry. There is also a moderately difficult (steep, time-consuming, and rocky!) 3-mile route up Gilbert Peak from Gilbert Lake.



 

 A brook trout from the Beaver Creek drainage. PHOTO BY MATT MCKELL/UTAH DIVISION OF WILDLIFE RESOURCES","From Mountain View, take Wyoming State Highway 414 southeast of Mountain View for 21.5 miles. At Lonetree, turn right onto CR 290, then left onto CR 291. After 5 miles, turn right on FR 078 and travel for 3 miles. Turn right on FR 082 and drive 1.7 miles. Turn right to stay on FR 082 and continue for 3.4 miles to a turn, signed for West Fork Beaver Creek, and continue approximately 0.5 mile to the trail-head. High clearance may be necessary near the end of the route, especially if it has been raining. There are eight parking spaces. GPS or the USDA Forest Service map is helpful for finding this one.",\N,Chapter102.xhtml
83,Middle Beaver Creek to Beaver Lake,3,\N,Middle Beaver Creek trailhead,13.6 miles out and back,"10,505 feet",9 hours,Moderate,Heavy,"Mountain View, Wyoming",Beaver Creek,"Beaver Lake is located in the Middle Fork of Beaver Creek drainage. From Middle Beaver Creek trailhead, the trail heads southwest. There’s a sharp gain in elevation and a switchback around 0.8 mile and then some rolling terrain as the trail winds south and west across rocky creek crossings and an open meadow (whose trail might be muddled and horse-trampled) for 4 miles. At the next junction, stay to left and go another 1.5 miles to the lake.


 
 

 Just southwest of Beaver lies Coffin Lake. Coffin gets its name from its oblong shape and small shelves surrounding the water. No trail exists to the lake, but you can find it by following the inlet of Beaver 0.75 mile south then west to the base of some steep talus slopes. Rough and rocky describes the wilderness around this lake. Horse travel is quite difficult, and camping areas are a poor prospect. On the bright side, angling usage is light for unsophisticated cutthroat trout.



 

 Stunning views of the Middle Fork of the Beaver Creek Drainage are a reward for hiking off trail to Coffin Lake. PHOTO BY MATT MCKELL/UTAH DIVISION OF WILDLIFE RESOURCES 



 Other lakes you might happen upon in the Beaver Lake Basin are Hidden and Dine. Hidden Lake lies 0.5 mile north of Long Meadow. There is no trail, but access is not difficult. Anglers and backpackers alike often pass up this lake. There is no spring water here, but there are several good camping areas near the inlet.



 Discover Dine Lake by following the inlet of Hidden Lake 1 mile southwest, or 0.5 mile west of Long Meadow. This lake is surrounded by rocky, timbered terrain and has a talus slope bordering the water on the southwest. Due to the rugged nature of this country, only mediocre campsites are available. There is no horse pasture in the vicinity, but there’s plenty of spring water. Although Dine Lake has been stocked throughout the years, it will sometimes experience winterkill during harsh winters.","Take Wyoming State Highway 414 southeast of Mountain View for 21.5 miles. At Lonetree, turn right onto CR 290, then left onto CR 291. After 5 miles, turn right on FR 078 and travel 3 miles. Turn right on FR 082 and drive 1.7 miles. Turn right on FR 164 and follow for approximately 1.5 miles past Georges Park picnic area to the Middle Beaver Creek trailhead. High clearance may be necessary near the end of the route, especially if it has been raining. There are ten parking spots.",227,Chapter103.xhtml
84,Kabell Lakes,3,Hoop Lake Trailhead,Hoop Lake trailhead,10.4 miles out and back,"10,348 feet",7 hours,Easy to moderate,Moderate,"Mountain View, Wyoming",Burnt Fork,"To get to Kabell Lakes, follow the trail from Hoop Lake to the south of Hoop Lake approximately 4 miles through Kabell Meadows, near where you’ll officially enter the High Uintas Wilderness. At the upper portion of the meadows, the trail forks to the south and southwest. From here, take the trail south a couple hundred yards up Kabell Ridge. A side trail then takes off to the southwest, ending at Kabell Lakes in about 0.8



 Angler usage is moderate for pan-size cutthroat trout. No decent camping areas are located in the lake vicinity, but a few wannabes with horse pasture exist along the outlet in the meadows to the north. There is spring water on the south side of the lake. You could see a lot of great country, eat lunch at the lake, fish a little, and be back at the campground before dark.



 

 Signage at the trailhead to Kabell and Island Lake trails",\N,231–232,Chapter105.xhtml
85,Island Lake,3,Hoop Lake Trailhead,Hoop Lake trailhead,15.5 miles out and back,"10,777 feet",10 hours,Moderate,Heavy,"Mountain View, Wyoming",Burnt Fork,"From Hoop Lake, the trail climbs southwest up a steep incline then over the more gradual slope of Burnt Ridge 3.5 miles to a trail junction. The trail to the right goes to Beaver Lake. Stay left, descending to Thompson Creek. The trail follows the stream briefly, then crosses it and comes to a trail crossing about 1.8 miles from the last junction. Continue straight across the other trail and climb up and over Kabell Ridge 1.5 miles to another junction with the trail descending into Burnt Creek. Turn right (south) and go 1 mile to the lake. (Another route continues past the turnoff to Kabell Lakes in chapter 84 . Hike 1.3 miles to Highline North Slope and head west 2.2 miles.)



 Island is a large alpine lake located in the southwest corner of the Burnt Fork drainage. It receives fairly heavy usage. Excellent campsites exist around the lake; treatable spring water is located along the south shore. Angling is often good for brook and cutthroat trout using small flies or spinners. Throughout the summer, Island Lake experiences a gradual drawdown, as irrigation water is needed downstream.



 The farther you get from Island Lake, the better the solitude. Round Lake receives moderate pressure yet features excellent campsites, horse pasture, and spring water.



 Snow Lake is impossible for horse travel, which makes fishing pressure for cutthroat trout all the lighter, but camping areas are nonexistent.



 Whitewall and the Bennion Lakes can be worth a visit. They receive light angling use for brook and cutthroat trout. Several springs and campsites with plenty of horse pasture can be found on the west side of Whitewall Lake. Access from Island Lake is west through a large meadow, then up a timbered slope. Get your map and compass out. The best fishing should be at Lower Bennion.",\N,231–232,Chapter106.xhtml
86,Tamarack Lake,3,Spirit Lake Trailhead,Spirit Lake trailhead,2.8 miles out and back,"10,429 feet",2 hours,Easy,Heavy,"Mountain View, Wyoming",Sheep Creek,"From Spirit Lake, the trail heads southwest for 0.6 mile to the creek then turns northwest for 0.8 mile to the lake. Sections of the trail are very rocky and require extra care to avoid twisted ankles or bruises, but the relatively short distance and multiple lake options will keep all hikers engaged. Just remember: Even though it’s only 200 feet of elevation gain, this hike starts above 10,000 feet. Take it slow and drink plenty of water.



 Tamarack is the biggest body of water in the Sheep Creek drainage. Although it receives heavy usage, brook and a few cutthroat trout are maintained by stocking and natural reproduction. The best campsites are on the east side. Perhaps the best campsite is located just a hundred yards south down the trail where it splits off and heads south toward the lake. This site can accommodate a large group. Spring water seeps up along the south shoreline, and horse pasture is present to the east.



 Just southeast of Tamarack lies Jessen Lake. Both are about the same type of lake, except Jessen is half the size and has no real campsites. It sits right next to the trail in rocky, timbered country.



 If these lakes contain too many people for your taste, try Lost Lake. Get there by following the outlet of Tamarack Lake 0.5 mile northeast. Lost Lake has several campsites to choose from, and angling usage remains relatively light. Lost Lake is more or less a shallow pond, but good water exchange enables cutthroat trout to survive the winter.



 There are no campsites or springs 0.25 mile north at Hidden Lake, but hikers and anglers will likely find solitude there.



 Judy Lake, perched upon a rocky and timbered bench within a scenic alpine basin, can provide fantastic brook trout angling. Follow a steep ridge up the southeast side of Tamarack, then head southwest. Fish a spinner down deep and get ready for some hard-hitting action. Gail Lake may also produce good opportunities. It receives little attention and is deep enough to support a fair supply of cutthroat trout.



 

 Signage announces your arrival at Tamarack Lake, a short, but rocky hike from Spirit Lake.",\N,235–236,Chapter108.xhtml
87,Fish Lake,3,Spirit Lake Trailhead,Spirit Lake trailhead,11.2 miles out and back,"10,880 feet",6.5 hours,"Moderate—one steep section, some cross-country",Light,"Mountain View, Wyoming",Sheep Creek,"Continuing along Tamarack Lake (see trail description above), the trail hits a set of steep, though reasonably short switchbacks that account for around 300 feet in elevation gain. While watching your step for jagged rocks in the trail, look for wildflowers along this forested section and take breaks as needed to acclimate to the elevation gain. The views back down over Tamarack are worth the pause.



 The route (also known as the North Fork Sheep Creek Trail) eventually breaks clear of the conifers into a wide-open meadow at more than 10,800 feet above sea level. Here, the 12,722-foot South Burro and 12,676-foot North Burro peaks stand guard several miles to the north. Be careful as you cross the meadow taking in these surroundings: It is tempting to follow the odd screen of trees or continue along a path when you’ll need to sweep the horizon for the next trail marker. Luckily, some of the cairns along Sheep Creek and the subsequent North Slope–Highline “B” Trail are monumental: human-sized stacks of stones built by hand. Oh, and around 3 miles in you’ll hit the sign marked “High Uintas Wilderness.” Don’t be surprised if an elk or two cross your path.



 The last leg of the journey is about 1 mile bearing south into a patch of forest where, after some winding through deadfall and broken trail segments, you’ll arrive at the extreme west end of Fish Lake. Drop your pack and take a break: you’ve earned it.



 

 It’s difficult not to take time to throw a few casts into a lake called “Fish,” but this remote lake in the Wilderness will be a welcome site to all.",\N,235–236,Chapter109.xhtml
88,Daggett Lake,3,Spirit Lake Trailhead,Spirit Lake trailhead,5.6 to 6.9 miles out and back,"10,462 feet",4.5 hours,Moderate—some steep sections,Heavy,"Mountain View, Wyoming",Sheep Creek,"The trail winds around swampy water holes, and a large meadow sits just south of the lake—prime habitat for a large assortment of mosquitoes and other bugs. To limit your exposure to these pesky critters, plan your trip after mid-August. By this time, hailstorms and other elements have diminished the insects’ numbers.



 Access to Daggett begins on the east side of Spirit Lake. Follow the well-groomed Browne–Spirit Lake Trail to the northeast to a switchback at around 0.6 mile. Continue south then east for about 1.7 miles to a junction. From here, the trail drops 400 feet down rocky switchbacks and to one of the outlets of Daggett Lake. Proceed along the outlet another 0.75 mile through a couple of boggy meadows and up a boulder ravine. Another, slightly shorter, route still shows on some maps departing from the trailhead and climbing 1 mile east up a steep slope and across Fool Hen Park before meeting up with the junction.



 Daggett Lake plays host to a number of campsites along the northwest shore. Horse pasture is available in a meadow to the north, but spring water is hard to come by. This pretty lake receives moderate to heavy usage. Please help keep it clean.



 

 Climbing the trail from Spirit to Daggett Lake",\N,235–236,Chapter110.xhtml
89,Anson Lakes,3,Spirit Lake Trailhead,Spirit Lake trailhead,16 miles out and back,"10,575 feet",9 hours,Moderate—some steep sections,Moderate,"Mountain View, Wyoming",Sheep Creek,"From the east side of Spirit Lake, follow the well-groomed Browne–Spirit Lake Trail to the northeast to a switchback at around 0.6 mile. Continue south then east for about 1.7 miles to a junction. Turn left and continue 0.3 mile to another junction. Stay right and descend a few hundred feet over 2 miles into South Fork Sheep Creek. After the second creek crossing, the trail climbs then levels off. About 2 miles from the creek crossing, turn right, heading south 1 mile to Anson Lakes.



 The first lake you’ll arrive at is Lower Anson. Upper Anson Lake is just a little farther. Follow a scant trail 0.25 mile south as it parallels the east side of the inlet to Lower Anson. Both lakes are in rugged and rocky terrain. There is one small camp on the south end of Lower Anson, but the best campsite is located a couple of hundred yards above Lower Anson Lake near the creek.



 Fishing should be pretty good if the water is clear. Anson Lakes can get murky during rainy years. Natural reproduction keeps the brook trout population up. In fact, sometimes there are too many trout and they become stunted.



 Leave your horses behind at Anson Lakes when traveling into the Weyman Lakes area. Treacherous terrain makes horses impractical. Expect the best fishing at either Clear or Hidden Lake, although Hidden will likely be murky if Anson Lakes are. Clear Lake is always clear and has some fat trout. Though angling can be slow, Candy Lake offers some big and tasty trout.",\N,235–236,Chapter111.xhtml
90,Brown Lake Area (Lamb Lakes or Potter),3,\N,Browne Lake,13 miles out and back,"10,350 feet",8 hours,Difficult,Light,"Mountain View, Wyoming",Carter Creek,"From the 017 trailhead, the trail traces a meadow and crosses fields where it’s easy to lose site of the route. At a junction 2.5 miles in, turn left heading south toward Sheep Creek Canal through another grassy meadow. There’s a bridge crossing the canal before continuing another 2 miles to a creek crossing on West Fork. (Another westbound trail branches to the right just ahead of the creek, so keep left.) After crossing the creek, it’s


 
 

 

 The Browne Lake area features multiple trails for people on foot, horseback, or in ATVs. 



 around 2.5 miles to either Potter Lake or the Lamb Lakes area. The trail climbs the slopes toward the top of the ridge for about 1 mile. The route to Potter Lake branches left. Or, before reaching tree line, turn right off the trail and contour 1 mile to Lamb Lakes.



 Though the landscape is rugged, backpackers will find suitable camping areas on the east side of Potter. The lake and East Fork Carter Creek areas (including Lower Tepee Lake) were treated by wildlife resources in recent years to remove non-native fish in an effort to establish native cutthroat trout.



 Lamb Lakes can provide prime angling. However, fishing is unpredictable. Although these lakes receive little pressure, most have a history of winterkill during long, hard winters. In the summer months, there’s an excellent elk population here. Signs of elk are everywhere, but actual sightings of these animals are rare. One sniff, sound, or sight of a human, and the only evidence of their existence will be the sound of hooves pounding through the trees.



 Several lakes occupy Lamb Lakes Basin: Bummer, Mutton, Lamb, Ram, Ewe, GR–20, and GR–21. All these lakes are in rough and rocky, timbered country, and campsites are few and far between. Except for the Bummer Lake area, treatable spring water can be found at all the lakes.



 To reach Mutton Lake, follow the inlet of Bummer Lake 0.5 mile south. This lake plays host to the best camping areas in Lamb Lakes Basin. Fishing pressure is considered light for stocked brook trout.



 Lamb Lake is next to a steep rocky slope 1 mile west of Bummer. There is no trail, and the going gets rough when crossing over rocks and dead timber. This lake may also experience winterkill during harsh winters. For better angling possibilities, try Ram Lake. It is a little deeper and is fed by a fresh supply of spring water for filtering. Ram Lake is just 1 mile southwest of Bummer Lake.



 Ewe Lake is a fishless pond sitting at the base of a talus slope 1 mile west of Bummer over very rough terrain Get out and see this remote wilderness. Few people do.



 Note: A 3.6-mile, round-trip trail near Browne Lake dam climbs Ute Mountain to the historic Ute Mountain Fire Tower National Historic Site (though the site is also accessible by car). Near the dam, the Old Carter Military Trail is a 35.6-mile route popular for off-highway vehicle (OHV) travel. It’s worth hiking up 2 or 3 miles to get a sense of difficulty of travel through the rugged Uinta mountains from when the trail was built by the U.S. Army in the 1880s. Parts of it are challenging even for modern ATVs!","From Mountain View, take Wyoming Highway 414 east then south about 20 miles to Lonetree. After about 10 miles east on Highway 414 is a three-way junction that provides access to Spirit and Browne Lakes. At this junction, take the south dirt Road 221 13 miles to a junction with a posted sign. Browne Lake is 8 miles east on Road 221. 



 Campsites, toilets, and water are located at Browne Lake, along with three different trailheads. Make sure to start on the correct trailhead (017).",\N,Chapter112.xhtml
